ticker,company_name,exchange,security_types,sector,market_cap_usd,total_revenue_usd,annual_revenue_growth_pct,net_income_usd,free_cash_flow_usd,cash_and_short_term_investments_usd,total_debt_usd,daily_dollar_volume_usd
NVDA,NVIDIA Corporation,NASDAQ,common,Electronic Technology,5422978000000,215938000000,65.4735357900948,120067000000,119076000000,,12814000000,24343180622.03
AAPL,Apple Inc.,NASDAQ,common,Electronic Technology,4411090863525.998,416161000000,6.425511782832739,112010000000,136683000000,,84344000000,12575794335
GOOG,Alphabet Inc.,NASDAQ,common,Technology Services,4192537569020.167,402962000000,15.195522102187779,132170000000,53273000000,,117348446000,5332963965.7
MSFT,Microsoft Corporation,NASDAQ,common,Technology Services,3656561308603.913,331839000000,17.78868679984666,133749000000,66987000000,,128813000000,14249843808.58
AMZN,"Amazon.com, Inc.",NASDAQ,common,Retail Trade,2882966010700.7456,716924000000,12.377754683294695,77670000000,-11625000000,,241995000000,7994260339.5199995
AVGO,Broadcom Inc.,NASDAQ,common,Electronic Technology,1979391127625.2622,63887000000,23.874432853763526,23126000000,32762000000,,64907000000,6592525267.6
SPCX,Space Exploration Technologies Corp,NASDAQ,common,Communications,1926517010943.111,18674000000,33.24295397788084,-4937000000,,,39708000000,24373584719.15
META,"Meta Platforms, Inc.",NASDAQ,common,Technology Services,1474623913629.3137,200966000000,22.16703849824621,60458000000,40976000000,,112318000000,9347674995
TSLA,"Tesla, Inc.",NASDAQ,common,Consumer Durables,1293516327418.214,94827000000,-2.9306991503736306,3794000000,5762000000,,16080000000,9380888908.11
LLY,Eli Lilly and Company,NYSE,common,Health Technology,1148719206351.389,65179000000,44.70491333778837,20640000000,18190100000,,54908000000,2368540294.68
MU,"Micron Technology, Inc.",NASDAQ,common,Electronic Technology,1029204630630.4763,37378000000,48.85110111106686,8539000000,26172000000,,6376000000,33402929425.949997
BRK.A,Berkshire Hathaway Inc.,NYSE,common,Finance,988344737915.6338,371444000000,0.0029615031513085806,66968000000,24215000000,,129370000000,155856002.04
JPM,JP Morgan Chase & Co.,NYSE,common,Finance,970716488384.9955,279069000000,0.13850862808280376,56780000000,153745000000,,1276819000000,1594277646.58
WMT,Walmart Inc.,NASDAQ,common,Retail Trade,923216773985.0647,713163000000,4.725214211766779,21893000000,12552000000,,74179000000,2557173743.01
AMD,"Advanced Micro Devices, Inc.",NASDAQ,common,Electronic Technology,788371152133.8435,34639000000,34.33779329067288,4335000000,8403000000,,4276000000,8983656549.07
V,Visa Inc.,NYSE,common,Finance,671054175137.9602,40000000000,11.339976618604911,19853000000,21013000000,,23858000000,1363310610.7
XOM,ExxonMobil Holdings Corporation,NYSE,common,Energy Minerals,656877972017.6047,323905000000,-4.708038645751203,28844000000,30553000000,,42368000000,2111602178.25
JNJ,Johnson & Johnson,NYSE,common,Health Technology,628646076868.7249,94178000000,6.0336189328859815,26804000000,22244000000,,49036000000,1207306513.0800002
INTC,Intel Corporation,NASDAQ,common,Electronic Technology,509191795228.8701,52853000000,-0.4670345191239336,-267000000,344000000,,50537000000,16382869419.6
MA,Mastercard Incorporated,NYSE,common,Finance,490329043793.3642,32836000000,16.609254590006746,14968000000,16490000000,,24643000000,1732496446.28
CSCO,"Cisco Systems, Inc.",NASDAQ,common,Electronic Technology,488264946051.3091,56654000000,5.298961024478189,10180000000,11788000000,,33001000000,4455374055.08
BAC,Bank of America Corporation,NYSE,common,Finance,453200032563.47656,194259000000,-0.8199525183161872,30509000000,82168000000,,743986000000,1784127204.99
ORCL,Oracle Corporation,NYSE,common,Technology Services,441518573830.8671,67357000000,17.348734298506944,17087000000,-23686000000,,167432000000,6670308752
ABBV,AbbVie Inc.,NYSE,common,Health Technology,439588095491.6871,61160000000,8.566762523520431,4186000000,18210000000,,70822000000,940394144.52
AMAT,"Applied Materials, Inc.",NASDAQ,common,Producer Manufacturing,435208839351.19727,28368000000,4.386223138062997,6998000000,5343000000,,7268000000,4095753777.7
COST,Costco Wholesale Corporation,NASDAQ,common,Retail Trade,421116404528.385,275235000000,8.167323631476146,8099000000,8806000000,,8232000000,1245923113.875
PLTR,Palantir Technologies Inc.,NASDAQ,common,Technology Services,411025055506.61664,4475446000,56.18339093221548,1625033000,3358272000,,211400000,6016569745.599999
LRCX,Lam Research Corporation,NASDAQ,common,Producer Manufacturing,408068310758.68475,23232690000,26.02085824099699,7265396000,4891252000,,4121564999.9999995,2631652913.52
CAT,"Caterpillar, Inc.",NYSE,common,Producer Manufacturing,393297812835.2396,67589000000,4.289527689055532,8884000000,8994000000,,45146000000,2692872660
CVX,Chevron Corporation,NYSE,common,Energy Minerals,388436633063.37836,184534000000,-4.619296948896734,12299000000,27265000000,,37075000000,1447763186.3999999
GE,GE Aerospace,NYSE,common,Electronic Technology,379052705610.78796,45855000000,18.482248979380913,8688000000,8396000000,,20230000000,796680610.9499999
KO,Coca-Cola Company (The),NYSE,common,Consumer Non-Durables,373074023368.88293,48392000000,3.4768849163922506,13107000000,14297000000,,43543000000,1096766695.96
UNH,UnitedHealth Group Incorporated,NYSE,common,Health Services,364055496866.8768,447567000000,11.814039242726306,12056000000,23617000000,,73328000000,1345070690.29
HD,"Home Depot, Inc. (The)",NYSE,common,Retail Trade,342439798626.14087,164683000000,3.240467921310982,14156000000,14315000000,,63157000000,1361679000.77
MS,Morgan Stanley,NYSE,common,Finance,341818057729.8037,119717000000,11.471456372151923,16861000000,42844000000,,545313000000,814436520.28
PG,Procter & Gamble Company (The),NYSE,common,Consumer Non-Durables,334904337320.378,87032000000,3.260405296378909,16046000000,15147000000,,35025000000,1036690323.2800001
MRK,"Merck & Company, Inc.",NYSE,common,Health Technology,327936448569.5498,64926000000,1.4896909633751738,18254000000,16063000000,,53906000000,1388320024.6799998
PANW,"Palo Alto Networks, Inc.",NASDAQ,common,Technology Services,315413139967.78925,9221500000,14.873871068203051,1133900000,3793500000,,2071000000,2124831576.79
DELL,Dell Technologies Inc.,NYSE,common,Electronic Technology,314092166152.36066,113725000000,19.12493322299852,5936000000,9442000000,,31906000000,3019831813.5
NFLX,"Netflix, Inc.",NASDAQ,common,Technology Services,309005986834.4203,45274179000,16.45505116192739,10981201000,11152005000,,16639726999.999998,1535676657.02
GS,"Goldman Sachs Group, Inc. (The)",NYSE,common,Finance,302005915651.2019,126213000000,-0.48490869524079855,17176000000,114890000000,,797512000000,1802112961.02
RTX,RTX Corporation,NYSE,common,Electronic Technology,300226612708.375,88603000000,9.741385716762863,6732000000,11407000000,,38856000000,874883439.9599999
PM,Philip Morris International Inc,NYSE,common,Consumer Non-Durables,290198254194.93176,40540000000,7.555980048816726,11316000000,12722000000,,49113000000,659338820.85
GEV,GE Vernova Inc.,NYSE,common,Producer Manufacturing,276960299129.8605,38062000000,8.925965143233265,4884000000,12438000000,,2849000000,1556074123.1000001
KLAC,KLA Corporation,NASDAQ,common,Electronic Technology,272088362954.7002,13572650000,11.721043970480453,4830771000,3767134000,,6151713000,2488818449.25
WFC,Wells Fargo & Company,NYSE,common,Finance,268924245480.82938,124235000000,-1.61552167887547,21338000000,6857000000,,463249000000,1284142708.1100001
ANET,"Arista Networks, Inc.",NYSE,common,Electronic Technology,265487788463.79327,9005700000,28.59506284746884,3511400000,5155300000,,0,2106238371.5
TXN,Texas Instruments Incorporated,NASDAQ,common,Electronic Technology,252595167224.36093,17682000000,13.049037785307846,4973000000,5355000000,,14052000000,1632941446.06
AXP,American Express Company,NYSE,common,Finance,232360599292.4421,80484000000,8.486547689653314,10759000000,15192000000,,59049000000,726825301.8399999
C,"Citigroup, Inc.",NYSE,common,Finance,230781757745.86124,169155000000,-1.0679549189676045,14135000000,39398000000,,817043000000,833763279.0600001
CRWD,"CrowdStrike Holdings, Inc.",NASDAQ,common,Technology Services,225829536318.0795,4812005000,21.711245176577236,-162502000,1431313000,,821343000,1533941591.78
AMGN,Amgen Inc.,NASDAQ,common,Health Technology,225000227055.85373,36741000000,10.559099662975445,7711000000,10175000000,,57304000000,859645176.98
TMO,Thermo Fisher Scientific Inc,NYSE,common,Health Technology,222961309685.9683,44556000000,3.911005387252501,6703000000,7318000000,,42549000000,923659361.48
IBM,International Business Machines Corporation,NYSE,common,Technology Services,222324873866.0865,67536000000,7.621946361130146,10593000000,13790000000,,65272000000,1342565261.6399999
LIN,Linde plc,NASDAQ,common,Process Industries,221007719272.06747,33986000000,2.9722769277382213,6898000000,4975000000,,28013000000,1120456675.8
APH,Amphenol Corporation,NYSE,common,Electronic Technology,209557873791.99503,23094700000,51.712245528060066,4270300000,4713700000,,18811300000,887682554.36
SNDK,Sandisk Corporation,NASDAQ,common,Electronic Technology,199075601141.14255,20248000000,175.29571719918422,11433000000,11484000000,,0,16107656492.619999
STX,Seagate Technology Holdings PLC,NASDAQ,common,Electronic Technology,199041485126.7836,12195000000,34.05518302737166,3184000000,3105000000,,3898000000,4151386491
VZ,Verizon Communications Inc.,NYSE,common,Communications,195191349742.04904,138191000000,2.5247054633943673,17174000000,21531000000,,188458000000,569378103.3
MCD,McDonald's Corporation,NYSE,common,Consumer Services,195096751552.7952,26885000000,3.7229938271604937,8563000000,7761000000,,54592000000,1199364476.3999999
SHOP,Shopify Inc.,NASDAQ,common,Commercial Services,193524131269.31534,11758293947.24386,39.091517982202284,1252549311.964104,2291690811.52,,177786400,884071174.22
ABT,Abbott Laboratories,NYSE,common,Health Technology,191916814024.83905,44328000000,5.6686531585220505,6500000000,7824000000,,32608000000,733513377.81
MRVL,"Marvell Technology, Inc.",NASDAQ,common,Electronic Technology,190111371933.01398,8194600000,42.08728521145076,2670100000,1665400000,,5522400000,5442654941.280001
TMUS,"T-Mobile US, Inc.",NASDAQ,common,Communications,190002327922.3059,88309000000,8.487714987714988,10992000000,15831000000,,119439000000,458617379.40999997
PEP,"PepsiCo, Inc.",NASDAQ,common,Consumer Non-Durables,189310453214.5257,93924000000,2.254689558316005,8240000000,9282000000,,53214000000,758943791.9
SCHW,Charles Schwab Corporation (The),NYSE,common,Finance,189085559353.7417,27675000000,6.446401784684026,8852000000,-7015000000,,37114000000,605459753.36
BLK,"BlackRock, Inc.",NYSE,common,Finance,188620227767.27533,24922000000,19.22120168388825,5553000000,3452000000,,14968000000,439332458.58000004
ADI,"Analog Devices, Inc.",NASDAQ,common,Electronic Technology,187250863367.99036,11019707000,16.89321605654812,2267342000,4565150000,,8684849000,1062687537.6
BA,Boeing Company (The),NYSE,common,Electronic Technology,182733547174.9854,89462000000,34.49291920983794,2234000000,-210000000,,45900000000,779689863.1999999
BX,Blackstone Inc.,NYSE,common,Finance,181817333299.5275,13654656000,9.598211902866328,3019214000,1963443000,,14027316000,611784140.88
NEE,"NextEra Energy, Inc.",NYSE,common,Utilities,178935211669.78052,26526000000,8.686388592968942,6835000000,3048000000,,110197000000,640982386.22
ETN,"Eaton Corporation, PLC",NYSE,common,Producer Manufacturing,178648464516.75275,27448000000,10.330412412573358,4087000000,3934000000,,21326000000,763358815.1999999
DIS,Walt Disney Company (The),NYSE,common,Consumer Services,178228618648.5189,94175000000,3.608559326695638,12404000000,8293000000,,46041000000,693281981.34
UNP,Union Pacific Corporation,NYSE,common,Transportation,174497793848.90128,24510000000,1.0721649484536082,7138000000,6504000000,,31169000000,528048701.55
QCOM,QUALCOMM Incorporated,NASDAQ,common,Electronic Technology,171261632196.37894,44284000000,13.65946306657769,5541000000,10416000000,,15270000000,1260030638.1699998
TJX,"TJX Companies, Inc. (The)",NYSE,common,Retail Trade,168588954772.9176,60372000000,7.118523775727466,5494000000,5477000000,,14180000000,663054128.82
GILD,"Gilead Sciences, Inc.",NASDAQ,common,Health Technology,168472701766.71463,29448000000,2.509833954119818,8510000000,12943000000,,26246000000,772276520.19
DE,Deere & Company,NYSE,common,Producer Manufacturing,167299129851.61954,45628000000,-11.554788811568358,5027000000,3768000000,,64162000000,532439448.84
T,AT&T Inc.,NYSE,common,Communications,166170354248.44897,125648000000,2.7072979335600316,21953000000,17654000000,,162888000000,788610848.75
WELL,Welltower Inc.,NYSE,common,Finance,165965931937.56964,10829438000,35.61774898920086,936845000,2512020000,,19720804000,783363572.45
SCCO,Southern Copper Corporation,NYSE,common,Non-Energy Minerals,164554137926.86948,13420000000,17.375408889744083,4334900000,5100400000,,8624400000,168634224.31
BKNG,Booking Holdings Inc. Common Stock,NASDAQ,common,Consumer Services,159488019820.68335,26917000000,13.38725304351489,5404000000,9539000000,,20694000000,848480482.64
CRM,"Salesforce, Inc.",NYSE,common,Technology Services,158329080978.98416,41525000000,9.57910014513788,7457000000,14661000000,,42548000000,2471896619.2799997
WDC,Western Digital Corporation,NASDAQ,common,Electronic Technology,156520152118.18484,12919000000,35.70378151260504,9424000000,3511000000,,1052000000,2607994385.6
IBKR,"Interactive Brokers Group, Inc.",NASDAQ,common,Finance,155942001180.33997,10428000000,11.042487488020445,984000000,21872000000,,45566000000,278654924.38
UBER,"Uber Technologies, Inc.",NYSE,common,Transportation,153927337008.78836,52017000000,18.279594342625856,10053000000,10116000000,,14731000000,1445670594.72
COP,ConocoPhillips,NYSE,common,Energy Minerals,152930264634.58942,58714000000,7.511169706291658,7961000000,10064000000,,23290000000,771740846.6999999
PFE,"Pfizer, Inc.",NYSE,common,Health Technology,149958410298.9444,62579000000,-1.6470995017838341,7771000000,10986000000,,63194000000,857069718.9599999
DHR,Danaher Corporation,NYSE,common,Health Technology,144667507925.77432,24568000000,2.9026178010471204,3614000000,5466000000,,27858000000,625272130.2099999
GLW,Corning Incorporated,NYSE,common,Electronic Technology,144230860112.7337,15629000000,18.978380024360536,1596000000,2395000000,,9379000000,1687896333.76
ISRG,"Intuitive Surgical, Inc.",NASDAQ,common,Health Technology,141759885261.21307,10064700000,20.505022688904585,2856000000,3222600000,,0,1260912727.35
LMT,Lockheed Martin Corporation,NYSE,common,Electronic Technology,140025372192.71466,75048000000,5.63743085173768,5017000000,8729000000,,20538000000,628741509.12
COF,Capital One Financial Corporation,NYSE,common,Finance,136463555611.17917,69072000000,28.690402995919733,2427000000,27291000000,,51888000000,496650240.71999997
PLD,"Prologis, Inc.",NYSE,common,Finance,136089444535.33612,8790127000,7.175627712119925,3328231000,4374869000,,37092485000,446362347.71999997
PH,Parker-Hannifin Corporation,NYSE,common,Producer Manufacturing,134851907718.9672,21499000000,8.307304785894207,3648000000,3905000000,,8520000000,559768586.16
VRTX,Vertex Pharmaceuticals Incorporated,NASDAQ,common,Health Technology,133252016792.01682,12074600000,9.924984523506062,3953200000,3796100000,,1977600000,550444041.57
SYK,Stryker Corporation,NYSE,common,Health Technology,133180388913.46931,25116000000,11.157335693737553,3246000000,4702000000,,15446000000,725624457.12
CB,Chubb Limited,NYSE,common,Finance,132456660215.88698,59786000000,6.9804061912856765,10310000000,17079000000,,23144000000,413239541.26
BMY,Bristol-Myers Squibb Company,NYSE,common,Health Technology,130120921243.72897,48194000000,-0.21946169772256727,7054000000,11440000000,,45053000000,478192906.1
NOW,"ServiceNow, Inc.",NYSE,common,Technology Services,129187960927.69469,13278000000,20.88492352512746,1748000000,4580000000,,8453000000,1578495583.26
NEM,Newmont Corporation,NYSE,common,Non-Energy Minerals,124167095036.08293,22097000000,19.07635932532198,7085000000,9733000000,,5598000000,814551441.84
SBUX,Starbucks Corporation,NASDAQ,common,Consumer Services,123678604246.6318,37161900000,2.80485780679429,1856400000,3642100000,,22434100000,425383323.04999995
CVS,CVS Health Corporation,NYSE,common,Retail Trade,121144070312.0291,402111000000,7.893649447801401,1768000000,11758000000,,76306000000,782018833.92
LOW,"Lowe's Companies, Inc.",NYSE,common,Retail Trade,121095910720.73653,86286000000,3.121638740827497,6636000000,7619000000,,42540000000,461497654.2
SPGI,S&P Global Inc.,NYSE,common,Commercial Services,120897475716.27176,15336000000,7.939189189189189,4471000000,5573000000,,15748000000,631760280.3000001
PGR,Progressive Corporation (The),NYSE,common,Finance,120559066401.40689,87637000000,16.317375204066735,11308000000,15951000000,,8387000000,398100423.83
FTNT,"Fortinet, Inc.",NASDAQ,common,Technology Services,118010498685.70685,6799600000,14.167702071929883,1853400000,3117000000,,496900000,619335650.88
MDT,Medtronic plc.,NYSE,common,Health Technology,116176910737.39125,36364000000,8.429495780779437,4801000000,5426000000,,29148000000,565615684.6800001
SNOW,Snowflake Inc.,NYSE,common,Technology Services,115161323076.95702,4683946000,29.16256250006894,-1331616000,1169702000,,2772095000,1423704196.6
HWM,Howmet Aerospace Inc.,NYSE,common,Electronic Technology,112314434455.05933,8252000000,11.063257065948855,1508000000,1791000000,,4664000000,482760288.95
VRT,"Vertiv Holdings, LLC",NYSE,common,Electronic Technology,111015193419.67867,10229900000,27.685414014328863,1332800000,2929800000,,3338200000,1161649609.2
NET,"Cloudflare, Inc.",NYSE,common,Technology Services,110901027494.9135,2167937000,29.845666035387563,-102267000,314873000,,3529350000,964244216.8
BNY,The Bank of New York Mellon Corporation,NYSE,common,Finance,110548686273.42067,40550000000,2.0254120015096237,5549000000,1592000000,,87433000000,341397982.38
ACN,Accenture plc,NYSE,common,Technology Services,110235261350.35101,69672977000,7.360205326441206,7678433000,12581688000,,8388770000,1013585991.9799999
BN,Brookfield Corporation,NYSE,common,Finance,109574158751.97179,78842433782.98138,-5.081918076994086,1329879732.5240278,-8255211556.536,,268346647074.402,248563590.19
ABNB,"Airbnb, Inc.",NASDAQ,common,Consumer Services,107828199694.61824,12305000000,10.83588542604936,2511000000,4858000000,,2496000000,1078227144.145
MO,"Altria Group, Inc.",NYSE,common,Consumer Non-Durables,107498110037.65952,20116000000,-1.6043827039718253,6927000000,9112000000,,24577000000,487168867.91999996
ADP,"Automatic Data Processing, Inc.",NASDAQ,common,Technology Services,106994776721.2763,21947400000,6.743381855852613,4413500000,5244600000,,5514700000,578200337.3
GD,General Dynamics Corporation,NYSE,common,Electronic Technology,106656353833.12433,52550000000,10.130773744655881,4210000000,6447000000,,9479000000,282255542.63
SO,Southern Company (The),NYSE,common,Utilities,106431586073.51828,29553000000,10.585990121239336,4341000000,-4188000000,,77087000000,318051748.08
EQIX,"Equinix, Inc.",NASDAQ,common,Finance,105496807160.21645,9217000000,5.361225422953818,1350000000,-1464000000,,23356000000,728886333.2700001
TT,Trane Technologies plc,NYSE,common,Producer Manufacturing,105292090020.49788,21321900000.2332,7.4790051526597106,2918600000.03191,3596252310,,4616800000.03076,396880657
ADBE,Adobe Inc.,NASDAQ,common,Technology Services,102853121666.89261,23767000000,10.415795586527294,7130000000,10280000000,,7065000000,1084312316.25
MCK,McKesson Corporation,NYSE,common,Distribution Services,102451451501.68944,403430000000,12.360082550946801,4762000000,6416000000,,11701000000,963139925.07
PWR,"Quanta Services, Inc.",NYSE,common,Industrial Services,101935823674.90144,28479697000,20.305595515865363,1028377999.9999999,2391158000,,6603135000,693300536.74
PNC,"PNC Financial Services Group, Inc. (The)",NYSE,common,Finance,101914146833.14967,33900000000,0.03836279399179626,6893000000,9765000000,,87123000000,202901659.6
APP,Applovin Corporation,NASDAQ,common,Technology Services,101653583346.76791,5480717000,69.99436734698942,3432717000,4527589000,,3515072000,2825707655.6
USB,U.S. Bancorp,NYSE,common,Finance,101304510861.17279,42226000000,-0.4150747606244989,7523000000,12384000000,,96008000000,272666896.7
SPOT,Spotify Technology S.A.,NYSE,common,Technology Services,100799993407.96167,19395740658.8676,14.406609829290351,2496414426.70867,3874711610,,532777799.99999994,768478118.4
KKR,KKR & Co. Inc.,NYSE,common,Finance,99547791365.9007,20579423000,-10.314352215262748,2370463000,9077723000,,55172250000,746139857.8000001
FCX,"Freeport-McMoRan, Inc.",NYSE,common,Non-Energy Minerals,99401132272.6653,25128000000,-0.0477326968973747,2197000000,1762000000,,10359000000,565723292.6
CEG,Constellation Energy Corporation,NASDAQ,common,Utilities,98738373524.40825,26849000000,13.82965192690889,2319000000,309000000,,24700000000,815787767.04
MPC,Marathon Petroleum Corporation,NYSE,common,Energy Minerals,97797218754.8013,132542000000,-4.313549961376582,4043000000,12899000000,,34292000000,1036676868.5
DUK,Duke Energy Corporation (Holding Company),NYSE,common,Utilities,96285427756.47868,32237000000,6.192970319860329,4964000000,-4252000000,,92206000000,424614437.47999996
VLO,Valero Energy Corporation,NYSE,common,Energy Minerals,95076530414.70049,122718000000,-5.44297360188624,2341000000,10120000000,,11349000000,891845036.8199999
MMM,3M Company,NYSE,common,Producer Manufacturing,94779467424.80992,24948000000,1.5178026449643949,3250000000,3985000000,,13160000000,486556447.32
CME,CME Group Inc.,NASDAQ,common,Finance,94270894331.14034,6520600000,6.370206032528017,4043900000,4212700000,,3868500000,358180848.72
CSX,CSX Corporation,NASDAQ,common,Transportation,92771938113.36165,14092000000,-3.0811554332874826,2889000000,2796000000,,19357000000,546821016
MELI,"MercadoLibre, Inc.",NASDAQ,common,Retail Trade,92688452896.08788,28893000000.0002,39.06242479664977,1997000000.00002,8929877700,,18360000000.0001,1250124368.43
JCI,Johnson Controls International plc,NYSE,common,Producer Manufacturing,92551242961.61632,23596000000,2.8058556988497734,1791000000,1659000000,,9475000000,393816988.95
MAR,Marriott International,NASDAQ,common,Consumer Services,92462510789.52542,26186000000,4.326693227091633,2601000000,3132000000,,17774000000,478974819.34
DASH,"DoorDash, Inc.",NASDAQ,common,Transportation,92076999743.76071,13717000000,27.933221413915316,935000000,2139000000,,3305000000,659807586.27
INTU,Intuit Inc.,NASDAQ,common,Technology Services,91555565685.5269,18831000000,15.634019035922627,3869000000,7715000000,,6900000000,852486287.4
EMR,Emerson Electric Company,NYSE,common,Electronic Technology,91367640714.47014,18011000000,2.967070660873542,2293000000,3460000000,,13802000000,402477566.40000004
WM,"Waste Management, Inc.",NYSE,common,Industrial Services,90463541845.19604,25204000000,14.23650455513756,2708000000,3573000000,,23356000000,312455355.12
CMCSA,Comcast Corporation,NASDAQ,common,Consumer Services,90383770659.03859,123707000000,-0.019396917506526255,19998000000,20433000000,,90381000000,544760051.9399999
WMB,"Williams Companies, Inc. (The)",NYSE,common,Industrial Services,90147440266.43893,11830000000,10.015809541523296,2618000000,-214000000,,30793000000,335410689.90000004
MRSH,Marsh,NYSE,common,Finance,90126121055.07076,27015000000,10.649191071062871,4160000000,4767000000,,22382000000,309310941.94
MNST,Monster Beverage Corporation,NASDAQ,common,Consumer Non-Durables,90077197409.38193,8294343000.000001,10.69885404597991,1905432000,2097916000.0000002,,0,392893582.4
PSX,Phillips 66,NYSE,common,Energy Minerals,90011135890.86237,132189000000,-7.636356013918584,4394000000,6394000000,,20565000000,580982643.48
HCA,"HCA Healthcare, Inc.",NYSE,common,Health Services,89759355494.43468,75600000000,7.077602934719487,6784000000,5997000000,,51552000000,485933061.78999996
BAM,Brookfield Asset Management Inc,NYSE,common,Finance,89283430718.52284,4916586738.757551,29.76271779943361,2528501251.2029243,2406901854.72,,5328598000,130413213.5
CDNS,"Cadence Design Systems, Inc.",NASDAQ,common,Technology Services,88987741493.88359,5296759000,14.123200059294192,1108888000,1678695000,,2482200000,661917910.41
UPS,"United Parcel Service, Inc.",NYSE,common,Transportation,88404710311.74614,88635000000,-2.485312561885273,5572000000,5457000000,,28673000000,541832252.5799999
CMI,Cummins Inc.,NYSE,common,Producer Manufacturing,87809296477.76323,33670000000,-1.2667878716790804,2843000000,3367000000,,8286000000,510309978.95000005
SHW,Sherwin-Williams Company (The),NYSE,common,Process Industries,87441493697.48367,23574300000,2.059874017793363,2568500000,3213200000,,15031700000,636234587.4
ELV,"Elevance Health, Inc.",NYSE,common,Health Services,86561208610.69656,199125000000,12.620892483456819,5662000000,6289000000,,31044000000,314020601.02
DDOG,"Datadog, Inc.",NASDAQ,common,Technology Services,86504768077.54263,3427158000,27.675368581833084,107741000,1182109000,,1277801000,1518907918.07
HOOD,"Robinhood Markets, Inc.",NASDAQ,common,Finance,85331897472.78386,4505000000,51.42857142857142,1883000000,-7873000000,,27689000000,1314409539.1
ICE,Intercontinental Exchange Inc.,NYSE,common,Finance,84955825177.6172,12228000000,10.341093665403358,3315000000,5078000000,,20527000000,308324887.22
ITW,Illinois Tool Works Inc.,NYSE,common,Producer Manufacturing,83306842694.608,16044000000,0.9183545100012579,3066000000,2921000000,,9694000000,266802173.63
MCO,Moody's Corporation,NYSE,common,Commercial Services,82761888450.28156,7718000000,8.888261851015802,2459000000,2967000000,,7522000000,388874315.28
RCL,Royal Caribbean Cruises Ltd.,NYSE,common,Consumer Services,82604051214.75502,17935000000,8.802475127396264,4268000000,-416000000,,23518000000,408184392
REGN,"Regeneron Pharmaceuticals, Inc.",NASDAQ,common,Health Technology,82157049494.40831,14342900000,0.9921137867905929,4504900000,3760400000,,2706600000,458955968.6
NOC,Northrop Grumman Corporation,NYSE,common,Electronic Technology,82015831169.49463,41954000000,2.244534886554724,4182000000,3646000000,,17052000000,361754485.20000005
EPD,Enterprise Products Partners L.P.,NYSE,common,Industrial Services,81887380343.78448,52079000000,-6.47403203792831,5759000000,3522000000,,34254000000,91673344.32000001
APO,"Apollo Global Management, Inc. (New)",NYSE,common,Finance,81855194026.05952,32462000000,23.31244064577398,3384000000,10038000000,,13727000000,583180090.45
CTAS,Cintas Corporation,NASDAQ,common,Commercial Services,81438505788.68852,11264761000,8.941622975458554,1993656000,1873898000,,2705957000,257829871.64999998
CVNA,Carvana Co.,NYSE,common,Retail Trade,79761616069.98001,20322000000,48.62868426826593,1407000000,929000000,,5817000000,341175029.28000003
ROST,"Ross Stores, Inc.",NASDAQ,common,Retail Trade,79633899084.92117,22750559000,7.673449738014453,2145043999.9999998,2632326000,,4723150000,644988503.25
AMT,American Tower Corporation (REIT),NYSE,common,Finance,79413573175.57333,10644600000,5.109013350185639,2529500000,3959800000,,44979900000,306308044.38
MDLZ,"Mondelez International, Inc.",NASDAQ,common,Consumer Non-Durables,79360828839.26965,38537000000,5.751763123953788,2451000000,3085000000,,22059000000,446549027.71999997
SNPS,"Synopsys, Inc.",NASDAQ,common,Technology Services,78950755715.72635,7051023000,15.13101723334749,1336120000,2633795000,,10841960000,408182368.8
SLB,SLB Limited,NYSE,common,Industrial Services,78080780011.68832,35691000000,-1.6993500055084279,3374000000,4806000000,,12798000000,431589922.92
ECL,Ecolab Inc.,NYSE,common,Process Industries,78051888638.04529,16081200000,2.1586390028841147,2075600000,1874500000,,13918800000,335468334.51
HPE,Hewlett Packard Enterprise Company,NYSE,common,Electronic Technology,77849924776.90584,34329000000,14.171211919648796,57000000,3989000000,,21246000000,1315122423.28
MSI,"Motorola Solutions, Inc.",NYSE,common,Electronic Technology,77739043154.35947,11682000000,7.996671905334196,2154000000,2677000000,,9619000000,269484201.12
FDX,FedEx Corporation,NYSE,common,Transportation,77307634359.02654,94720000000,7.726952209812797,4426000000,5116000000,,42943000000,473476659.2
TRV,"The Travelers Companies, Inc.",NYSE,common,Finance,77206123507.80011,48828000000,5.219152695772099,6288000000,11026000000,,9068000000,981880123.2800001
GM,General Motors Company,NYSE,common,Consumer Durables,76127694144.17056,185019000000,-1.2926665315137482,2697000000,606000000,,127697000000,419212260.36
NSC,Norfolk Southern Corporation,NYSE,common,Transportation,75335894058.33403,12180000000,0.47018064835436774,2870000000,1631000000,,16616000000,354550842.47
EOG,"EOG Resources, Inc.",NYSE,common,Energy Minerals,75081102886.3545,22654000000,-3.5096686259476955,4980000000,6621000000,,8250000000,361578224.43999994
AON,Aon plc,NYSE,common,Finance,74744519129.57494,17289000000,9.792341398361593,3695000000,3248000000,,15874000000,220569608.08
HON,Honeywell International Inc.,NASDAQ,common,Electronic Technology,74588658591.63376,37442000000,7.855393921935764,4729000000,4148000000,,34955000000,740389053.6
BSX,Boston Scientific Corporation,NYSE,common,Health Technology,74519378489.26157,20074000000,19.86624470054338,2898000000,3625000000,,12624000000,1062798900.1800001
ORLY,"O'Reilly Automotive, Inc.",NASDAQ,common,Retail Trade,74464842814.36589,17781992000,6.424959447236341,2538209000,2156259000,,9587433000,298472769.34999996
CL,Colgate-Palmolive Company,NYSE,common,Consumer Non-Durables,73594990074.6944,20382000000,1.3979404009750758,2132000000,3858000000,,7857000000,315458270.88
CI,The Cigna Group,NYSE,common,Health Services,73302958304.3042,274876000000,12.477085242896425,5957000000,9113000000,,31878000000,424999332.66
DLR,"Digital Realty Trust, Inc.",NYSE,common,Finance,72919331426.96767,6112692000,10.040093840324554,1308589000,-506741000,,19844808000,431507799.68
CBRS,Cerebras Systems Inc.,NASDAQ,common,Technology Services,72653652374.43372,509991000,75.70628281631134,87875000,,,1361615000,2934913191.64
HLT,Hilton Worldwide Holdings Inc.,NYSE,common,Consumer Services,72590186553.29726,11982000000,7.2310721317343845,1457000000,2029000000,,14023000000,802027287.7499999
LITE,Lumentum Holdings Inc.,NASDAQ,common,Producer Manufacturing,72546171220.3502,3014000000,83.22188449848025,-6935100000,,,1671200000,10966068195.39
ET,Energy Transfer LP,NYSE,common,Industrial Services,72137128176.63138,85536000000,3.465544144863374,4429000000,5303000000,,70241000000,188624812.45
SPG,"Simon Property Group, Inc.",NYSE,common,Finance,71523620183.17023,6364505000,6.71899014688291,4627612000,3625722000,,29427509000,349133687.52
KMI,"Kinder Morgan, Inc.",NYSE,common,Industrial Services,70656426494.39198,16811000000,11.530551316924303,3040000000,3637000000,,32248000000,223564979.15
URI,"United Rentals, Inc.",NYSE,common,Finance,70290440569.76163,16099000000,4.913652655588139,2494000000,632000000,,15385000000,415366703.7
MPWR,"Monolithic Power Systems, Inc.",NASDAQ,common,Electronic Technology,70029267915.87816,2790459000,26.431018078020934,621483000,585537000,,18934000,887872430.64
TGT,Target Corporation,NYSE,common,Retail Trade,69945431181.78476,104780000000,-1.675956684120639,3705000000,3031000000,,19207000000,708491014
BE,Bloom Energy Corporation,NYSE,common,Electronic Technology,69850107064.28275,2023994000,37.326441660515,-88434000,627267000,,2812440000,3762008604.2
COHR,Coherent Corp.,NYSE,common,Electronic Technology,69577172162.1067,5810115000,23.417588421322737,49364000,-538236000,,3425115000,4390411008.36
WBD,"Warner Bros. Discovery, Inc. - Series A",NASDAQ,common,Consumer Services,69420947373.67564,37323000000,-5.0232842201694785,728000000,2180000000,,32300000000,706865199.25
PCAR,PACCAR Inc.,NASDAQ,common,Producer Manufacturing,68985386985.20667,28450400000,-15.45627709744232,2375800000,2963100000,,14696400000,354590300.42
TDG,Transdigm Group Inc.,NYSE,common,Electronic Technology,68293041512.84511,8832000000,11.29032258064516,1866000000,1927000000,,33485000000,297487522.76
AEP,"American Electric Power Company, Inc.",NASDAQ,common,Utilities,67859136903.52849,21783000000,9.371626540807872,3580000000,-3795300000,,53498000000,294099833.25
APD,"Air Products and Chemicals, Inc.",NYSE,common,Process Industries,67711989064.53355,12037500000,-0.5214617456985604,-394500000,-301400000,,18157300000,186662795.67
RSG,"Republic Services, Inc.",NYSE,common,Industrial Services,65609194119.47843,16591000000,3.4867764471057883,2139248999.9999998,2653000000,,14295000000,281103334.97999996
NU,Nu Holdings Ltd.,NYSE,common,Finance,65501367814.31208,14498450000.171701,40.34963573439847,2868892000.03397,8242369000.000001,,39384645000,620142585.24
AJG,Arthur J. Gallagher & Co.,NYSE,common,Finance,65474393462.36291,13942000000,20.65876814165419,1494000000,2286900000,,14106000000,376799157.18
NBIS,Nebius Group N.V.,NASDAQ,common,Technology Services,65227791847.82487,529800000.000023,479.01639344263043,82500000.00000359,,,9496200000,16425182332.8
CRH,CRH PLC,NYSE,common,Non-Energy Minerals,65191227261.10365,37447000000.4095,5.270999663618387,3730000000.04079,2919608220,,19813000000.132,540262181.5799999
ALL,Allstate Corporation (The),NYSE,common,Finance,64691182155.90162,67685000000,5.582940754375565,10282000000,12249000000,,7492000000,662916490.08
TFC,Truist Financial Corporation,NYSE,common,Finance,64343054734.001335,30508000000,24.558036990160453,5307000000,5122000000,,71067000000,301630134.64
BKR,Baker Hughes Company,NASDAQ,common,Industrial Services,63809086961.51828,27733000000,-0.34496388659312227,2588000000,3128000000,,16253000000,482012386.36
TER,"Teradyne, Inc.",NASDAQ,common,Electronic Technology,62964670841.04047,3189225000,13.269697468002414,554047000,799932000,,100127000,1190763637.44
TEL,TE Connectivity plc,NYSE,common,Electronic Technology,62013731155.1246,17262000000,8.942884190596402,1842000000,3315000000,,5632000000,330383365.2
NUE,Nucor Corporation,NYSE,common,Non-Energy Minerals,61902270816.35341,32494000000,5.72655690765927,1737000000,1583000000,,7099000000,210147727.02
GWW,"W.W. Grainger, Inc.",NYSE,common,Distribution Services,61461072740.439095,17942000000,4.5083876980428705,1706000000,1510000000,,2797000000,231779310.00000003
MET,"MetLife, Inc.",NYSE,common,Finance,61425201866.174995,77084000000,8.590426281238555,3379000000,16571000000,,21631000000,211417168.5
FIX,"Comfort Systems USA, Inc.",NYSE,common,Industrial Services,61196603718.88842,9101641000,29.51507767511408,1022558000,2156097000,,369909000,549334969.68
CIEN,Ciena Corporation,NYSE,common,Electronic Technology,61157937804.33232,4769507000,18.793535668519322,123338000,832647000,,1580580000,1721558095.3500001
MPLX,MPLX LP,NYSE,common,Industrial Services,60770664303.52614,11817000000,6.172506738544475,4909000000,3336000000,,26133000000,65325728.879999995
KEYS,Keysight Technologies Inc.,NYSE,common,Electronic Technology,60582410987.76404,5375000000,7.953404298051818,850000000,1356000000,,2759000000,317757493
AFL,AFLAC Incorporated,NYSE,common,Finance,60527179203.692825,17164000000,-9.314735562952396,3646000000,2647000000,,8729000000,177593830
PSA,Public Storage,NYSE,common,Finance,60339860104.57224,4824113000,2.736531266611239,1784348000,2861325000,,10180215000,255299119.14
NKE,"Nike, Inc.",NYSE,common,Consumer Non-Durables,60096532456.60841,46398000000,-0.008620318089737511,3108000000,2184000000,,11033000000,1163016578.7
COR,"Cencora, Inc.",NYSE,common,Distribution Services,59952173935.561806,321332819000,9.312270535076268,1554169000,4060102000,,11723241000,820301640.0400001
FAST,Fastenal Company,NASDAQ,common,Distribution Services,59922330106.349365,8200500000,8.673469387755102,1258400000,1155900000,,441500000,368836961.92
D,"Dominion Energy, Inc.",NYSE,common,Utilities,59842943612.78591,16727000000,16.621348392944295,2998000000,-6845000000,,53424000000,148196291.04000002
GRMN,Garmin Ltd.,NYSE,common,Electronic Technology,59780424150.601074,7245519000,15.064802491002323,1663887000,1599841000,,177957000,193290818.82000002
AME,"AMETEK, Inc.",NYSE,common,Producer Manufacturing,59268614422.27123,7401116000,6.626193240918692,1480142000,1803177000,,2310944000,341796530.56
O,Realty Income Corporation,NYSE,common,Finance,59223788956.49895,5759430000,8.616702941823776,1058589999.9999999,4000024000,,32637261000,773822076.5
DAL,"Delta Air Lines, Inc.",NYSE,common,Transportation,59140037512.01129,63364000000,2.7918822899599305,5005000000,3410000000,,19984000000,287131471.69
NXPI,NXP Semiconductors N.V.,NASDAQ,common,Electronic Technology,58857639974.67608,12269000000.1342,-2.7350562857759715,2021000000.0221,2836214260,,10976000000.091301,743928786.79
CRWV,"CoreWeave, Inc.",NASDAQ,common,Technology Services,58774293724.39238,5131000000,167.87774625592425,-1167000000,-13654566000,,51608000000,9396403005.78
OXY,Occidental Petroleum Corporation,NYSE,common,Energy Minerals,58528770553.178116,21561000000,-3.7154467914080294,2291000000,5312000000,,14626000000,440749235.54999995
OKE,"ONEOK, Inc.",NYSE,common,Industrial Services,58290283090.4752,33576000000,55.1714576208522,3393000000,2906000000,,33022000000,316111376.63
TRGP,"Targa Resources, Inc.",NYSE,common,Utilities,57611183453.09667,17188600000,3.3782605296236703,1841400000,740900000,,19578000000,214258682.93
FANG,"Diamondback Energy, Inc.",NASDAQ,common,Energy Minerals,56240092933.758156,15026000000,35.785288270377734,1656000000,6497000000,,12614000000,197980640.92000002
SRE,DBA Sempra,NYSE,common,Utilities,56166541795.176414,13712000000,5.826966118700316,1837000000,-5243000000,,36664000000,345910740.96
LNG,"Cheniere Energy, Inc.",NYSE,common,Industrial Services,55373869205.49716,19632000000,24.442190669371197,5315000000,2791000000,,26556000000,374075651.52000004
ALAB,"Astera Labs, Inc.",NASDAQ,common,Electronic Technology,55307050514.554955,852525000,115.12654873955941,219134000,276676000,,44413000,1418474458.4
F,Ford Motor Company,NYSE,common,Consumer Durables,55150489529.35837,187267000000,1.229782909531223,-8182000000,7280000000,,163296000000,529278622.41
CAH,"Cardinal Health, Inc.",NYSE,common,Distribution Services,54841642063.08433,254232000000,14.223070874985961,1714000000,4525000000,,9948000000,447969622.71999997
LHX,"L3Harris Technologies, Inc.",NYSE,common,Electronic Technology,54140035047.420685,21865000000,2.5322391559202813,1606000000,2808000000,,11967000000,535250595.56
EW,Edwards Lifesciences Corporation,NYSE,common,Health Technology,53634024368.362686,6067600000,11.54701718907988,1060099999.9999999,1433600000,,704400000,217765287.2
NDAQ,"Nasdaq, Inc.",NASDAQ,common,Finance,53471771982.17659,8262000000,11.64864864864865,1788000000,1951000000,,9317000000,180390462.35999998
HONA,Honeywell Aerospace Inc.,NASDAQ,common,Electronic Technology,53184665456.709465,17716000000,,1780000000,,,15886000000,685826119.2
ADSK,"Autodesk, Inc.",NASDAQ,common,Technology Services,52646609233.39071,7200000000,17.801047120418847,1124000000,2729000000,,2724000000,353047168.62
FITB,Fifth Third Bancorp,NYSE,common,Finance,52608837063.17986,12715000000,-4.044977737529242,2522000000,3314000000,,22269000000,304283739.67
STT,State Street Corporation,NYSE,common,Finance,52223550357.610825,21604000000,1.9633754955635265,2943000000,-4086000000,,30471000000,188267834.10000002
CARR,Carrier Global Corporation,NYSE,common,Producer Manufacturing,51998424746.92423,21747000000,-3.2864893711642797,1506000000,1928000000,,12394000000,316722724.52
PYPL,"PayPal Holdings, Inc.",NASDAQ,common,Commercial Services,50643283886.291534,33338000000,4.872754726477712,5233000000,6586000000,,14221000000,363494216
CTVA,"Corteva, Inc.",NYSE,common,Process Industries,50393313469.74783,17401000000,2.9157795126567305,1094000000,629000000,,4875000000,382460581.23
ETR,Entergy Corporation,NYSE,common,Utilities,50326207157.606735,12946686000,8.982021612920848,1773328000,-3298529000,,34627322000,241761197.54999998
ROK,"Rockwell Automation, Inc.",NYSE,common,Producer Manufacturing,50126265094.096756,8343000000,0.9803921568627451,867000000,1504000000,,3613000000,321929542.44
CRDO,Credo Technology Group Holding Ltd,NASDAQ,common,Technology Services,50005911479.22517,1335116000,205.67592009615936,472279000,406996000,,25448000,1411514060.16
BDX,"Becton, Dickinson and Company",NYSE,common,Health Technology,50004771645.29465,21840000000,8.23669342848647,1678000000,2533000000,,16808000000,284830060.98
WAB,Westinghouse Air Brake Technologies Corporation,NYSE,common,Producer Manufacturing,49919911940.6536,11167000000,7.509386733416772,1167000000,1714000000,,6936000000,164414812.8
AMP,"Ameriprise Financial, Inc.",NYSE,common,Finance,49914451705.39723,18922000000,5.485561378080053,3563000000,8222000000,,6532000000,212296799.00000003
AZO,"AutoZone, Inc.",NYSE,common,Retail Trade,49724909051.118256,18938717000,2.425324500434499,2498247000,1633222000,,12631171000,502498494.99
AU,AngloGold Ashanti PLC,NYSE,common,Non-Energy Minerals,49450333367.940895,9893000000.01148,70.77507336409379,2636000000.00306,4232934140.0000005,,1791000000.0054898,188206842.24
DVN,Devon Energy Corporation,NYSE,common,Energy Minerals,49346001658.04141,17126000000,10.014774844221751,2642000000,1517000000,,11893000000,372771347.6
VST,Vistra Corp.,NYSE,common,Utilities,49230969467.98566,16972000000,-12.411622026113434,944000000,2255000000,,19895000000,392444686.88
XEL,Xcel Energy Inc.,NASDAQ,common,Utilities,49096261311.7641,14672000000,8.93970893970894,2018000000,-7692000000,,41611000000,268631377.2
AXON,"Axon Enterprise, Inc.",NASDAQ,common,Electronic Technology,48724574482.304436,2779536000,33.46945008129552,124656000,133192000,,1833475000,647422924.52
RKLB,Rocket Lab Corporation,NASDAQ,common,Electronic Technology,48568113403.42357,601799000,37.95957947246077,-198209000,-371139000,,133691000,1370516488.4
CCEP,Coca-Cola Europacific Partners plc,NASDAQ,common,Consumer Non-Durables,47459743792.953896,23588407745.5191,6.698204949010024,2191698380.06784,2462668900,,13935683700.0908,233351305.92
FERG,Ferguson Enterprises Inc.,NYSE,common,Distribution Services,47430735140.37875,30762000000.0293,3.802935717203492,1856000000.00177,1626597980,,6887000000.02112,352781656.24
XYZ,"Block, Inc.",NYSE,common,Commercial Services,47030387334.423676,24193683000,0.30110625767457166,1305636000,3881840000,,7171312000,339979198.76
HUM,Humana Inc.,NYSE,common,Health Services,46690826690.95687,129711000000,10.10092436190169,1188000000,1949000000,,14247000000,489429652.91999996
EXC,Exelon Corporation,NASDAQ,common,Utilities,46678520529.58814,24258000000,5.341323606044815,2768000000,-1916000000,,53005000000,198025163
MDLN,Medline Inc.,NASDAQ,common,Health Technology,46672116415.13984,28432000000,11.467440310503,1159000000,1546000000,,12640000000,235444662
VTR,"Ventas, Inc.",NYSE,common,Finance,46672068130.373055,5836380000,17.98851971246315,251381000,1441629000,,12979269000,228214074.15
VIK,Viking Holdings Ltd,NYSE,common,Consumer Services,46485110721.652885,6501419000,21.889066912241404,1147570000,1119455000,,5828802000,227068039.35
FLEX,Flex Ltd.,NASDAQ,common,Electronic Technology,46001751250.117805,27914000000,8.139309650176267,880000000,826000000,,5930000000,436542405.6
NTRA,"Natera, Inc.",NASDAQ,common,Health Technology,45543790563.54987,2306113000,35.900645349107876,-208160000,84197000,,238488000,499135598.28
EBAY,eBay Inc.,NASDAQ,common,Retail Trade,45527950917.807846,11141000000,7.777885266518332,2031000000,2624000000,,7130000000,429774537.79
TTWO,"Take-Two Interactive Software, Inc.",NASDAQ,common,Technology Services,45436246490.26347,6656400000,18.155353592729337,-298200000,337500000,,2944700000,447032520
IDXX,"IDEXX Laboratories, Inc.",NASDAQ,common,Health Technology,44950932743.384125,4303702000,10.422003415519265,1059464000,1250594000,,1096081000,293198238.8
ODFL,"Old Dominion Freight Line, Inc.",NASDAQ,common,Transportation,44073651883.89563,5496389000,-5.476034470601791,1023703000,1114770000,,19997000,429386283.3
RVMD,"Revolution Medicines, Inc.",NASDAQ,common,Health Technology,43994695408.60121,0,,-1131301000,-1232131000,,1190470000,241354149.95999998
LYV,"Live Nation Entertainment, Inc.",NYSE,common,Consumer Services,43670024702.41701,25201406000,8.834920240762234,-54829000,1382702000,,11282712000,292882188.24
HEI,Heico Corporation,NYSE,common,Electronic Technology,43354564267.41933,4485044000,16.263059376011782,690385000,925974000,,2587290000,122771166.7
WDAY,"Workday, Inc.",NASDAQ,common,Technology Services,43296631020.19611,9534000000,13.284220532319392,693000000,2972000000,,3805000000,797378083.3199999
MCHP,Microchip Technology Incorporated,NASDAQ,common,Electronic Technology,43136606718.69761,4713100000,7.0769720101781175,230000000,1110900000,,5398700000,732845201.04
PAYX,"Paychex, Inc.",NASDAQ,common,Technology Services,42813547095.63933,6512000000,16.876357305669725,1760100000,2321800000,,4630300000,229617932.37
CBRE,CBRE Group Inc,NYSE,common,Finance,42683403725.166145,40550000000,13.372661950960381,1157000000,938000000,,10806000000,148822262.6
PRU,"Prudential Financial, Inc.",NYSE,common,Finance,42345299894.63948,60774000000,-13.679426177118103,3576000000,10969000000,,34704000000,162555751.34
A,"Agilent Technologies, Inc.",NYSE,common,Health Technology,41867713183.77791,6948000000,6.728110599078341,1303000000,1087000000,,3355000000,202718792.96
CMG,"Chipotle Mexican Grill, Inc.",NYSE,common,Consumer Services,41303242500,11925601000,5.407070429499128,1535761000,1568985000,,5419196000,575721749.76
YUM,"Yum! Brands, Inc.",NYSE,common,Consumer Services,41027950251.25361,8214000000,8.809113789905949,1559000000,1679000000,,13414000000,463146424.40000004
MSCI,MSCI Inc.,NYSE,common,Commercial Services,40930826882.72922,3134459000,9.745046440495663,1202305000,1577918000,,6544200000,495281023.02
WAT,Waters Corporation,NYSE,common,Health Technology,40860042330.85819,3165286000,6.993642143505904,642629000,240678000,,5570000000,306641792.09999996
DHI,"D.R. Horton, Inc.",NYSE,common,Consumer Durables,40786040866.99065,34250400000,-6.931801507551342,3585200000,3202200000,,7183900000,344954708.4
UAL,"United Airlines Holdings, Inc.",NASDAQ,common,Transportation,40611920611.27322,59070000000,3.517165238420693,3353000000,2544000000,,33668000000,285341915.52
SYY,Sysco Corporation,NYSE,common,Distribution Services,40497284291.47947,84553000000,3.9117610913112943,1757000000,2153000000,,14967000000,315940279.5
KDP,Keurig Dr Pepper Inc.,NASDAQ,common,Consumer Non-Durables,40226018453.33927,16603000000,8.155820467721972,2079000000,1836000000,,37603000000,506368623.32
AIG,"American International Group, Inc. New",NYSE,common,Finance,39813081466.211876,26775000000,-1.7467248908296942,3096000000,3850000000,,9127000000,286062472.26
IQV,"IQVIA Holdings, Inc.",NYSE,common,Health Technology,39785466877.26932,16304000000,5.835767607919506,1360000000,2184000000,,16241000000,206639329.26000002
RKT,"Rocket Companies, Inc.",NYSE,common,Finance,39753486253.81634,6880000000,47.48579591738738,-68000000,-773367000,,33179000000,472799584.8
ED,"Consolidated Edison, Inc.",NYSE,common,Utilities,39720133665.75386,16918000000,10.894074462506556,2023000000,-862000000,,28597000000,276100888.24
NTAP,"NetApp, Inc.",NASDAQ,common,Electronic Technology,39649134131.43724,6923000000,5.356871100289149,1276000000,1869000000,,2733000000,319992242.40000004
TEAM,Atlassian Corporation,NASDAQ,common,Technology Services,39394923648.536606,6572308000.0531,26.01965293011519,-53828000.0004349,1319132400,,1232910000.00378,625842142.76
COIN,"Coinbase Global, Inc.",NASDAQ,common,Finance,39322266480,7181325000,9.40424081067296,1260327000,1713665000,,6668290000,882719506.0799999
VEEV,Veeva Systems Inc.,NYSE,common,Technology Services,39231681286.020325,3195311000,16.33615729010831,908906000,1640211000,,103067000,430333868.96999997
ROP,"Roper Technologies, Inc.",NASDAQ,common,Technology Services,39088591354.64893,7902500000,12.264177747471305,1536300000,2622400000,,11319400000,189797745.83
EXPE,"Expedia Group, Inc.",NASDAQ,common,Consumer Services,39074550178.22428,14733000000,7.610839237455262,1294000000,4459000000,,5685000000,531150199.78999996
ADM,Archer-Daniels-Midland Company,NYSE,common,Process Industries,38426638049.85707,80335000000,-6.042034596086595,1078000000,1677000000,,9342000000,385110171.67
JBL,Jabil Inc.,NYSE,common,Producer Manufacturing,38368838011.840164,29802000000,3.181802444344424,657000000,1306000000,,3892000000,517982019.28000003
PCG,Pacific Gas & Electric Co.,NYSE,common,Utilities,38277135787.69942,24935000000,2.113108644907654,2703000000,-4263000000,,64703000000,306596426.18
CCL,Carnival Corporation Ltd.,NYSE,common,Consumer Services,37898191906.1612,26622000000,6.39862515486991,2760000000,3171000000,,26170000000,302323443.79
TWLO,Twilio Inc.,NYSE,common,Technology Services,37874721743.072716,5067220000,13.664851517574107,33834000,988610000,,1065519000,762344838.64
PEG,Public Service Enterprise Group Incorporated,NYSE,common,Utilities,37815128274.0012,12276000000,19.614147909967848,2111000000,276000000,,24678000000,152987606.28
STLD,"Steel Dynamics, Inc.",NASDAQ,common,Non-Energy Minerals,37721088255.13717,18176581000,3.6270060129791872,1185595000,955563000,,4182142000,185799026.86
HIG,"The Hartford Insurance Group, Inc.",NYSE,common,Finance,37228649444.93989,28368000000,6.907857546636517,3836000000,5789000000,,4374000000,160886301.92
P,"Everpure, Inc.",NYSE,common,Electronic Technology,37029909134.37375,3662843000,15.614059120676835,188181000,513821000,,230961000,491522422
IRM,Iron Mountain Incorporated (Delaware),NYSE,common,Finance,37022322489.13571,6901737000,12.225026419090105,144591000,-490924000,,19947120000,136334126.96
HSY,The Hershey Company,NYSE,common,Consumer Non-Durables,37016579675.66222,11692576000,4.376910272504761,883259000,2154560000,,5923312000,177832613.25
TKO,"TKO Group Holdings, Inc.",NYSE,common,Consumer Services,36934091227.13727,4735151000,-3.0524701790923094,195403000,1672370000,,4953577000,195815184.39999998
EME,"EMCOR Group, Inc.",NYSE,common,Industrial Services,36761191191.54935,16986421999.999998,16.616001135786632,1272817000,1171382000,,548028000,291039114.59999996
MTB,M&T Bank Corporation,NYSE,common,Finance,36616743194.9875,13180000000,-1.6784781797836628,2845000000,3621000000,,18182000000,203285740.9
KVUE,Kenvue Inc.,NYSE,common,Consumer Non-Durables,36456280700.21627,15123000000,-2.154503105590062,1470000000,1914000000,,8613000000,209276042.3
MSTR,Strategy Inc,NASDAQ,common,Technology Services,36436103748.53356,477233000,2.9726662293723676,-3848152000,-41189000,,6770777000,1084453025.97
VMC,Vulcan Materials Company (Holding Company),NYSE,common,Non-Energy Minerals,36331286896.53747,7941100000,7.056095555226014,1076700000,1027200000,,4942100000,202877640.78
KMB,Kimberly-Clark Corporation,NASDAQ,common,Consumer Non-Durables,36227834783.254776,16447000000,-2.1303183576316576,2021000000,1820000000,,6517000000,246946488.60000002
HBAN,Huntington Bancshares Incorporated,NASDAQ,common,Finance,36084611347.21441,12373000000,4.44875907479318,2211000000,2278000000,,21849000000,277526736.46
WEC,"WEC Energy Group, Inc.",NYSE,common,Utilities,35553424342.79274,9800100000,13.955976232281772,1558700000,-1347900000,,22979700000,631348212.06
MDB,"MongoDB, Inc.",NASDAQ,common,Technology Services,35215512442.48822,2463797000,22.794268264784996,-71151000,591182000,,58635000,637114454.12
NTRS,Northern Trust Corporation,NASDAQ,common,Finance,35004905809.52838,14329000000,-9.93318373529948,1721000000,445300000,,15776200000,320452494.44
UI,Ubiquiti Inc.,NYSE,common,Electronic Technology,34967241636.57398,2573545000,33.4487085751028,711922000,740983000,,66882999.99999999,49344170.56
RJF,"Raymond James Financial, Inc.",NYSE,common,Finance,34852098136.125984,15902000000,6.467595072308516,2132000000,1965000000,,5869000000,151876490.34
KR,Kroger Company (The),NYSE,common,Retail Trade,34345009816.616177,147642000000,0.35276605289451685,1009000000,2878000000,,24192000000,306724721.90000004
DXCM,"DexCom, Inc.",NASDAQ,common,Health Technology,34264355477.797386,4662000000,15.59633027522936,836300000,1405000000,,1398400000,490547181.59999996
VG,"Venture Global, Inc.",NYSE,common,Industrial Services,34090819258.12103,13769000000,176.9308125502816,2697000000,-6990000000,,42808000000,258024699.8
RPRX,Royalty Pharma plc,NASDAQ,common,Health Technology,34054541116.59526,2378193000,5.063536634069278,770947000,3011448000,,8961892000,232397519.76
QSR,Restaurant Brands International Inc.,NYSE,common,Consumer Services,34042907004.921593,9434000000.010061,12.229359980952943,776000000.000827,1523625260,,15651000000,142315617.5
EQT,EQT Corporation,NYSE,common,Energy Minerals,33815393820.534126,8353217000.000001,59.956144852582995,2039247000,3764617000,,5655714000,247281468.24
CQP,"Cheniere Energy Partners, LP",NYSE,common,Utilities,33337055317.49144,10758000000,23.598345588235293,2522000000,2786000000,,14444000000,6926049.29
ACGL,Arch Capital Group Ltd.,NASDAQ,common,Finance,33198182387.610725,19425000000,15.213523131672599,4399000000,6055000000,,4286000000,160024829.67000002
CNC,Centene Corporation,NYSE,common,Health Services,33132242919.49476,194777000000,19.44306467734913,-6674000000,8951000000,,16105000000,217358242.68999997
SUNB,"Sunbelt Rentals Holdings, Inc.",NYSE,common,Finance,32996681223.820114,11154000000,3.3639143730886847,1325000000,,,10618000000,119889935.49
IR,Ingersoll Rand Inc.,NYSE,common,Producer Manufacturing,32886832141.804283,7650900000,5.7484450587422256,581400000,1219300000,,4832800000,272651475.72
RMD,ResMed Inc.,NYSE,common,Health Technology,32782745071.1795,5653443000,9.85394048998441,1523293000,1649544000,,825919000,317097210
MLM,"Martin Marietta Materials, Inc.",NYSE,common,Non-Energy Minerals,32669810278.943413,6150000000,8.61886259272342,1137000000,810000000,,6345000000,243737907
GEHC,GE HealthCare Technologies Inc.,NASDAQ,common,Health Technology,32647882062.071747,20625000000,4.844448962993086,2084000000,1579000000,,10541000000,205267393.76
ON,ON Semiconductor Corporation,NASDAQ,common,Electronic Technology,32437451632.92566,5995400000,-15.346709402312808,121000000,1500400000,,4709000000,817882784.4799999
ARES,Ares Management Corporation,NYSE,common,Finance,31880383450.078953,6460140000,53.25406363559154,484792000,-814293000,,14872608000,288015616.2
TDY,Teledyne Technologies Incorporated,NYSE,common,Electronic Technology,31822704079.75554,6115400000,7.741367159971811,894800000,1142100000,,2027000000,181339765.95
EL,"Estee Lauder Companies, Inc. (The)",NYSE,common,Consumer Non-Durables,31722178705.862843,14288000000,-8.168905456648885,-1133000000,1285000000,,9300000000,293776837.76000005
WTW,Willis Towers Watson Public Limited Company,NASDAQ,common,Finance,31603394023.36818,9711000000,-2.225130890052356,1605000000,1689000000,,7101000000,175784966.46
CCI,Crown Castle Inc.,NYSE,common,Finance,31470938956.466183,4264000000,-4.394618834080718,444000000,2406000000,,23404000000,189250543.69
ATI,ATI Inc.,NYSE,common,Non-Energy Minerals,31377744345.592884,4587400000,5.164943490520621,404300000,526299999.99999994,,2192000000,306679747.86
CFG,"Citizens Financial Group, Inc.",NYSE,common,Finance,31129175513.916977,12068000000,-1.8143356927833376,1831000000,2353000000,,16349000000,193879455.53
BSP,Bending Spoons S.p.A.,NASDAQ,common,Technology Services,31113041625.624252,1306404000,94.67970488173066,-137000,,,4424824000,168160633.98
TPR,"Tapestry, Inc.",NYSE,common,Retail Trade,31062354493.580673,7010700000,5.089039453171843,183200000,1755000000,,3923200000,584023053.5400001
CASY,"Caseys General Stores, Inc.",NASDAQ,common,Retail Trade,31048231426.649685,17561101000,10.16380569251458,714448000,721620000,,2905075000,190523576.28
EXR,Extra Space Storage Inc,NYSE,common,Finance,31005921530.895393,3377542000,3.7041335600518535,972260000,1758611000,,14414204000,120548663.99999999
BIIB,Biogen Inc.,NASDAQ,common,Health Technology,30861377428.859386,9533100000,2.875919970647271,1292900000,2696600000,,8355100000,164874249.81
ZM,"Zoom Communications, Inc.",NASDAQ,common,Technology Services,30827504093.281628,4868769000,4.358352161524985,1900148000,1961233000,,60212000,224096264.42999998
ZTS,Zoetis Inc.,NYSE,common,Health Technology,30388463097.001728,9467000000,2.2796024200518583,2673000000,2366000000,,9238000000,527494404.14000005
CBOE,"Cboe Global Markets, Inc.",CBOE,common,Finance,30387337929.337387,4714200000,15.134937110758335,1094800000,958400000,,1580300000,236908641.5
AEE,Ameren Corporation,NYSE,common,Utilities,30126083654.934895,8799000000,15.426997245179063,1456000000,-1450000000,,21808000000,163882375.89999998
ALNY,"Alnylam Pharmaceuticals, Inc.",NASDAQ,common,Health Technology,29966553759.398052,3713937000,65.19286393864009,313747000,793945000,,2987489000,363057438.29999995
Q,"Qnity Electronics, Inc.",NYSE,common,Electronic Technology,29724350809.694447,4754000000,9.665513264129181,692000000,825000000,,4527000000,212961296.64000002
LPLA,LPL Financial Holdings Inc.,NASDAQ,common,Finance,29660251031.29543,16989479000,37.17668325352377,863024000,-916284000,,8214825999.999999,190913957
BAP,Credicorp Ltd.,NYSE,common,Finance,29603809109.62387,7992663348.52664,8.072751814064445,1941537086.86516,1452917240,,9279043117.03194,101911974.9
LVS,Las Vegas Sands Corp.,NYSE,common,Consumer Services,29586990321.43307,13017000000,15.215082315454062,1627000000,2694000000,,15262000000,152271813.28
RDDT,"Reddit, Inc.",NYSE,common,Technology Services,29523246524.723408,2202506000,69.39682588514889,529721000,1018649000,,20867000,508493402.99999994
FTI,TechnipFMC plc,NYSE,common,Industrial Services,29518211835.695435,9931700000,9.364298063052647,963900000,1571700000,,1242700000,184776634.76999998
TSEM,Tower Semiconductor Ltd.,NASDAQ,common,Electronic Technology,29369461269.09592,1566104000.00346,9.050902360698101,220470000.000488,306493960,,141696000,526772166.54
CPNG,"Coupang, Inc.",NYSE,common,Retail Trade,29335391437.556366,34534000000,14.094092771243558,208000000,83883160,,5633000000,197779762.56
GFS,GlobalFoundries Inc.,NASDAQ,common,Electronic Technology,29179908669.57261,6791000000,0.6074074074074074,885000000,796000000,,1678000000,224505113.44
ILMN,"Illumina, Inc.",NASDAQ,common,Health Technology,29129409446.799263,4338000000,-0.4360798714711958,850000000,931000000,,2527000000,242412442.19
KHC,The Kraft Heinz Company,NASDAQ,common,Consumer Non-Durables,29088255658.544426,24942000000,-3.49763986690397,-5846000000,3816000000,,19001000000,368291874.61
INSM,Insmed Incorporated,NASDAQ,common,Health Technology,28887506448.429962,606423000,66.73393693275081,-1276775000,-837669000,,747277000,206783138.44
WSM,"Williams-Sonoma, Inc.",NYSE,common,Retail Trade,28865581644.10412,7806816000,1.2354858775956712,1088437000,1092203000,,1493564000,189046932.20000002
DTE,DTE Energy Company,NYSE,common,Utilities,28857651820.85063,15281000000,23.80296524345783,1459000000,-1931000000,,27840000000,178474642.04000002
ASTS,"AST SpaceMobile, Inc.",NASDAQ,common,Communications,28841534754.964542,70918000,1505.2059755545497,-341940000,-1638039000,,2993731000,851322706.08
MTD,"Mettler-Toledo International, Inc.",NYSE,common,Health Technology,28823191074.515087,4026399000,3.9778832603675123,869193000,863969000,,2111963000.0000002,202323490.38
VICI,VICI Properties Inc.,NYSE,common,Finance,28705090301.5739,4006116000,4.076452150509001,2775493000,2636974000,,17843674000,226028881.32
ZS,"Zscaler, Inc.",NASDAQ,common,Technology Services,28674335004.160625,2673115000,23.311687443000206,-41478000,889616000,,1861184000,326683019.52
ATO,Atmos Energy Corporation,NYSE,common,Utilities,28658767745.995033,4702755000,12.906215255161413,1198267000,-2020303000,,10323867000,215453919.6
XYL,Xylem Inc.,NYSE,common,Producer Manufacturing,28469047594.7709,9031000000,5.4653742847133016,957000000,923000000,,3055000000,194594793.15
OTIS,Otis Worldwide Corporation,NYSE,common,Industrial Services,28158111583.533264,14431000000,1.192062267723161,1384000000,1712000000,,8846000000,261081109.38
DOV,Dover Corporation,NYSE,common,Producer Manufacturing,28022913289.556778,8092571000,4.475420509071305,1093956000,1171676000,,3259988000,186147952.87
HAL,Halliburton Company,NYSE,common,Industrial Services,27734909427.33817,22184000000,-3.3124128312412835,1283000000,1725000000,,8199000000,257493322.95
NVT,nVent Electric plc,NYSE,common,Electronic Technology,27703605732.88442,3893100000,29.50666977146469,428500000,577700000,,1632900000,355212113.52
FISV,"Fiserv, Inc.",NASDAQ,common,Commercial Services,27417892905.30425,21193000000,3.6028549080954244,3480000000,3963000000,,28012000000,521746364.48
FE,FirstEnergy Corp.,NYSE,common,Utilities,27201864308.436375,15090000000,12.010095011876484,1020000000,-1964000000,,28983000000,175177640.91
HUBB,Hubbell Inc,NYSE,common,Producer Manufacturing,27097824447.838997,5844600000,3.8393888247312784,885600000,901400000,,5556600000,203058648.7
ES,Eversource Energy (D/B/A),NYSE,common,Utilities,26951076867.22269,13547244000,13.834647711764806,1692372000,297711000,,29807786000,128102833.8
RF,Regions Financial Corporation,NYSE,common,Finance,26920972664,9516000000,2.75348234531908,2156000000,1778000000,,7628000000,212227464.4
CPAY,"Corpay, Inc.",NYSE,common,Commercial Services,26899424885.636,4528403000,13.933868382366077,1069826000,1638406000,,10623531000,218762974.8
ECHO,EchoStar Corporation,NASDAQ,common,Communications,26870390420.777447,15004989000,-5.184835679291595,-14497180000,-725181000,,17699867000,472489260
CPRT,"Copart, Inc.",NASDAQ,common,Retail Trade,26839275716.314285,4646958000,9.68024862025153,1552449000,1339233000,,93116000,244650001.82999998
AWK,"American Water Works Company, Inc.",NYSE,common,Utilities,26812514667.00867,5140000000,9.735269000853972,1111000000,-995000000,,16061000000,391665609.23999995
HPQ,HP Inc.,NYSE,common,Technology Services,26777224524.053665,55327000000,4.093996350021636,2529000000,3779000000,,10864000000,325564290.72
CW,Curtiss-Wright Corporation,NYSE,common,Electronic Technology,26729827609.003345,3498372000,12.08459340334725,484228000,625289000,,1148981000,208919155.38000003
EIX,Edison International,NYSE,common,Utilities,26706088926.87366,19317000000,9.761918290811977,4555000000,-389000000,,43540000000,169219199.8
CNP,"CenterPoint Energy, Inc (Holding Co)",NYSE,common,Utilities,26697935457.668987,9357000000,8.261020479000347,1052000000,-2695000000,,25093000000,179851064.4
PPL,PPL Corporation,NYSE,common,Utilities,26678344361.82653,9042000000,6.854171590640511,1179000000,-1992000000,,20323000000,366808346.1
CINF,Cincinnati Financial Corporation,NASDAQ,common,Finance,26470359034.0702,12631000000,11.413954308900061,2393000000,3400000000,,876000000,83392694.4
DG,Dollar General Corporation,NYSE,common,Retail Trade,26382162005.74332,42724369000,5.200544130611833,1512311000,2201207000,,15798401000,250615102.39999998
CRS,Carpenter Technology Corporation,NYSE,common,Non-Energy Minerals,26265802140.249195,3124200000,8.588509262799345,529799999.99999994,362300000,,690700000,301740839.68
DGX,Quest Diagnostics Incorporated,NYSE,common,Health Services,26243473731.113598,11035000000,11.780794165316046,988000000,1349000000,,6383000000,163317317.67000002
LH,Labcorp Holdings Inc.,NYSE,common,Health Services,26234228598.96272,13951700000,7.2473460477058005,876500000,1155200000,,6766100000,118379446.88000001
SN,"SharkNinja, Inc.",NYSE,common,Consumer Durables,26220420859.677536,6399188000,15.74617188787331,701374000,804516000,,913016000,422142095.48
CTSH,Cognizant Technology Solutions Corporation,NASDAQ,common,Technology Services,26215852564.14676,21108000000,6.951763275233076,2230000000,2598000000,,2094000000,577602873.6
ROIV,Roivant Sciences Ltd.,NASDAQ,common,Health Technology,26119199609.21872,8260000,-71.56920111520326,-299771000,-821063000,,107152000,180548760.32
DRI,"Darden Restaurants, Inc.",NYSE,common,Consumer Services,25973272034.86158,13210900000,9.391638444276996,1206700000,1092700000,,8010600000,327071882.56
FCNCA,"First Citizens BancShares, Inc.",NASDAQ,common,Finance,25931918010.48197,14468000000,-3.1139087926069777,2206000000,1608000000,,32498000000,103708014.6
JBHT,"J.B. Hunt Transport Services, Inc.",NASDAQ,common,Transportation,25916767286.21539,11999096000,-0.728936154300035,598282000,1099722000,,1145337000,302589864.03999996
WRB,W.R. Berkley Corporation,NYSE,common,Finance,25885694945.922245,14707856000,7.838723073782703,1779403000,3616102000,,3103180000,84292413.2
SYF,Synchrony Financial,NYSE,common,Finance,25837699569.390343,19116000000,-7.914639433498724,3552000000,9694000000,,16432000000,173825075.37
FWONA,Liberty Media Corporation - Series A Liberty Formula One,NASDAQ,common,Technology Services,25755914969.271156,4482000000,22.693676430331234,555000000,786000000,,4924000000,14669046.3
SW,Smurfit WestRock plc,NYSE,common,Process Industries,25752290582.910122,31179000000.3409,47.70477047839747,699000000.0076431,1050524760,,14164000000.0943,164107993.5
AVB,"AvalonBay Communities, Inc.",NYSE,common,Finance,25673646903.446133,3091295000,4.390711565360044,1049327000,1376535000,,9189942000,666303178.3199999
AMRZ,Amrize Ltd,NYSE,common,Non-Energy Minerals,25667492296.891384,11815000000,0.9483937115516063,1185000000,1321000000,,7091000000,169931536.19
OKTA,"Okta, Inc.",NASDAQ,common,Technology Services,25601824337.882656,2919000000,11.839080459770116,235000000,911000000,,411000000,443069414.70000005
VRSN,"VeriSign, Inc.",NASDAQ,common,Technology Services,25549483297.49282,1656600000,6.369590342879157,825700000,1066099999.9999999,,2340300000,248886190.42
PPG,"PPG Industries, Inc.",NYSE,common,Process Industries,25475581153.30062,15875000000,0.18933417481855475,1571000000,1407000000,,7459000000,136526303.4
MRNA,"Moderna, Inc.",NASDAQ,common,Health Technology,25419347737.88707,1944000000,-39.925834363411624,-2822000000,-1244000000,,1287000000,418457258.61
RBLX,Roblox Corporation,NYSE,common,Technology Services,25388921548.536716,4890551000,35.77400090339227,-1065057000,1644179000,,1836000000,400811270.53999996
NRG,"NRG Energy, Inc.",NYSE,common,Utilities,25363996678.76784,30662000000,9.117437722419929,864000000,348000000,,23467000000,268051257.72
SYM,Symbotic Inc.,NASDAQ,common,Producer Manufacturing,24911781596.1811,2246922000,25.654199048305564,-16937000,737265000,,25827000,55416984.809999995
FOX,Fox Corporation,NASDAQ,common,Consumer Services,24859185100.66841,17126000000,5.067484662576687,1685000000,1468000000,,7568000000,30711746.46
WST,"West Pharmaceutical Services, Inc.",NYSE,common,Health Technology,24792677181.0035,3074700000,6.291699796038304,493700000,436900000,,316500000,149095469.22
DLTR,"Dollar Tree, Inc.",NASDAQ,common,Retail Trade,24715573686.072388,19411800000,10.429217510026453,1282500000,1558300000,,7593300000,226272832.92000002
ENTG,"Entegris, Inc.",NASDAQ,common,Producer Manufacturing,24613025591.39019,3196600000,-1.3762769930223546,235600000,575200000,,3560000000,503488561.40000004
AFRM,"Affirm Holdings, Inc.",NASDAQ,common,Finance,24581556550.065838,2982147000,39.18330218743176,52186000,787857000,,8912474000,278084487.8
INCY,Incyte Corporation,NASDAQ,common,Health Technology,24479807677.980343,5141242000,21.220913714153287,1286650000,1920466000,,38267000,127444474.82
XPO,"XPO, Inc.",NYSE,common,Transportation,24464046632.959682,8157000000,1.0530227948463826,316000000,591000000,,3988000000,207946072.42
KEY,KeyCorp,NYSE,common,Finance,24426572856.027763,11169000000,21.49461546829109,1829000000,761000000,,14659000000,181754039.25
FSLR,"First Solar, Inc.",NASDAQ,common,Electronic Technology,24370924104.252544,5219376000,24.08505454570527,1528229000,1500119000,,194010000,696534939.96
PFG,Principal Financial Group Inc,NASDAQ,common,Finance,24358685173.425285,15625500000,-3.1138972079093734,1185100000,4852200000,,4340600000,121915363.14999999
SMCI,"Super Micro Computer, Inc.",NASDAQ,common,Electronic Technology,24328893290.771835,39063072000,77.78535103837868,2230453000,-6971885000,,8720287000,6226342796.34
TW,Tradeweb Markets Inc.,NASDAQ,common,Finance,24320216391.86363,2052429000,18.915970286491664,812156000,1144817000,,150337000,131532271.44
ARXS,"Arxis, Inc.",NASDAQ,common,Electronic Technology,24255261241.24075,1591020000,114.1368951482654,45989000,,,1783370000,39639247.9
PHM,"PulteGroup, Inc.",NYSE,common,Consumer Durables,24211370399.200123,17311953000,-3.538188940182037,2218730000,1542275000,,2428181000,206524256.79999998
EQR,Equity Residential,NYSE,common,Finance,24153916694.1607,3063693000,3.964942928928904,1120089000,1207710000,,8261669000,453694148.26
CHD,"Church & Dwight Company, Inc.",NYSE,common,Consumer Non-Durables,24014522874.41564,6203200000,1.5735782941166838,736800000,1115300000,,2428300000,142156247.23999998
USFD,US Foods Holding Corp.,NYSE,common,Distribution Services,23999729236.217697,39424000000,4.084272777675106,676000000,946000000,,5405000000,355969627.92
EXPD,"Expeditors International of Washington, Inc.",NYSE,common,Transportation,23979372628.582867,11069009000,4.419539994047459,810332000,923864000,,567285000,158577975.27
FFIV,"F5, Inc.",NASDAQ,common,Technology Services,23950466629.964855,3088072000,9.656974844821955,692380000,969595000,,252380000,250844454.85
BRO,"Brown & Brown, Inc.",NYSE,common,Finance,23777412395.05851,5902000000,22.83038501560874,1043000000,1446000000,,8066000000,130487406.94
TROW,"T. Rowe Price Group, Inc.",NASDAQ,common,Finance,23767651079.88765,7314800000,3.118303823164543,2036500000,2822900000,,649500000,176809835.34
MTSI,"MACOM Technology Solutions Holdings, Inc.",NASDAQ,common,Electronic Technology,23732264645.10136,967258000,32.57773671903484,-54210000,204078000,,414051000,446714622.75
TPL,Texas Pacific Land Corporation,NYSE,common,Miscellaneous,23642450470.41828,798190000,13.086425350264868,481376000,521630000,,15513000,173113931.88
RL,Ralph Lauren Corporation,NYSE,common,Consumer Non-Durables,23596725384.75108,8114500000,14.627772284220935,941100000,1043200000,,3003900000,235149302.45000002
VLTO,Veralto Corp,NYSE,common,Producer Manufacturing,23567503459.760437,5503000000,5.969574427113422,940000000,1047000000,,3379000000,104966026.06
VRSK,"Verisk Analytics, Inc.",NASDAQ,common,Technology Services,23477543248.021103,3072700000,6.628032064406426,908300000,1236500000,,4617100000,253582172.35999998
OMC,Omnicom Group Inc.,NYSE,common,Commercial Services,23459323727.062595,17271900000,10.088532803028855,-54500000,2389200000,,11411200000,189104509.9
GPN,Global Payments Inc.,NYSE,common,Finance,23426665143.455624,7705878000,-0.38898806484513254,1400107000,822719000,,23555090000,260629929.69
FTAI,FTAI Aviation Ltd.,NASDAQ,common,Electronic Technology,23279590166.76578,2511005000,43.44517960031945,501064000,-969209000,,3453320000,388984825.6
AER,AerCap Holdings N.V.,NYSE,common,Finance,23203117483.458916,7419051000.0811205,5.362097173720555,3750612000.04101,-317087130,,42818618000.285194,103467709.25
SOFI,"SoFi Technologies, Inc.",NASDAQ,common,Finance,23170773005.93326,4769597000,26.642327335679646,481320000,-5461178000,,3405137000,665257825.44
L,Loews Corporation,NYSE,common,Finance,23126908175.562527,18454000000,5.3912050256996,1667000000,2753000000,,8936000000,54901989
STE,STERIS plc (Ireland),NYSE,common,Health Technology,23068524857.748398,5935900000,8.725775091743497,782300000,925700000,,2044500000,153385177.4
RIVN,"Rivian Automotive, Inc.",NASDAQ,common,Consumer Durables,23064420539.11797,5387000000,8.390342052313883,-3646000000,-3489000000,,5353000000,235197210.6
IOT,Samsara Inc.,NYSE,common,Technology Services,22994759297.649307,1618635000,29.573830910847672,-9117000,234929000,,69020000,123036400.76
STZ,"Constellation Brands, Inc.",NYSE,common,Consumer Non-Durables,22877131922.140923,9138100000,-10.480118339717277,1686700000,1834200000,,10533800000,169296906.52
ULTA,"Ulta Beauty, Inc.",NASDAQ,common,Retail Trade,22865583712.223923,12392820000,9.71316933043452,1153479000,1129816000,,2302443000,271647392.69
PKG,Packaging Corporation of America,NYSE,common,Process Industries,22836783885.06487,8989300000,7.228656972791156,768900000,742400000,,4404300000,107598681.69
MKL,Markel Group Inc.,NYSE,common,Finance,22828003204.27529,16589313999.999998,-0.18921514012323024,2166345000,2118315999.9999998,,4367740000,98750328.62
MTZ,"MasTec, Inc.",NYSE,common,Industrial Services,22574523117.56105,14299171000,16.220691993734448,399042000,244804000,,3235451000,503868591.75
FICO,Fair Isaac Corporation,NYSE,common,Commercial Services,22552466300.48182,1990869000,15.914926469817633,651946000,939047000,,5598010000,548523513
ROKU,"Roku, Inc.",NASDAQ,common,Technology Services,22513215230.79716,4737251000,15.180366738975778,88361000,505731000,,474118000,312692560.85999995
EXE,Expand Energy Corporation,NASDAQ,common,Energy Minerals,22289183855.879887,11648000000,173.74853113983548,1819000000,2476000000,,3728000000,217716519.8
BURL,"Burlington Stores, Inc.",NYSE,common,Retail Trade,22258251947.10362,11549607000,8.786724892935622,610153000,382924000,,5871547000,353172402.78
GH,"Guardant Health, Inc.",NASDAQ,common,Health Technology,22157128640.28027,982021000,32.882238002966105,-416277000,-228537000,,1697013000,202219298.05
DOW,Dow Inc.,NYSE,common,Process Industries,22081955306.571976,39968000000,-6.9732799553114235,-2634000000,1599000000,,19428000000,202222506.48
LUV,Southwest Airlines Company,NYSE,common,Transportation,22004584649.24209,28063000000,2.1103955172288322,442000000,-457000000,,6889000000,134767501.7
CMS,CMS Energy Corporation,NYSE,common,Utilities,21956670663.117203,8539000000,13.62608117099135,1071000000,-1910000000,,19301000000,376680082.14
UTHR,United Therapeutics Corporation,NASDAQ,common,Health Technology,21948023810.36462,3182700000,10.6102731632724,1334700000,1089600000,,0,166882638.12
RS,"Reliance, Inc.",NYSE,common,Non-Energy Minerals,21805910552.888855,14294300000,3.3198409830140947,739400000,539500000,,1995200000,81692475.48
IP,International Paper Company,NYSE,common,Process Industries,21786504682.105263,23634000000,49.251657720239976,-3516000000,492000000,,12034000000,205375775.66
FIS,"Fidelity National Information Services, Inc.",NYSE,common,Technology Services,21618391846.608047,10677000000,5.43102597017873,382000000,2935000000,,21256000000,172711909.12
AMCR,Amcor plc,NYSE,common,Process Industries,21526815209.508865,23506000000,56.62313432768092,1106000000,1286725160,,14012000000,273908615.52000004
THC,Tenet Healthcare Corporation,NYSE,common,Health Services,21481664271.185818,21310000000,3.071342200725514,1407000000,3023000000,,13248000000,171261038.28
BG,Bunge Limited,NYSE,common,Process Industries,21469311966.411293,70325000000,32.40887181804489,819000000,-709000000,,16857000000,81654384
WWD,"Woodward, Inc.",NASDAQ,common,Producer Manufacturing,21415918884.909134,3567064000,7.304356562940983,442111000,376527000,,1365478000,185320114.2
IFF,"International Flavors & Fragrances, Inc.",NYSE,common,Consumer Non-Durables,21394324429.117058,10890000000,-5.172413793103448,-361000000,538000000,,6243000000,137547372.29999998
EFX,"Equifax, Inc.",NYSE,common,Commercial Services,21201326094.352497,6074500000,6.924715284011899,660300000,1105000000,,5467100000,189396379.20000002
INIO,INNIO N.V.,NASDAQ,common,Producer Manufacturing,21180000588.46193,2636800000.0288296,22.124959474971206,144300000.001578,,,2700000000.0179896,88618306.08
SNA,Snap-On Incorporated,NYSE,common,Consumer Durables,21127426161.822628,5156100000,0.9337561663143059,1016900000,1108500000,,1310000000,110736252.8
FDXF,"FedEx Freight Holding Company, Inc.",NYSE,common,Transportation,21117941643.6892,8795000000,-1.090868196131354,655000000,,,6365000000,126029723.16000001
MKSI,MKS Inc.,NASDAQ,common,Producer Manufacturing,20747094349.681908,3931000000,9.620747350808701,295000000,433000000,,4186000000,371464353.15999997
FN,Fabrinet,NYSE,common,Electronic Technology,20490311110.697727,3419327000.04048,18.604444657188267,332527000.003937,45807000,,4425000,447293082.6
LEN,Lennar Corporation,NYSE,common,Consumer Durables,20484341968.03655,34131040000,-3.7929943138966715,2058083000,956647000,,6245008000,152850930
SITM,SiTime Corporation,NASDAQ,common,Electronic Technology,20463940251.09417,326660000,61.15680054465532,-42903000,84488000,,1326612000,292690971.48
SNX,TD SYNNEX Corporation,NYSE,common,Distribution Services,20406272041.91327,62508861000,6.939702222162307,820165000,374559000,,4719969000,113846884.11
GIS,"General Mills, Inc.",NYSE,common,Consumer Non-Durables,20376985884.582123,18424600000,-5.449898904888487,-87600000,1626300000,,13940400000,323243868.52
LYB,LyondellBasell Industries NV,NYSE,common,Process Industries,20286782069.371677,30153000000,-9.699928126497365,-745000000,1578000000,,14220000000,206839524.39999998
NI,NiSource Inc,NYSE,common,Utilities,20136727337.60081,6642200000,21.76128760242709,926900000,-1086200000,,17403000000,274247397.45
CHTR,"Charter Communications, Inc.",NASDAQ,common,Consumer Services,20096611230.501995,54774000000,-0.5645820096214941,4987000000,4358000000,,95114000000,242606051.1
RBRK,"Rubrik, Inc.",NYSE,common,Technology Services,19909768025.099968,1316191000,48.46313324550163,-348828000,278113000,,1146403000,335665287.98
WES,"Western Midstream Partners, LP",NYSE,common,Industrial Services,19902619610.09497,3843403000,6.606526142765648,1154498000,1246714000,,9129011000,31038387.67
TOST,"Toast, Inc.",NYSE,common,Technology Services,19788860606.400806,6153000000,24.052419354838708,342000000,576000000,,0,450503002.82000005
RGLD,"Royal Gold, Inc.",NASDAQ,common,Non-Energy Minerals,19730576177.19678,1030471000,43.24133473265731,466281000,585000,,395892000,184519434.77
U,Unity Software Inc.,NYSE,common,Technology Services,19597159496.55414,1849648000,2.007053613529261,-402765000,538389000,,2320892000,513370339.2
TPG,TPG Inc.,NASDAQ,common,Finance,19564618223.184193,4672821000,33.56000054878028,123774000,-21591000,,2988642000,230103120.96
DD,"DuPont de Nemours, Inc.",NYSE,common,Process Industries,19496154140.133503,6849000000,1.9348117279357047,-779000000,1049000000,,3125000000,205390867.9
SBAC,SBA Communications Corporation,NASDAQ,common,Finance,19422611652.974888,2815139000,5.056847315715504,1053632000.0000001,472219000,,12729222000,125107718.00000001
ITT,ITT Inc.,NYSE,common,Producer Manufacturing,19357782275.54189,3938500000,8.477704024017408,488000000,509500000,,3834700000,129994218.56
CDE,"Coeur Mining, Inc.",NYSE,common,Non-Energy Minerals,19325179021.9591,2069299000,93.14909814551388,585872000,1156220000,,713156000,850422324
BR,"Broadridge Financial Solutions, Inc.",NYSE,common,Technology Services,19300469125.28642,7476800000,8.530867602444442,1124300000,1278400000,,3517600000,209016457.97
TSN,"Tyson Foods, Inc.",NYSE,common,Consumer Non-Durables,19243322454.243668,54441000000,2.1234688326548987,474000000,1161000000,,8006000000,120092125.43
EVRG,"Evergy, Inc.",NASDAQ,common,Utilities,19206345457.572105,5919800000,1.65015368236688,855600000,-1405800000,,16498000000,158465308.16
AS,"Amer Sports, Inc.",NYSE,common,Consumer Durables,19100316347.941505,6566200000,26.679914340285148,427400000,,,1001000000,164329237.53
OWL,Blue Owl Capital Inc.,NYSE,common,Finance,19052106913.125,2870178000,25.038957893237296,78833000,1323508000,,4344548000,228396235.86
APG,APi Group Corporation,NYSE,common,Industrial Services,18994781179.738865,7911000000,12.724422912510686,302000000,676000000,,3842000000,115407456.44999999
TSCO,Tractor Supply Company,NASDAQ,common,Retail Trade,18981491338.50581,15524046000,4.305617510068882,1096087000,306981000,,6544978000,635459892.59
SSNC,"SS&C Technologies Holdings, Inc.",NASDAQ,common,Technology Services,18805251242.343895,6272200000,6.633798027881673,796900000,1764200000,,7777300000,102264490.22
QNT,Quantinuum Inc.,NASDAQ,common,Electronic Technology,18722041200.614697,30931000,34.605509378127856,-192561000,,,29860000,328354195.21999997
ZBH,"Zimmer Biomet Holdings, Inc.",NYSE,common,Health Technology,18671312742.207653,8231500000,7.200531346860105,705100000,1200100000,,7479000000,267499206.39000002
FTV,Fortive Corporation,NYSE,common,Electronic Technology,18586129922.486057,4159100000.0000005,1.9162439657918713,579200000,954900000,,3509300000,85976549.36
EWBC,"East West Bancorp, Inc.",NASDAQ,common,Finance,18503450229.822987,4603189000,3.25596220937601,1325188000,1862648000,,4157318000,85831162.55000001
VTRS,Viatris Inc.,NASDAQ,common,Health Technology,18492312986.627766,14293200000,-2.831464951698539,-3514900000,1954800000,,13626400000,219049677.00000003
GPC,Genuine Parts Company,NYSE,common,Distribution Services,18474587508.568954,24300141000,3.4639882904991355,65944999.99999999,759354000,,6652785000,145233605.51999998
LSCC,Lattice Semiconductor Corporation,NASDAQ,common,Electronic Technology,18360251875.01618,523261999.99999994,2.721039024265744,3084000,151269000,,38082000,186481799.52
LNT,Alliant Energy Corporation,NASDAQ,common,Utilities,18212157707.98017,4362000000,9.570459683496608,810000000,-1282000000,,12118000000,396971896
BIP,Brookfield Infrastructure Partners LP Limited Partnership,NYSE,common,Utilities,18166282450.74149,23100000000,9.796092970198202,449000000,-1238000000,,66790000000,23164408.8
CF,"CF Industries Holdings, Inc.",NYSE,common,Process Industries,18162088192.779285,7084000000,19.339622641509436,1455000000,1910000000,,3613000000,371004794.49
DKS,Dick's Sporting Goods Inc,NYSE,common,Retail Trade,18138659157.123447,17215120000,28.06154409679079,849239000,401619000,,7789426000,251567937.79999998
CRCL,"Circle Internet Group, Inc.",NYSE,common,Technology Services,18096273063.16695,2746642000,63.85605275575942,-69508000,761151000,,15951000,616938094.08
ESS,"Essex Property Trust, Inc.",NYSE,common,Finance,18076783641.41971,1887345000,6.362253092507538,669666000,1188450000,,6748253000,71016174.67999999
PR,Permian Resources Corporation,NYSE,common,Energy Minerals,17959829985.887695,5065211000,1.2893507233138175,935174000,1066488000,,3150869000,179703552.6
IONQ,"IonQ, Inc.",NYSE,common,Electronic Technology,17957804388.802948,130015999.99999999,201.85034708518094,-510378000,-572368000,,54498000,1002889192.8000001
JHX,James Hardie Industries plc.,NYSE,common,Non-Energy Minerals,17914924984.476833,4835800000.04437,24.714377821521374,104000000.000954,354332010,,4522000000.03012,168241406.18
ZBRA,Zebra Technologies Corporation,NASDAQ,common,Electronic Technology,17900934807.84462,5435000000,9.356136820925553,419000000,904000000,,2962000000,283198215.53000003
WY,Weyerhaeuser Company,NYSE,common,Finance,17845424254.60592,6905000000,-3.0741156653565413,324000000,-442000000,,5449000000,107429529.84
WCC,"WESCO International, Inc.",NYSE,common,Distribution Services,17768000223.094738,23510900000,7.755238601572955,673100000,155100000,,6706000000,195782178.8
IEX,IDEX Corporation,NYSE,common,Producer Manufacturing,17731110656.112087,3457500000,5.772760646108663,483200000,641500000,,1885500000,166789075.04000002
AKAM,"Akamai Technologies, Inc.",NASDAQ,common,Technology Services,17645525561.33282,4208175000,5.437180294089349,452031000,629879000,,9338986000,429685185.3
LDOS,"Leidos Holdings, Inc.",NYSE,common,Technology Services,17616596417.979275,17174000000,3.0728604009122553,1448000000,2163000000,,6578000000,239759353.78
RBC,RBC Bearings Incorporated,NYSE,common,Producer Manufacturing,17591458605.63749,1870900000,14.337224225386544,287600000,385200000,,878100000,125788602.64999999
INVH,Invitation Homes Inc.,NYSE,common,Finance,17588760329.518627,2759735000,2.4129091250500054,586964000,823480000,,8585700000.000001,80431700.14
ROL,"Rollins, Inc.",NYSE,common,Commercial Services,17571429804.727375,3761050000,10.987727476076428,526705000.00000006,619169000,,1115303000,225231147.24
BBY,"Best Buy Co., Inc.",NYSE,common,Retail Trade,17493670733.165226,41691000000,0.3925062608360624,1069000000,1605000000,,4126000000,158538881
TLN,Talen Energy Corporation,NASDAQ,common,Utilities,17492058059.8896,2525000000,39.6570796460177,-219000000,364000000,,9572000000,329672447.73
NTNX,"Nutanix, Inc.",NASDAQ,common,Technology Services,17476219958.127335,2537927000,18.108158167102257,188366000,770884000,,1532288000,93016415.85000001
NLY,Annaly Capital Management Inc.,NYSE,common,Finance,17418339706.101124,6695524000,5.353804516720363,2027262000,886447000,,124974903000,181870893.12
OVV,Ovintiv Inc. (DE),NYSE,common,Energy Minerals,17411827796.904648,8736000000.009321,-3.1163358101475738,1242000000.00132,2248961070,,5029000000,279745888.8
NDSN,Nordson Corporation,NASDAQ,common,Producer Manufacturing,17342767963.37063,2791687000,3.783233782702169,484474000,713670000,,1973749000,103592308.16
CG,The Carlyle Group Inc.,NASDAQ,common,Finance,17200185665.37221,4788700000,-9.522549927258298,808700000,670200000,,14253700000,268220702.25000003
GEN,Gen Digital Inc.,NASDAQ,common,Technology Services,17143532849.886244,5000000000,27.064803049555273,973000000,1548000000,,8176000000,128476806.08
CHRW,"C.H. Robinson Worldwide, Inc.",NASDAQ,common,Transportation,17142080170.583733,16232763000,-8.418599177340694,587081000,668759000,,1972571000,171684917.1
CDW,CDW Corporation,NASDAQ,common,Technology Services,17086131974.251232,22424100000,6.788039259573211,1066599999.9999999,860200000,,6429500000,157825695.98
BEN,"Franklin Resources, Inc.",NYSE,common,Finance,17066303527.123203,8733100000,2.3138385116453444,471700000,240400000,,16710000000,85472542.97000001
FLUT,Flutter Entertainment plc,NYSE,common,Consumer Services,17020715162.75015,16383000000.1791,16.621583144573687,-310000000.00339,1255127660,,12559000000.0837,334123839.68
J,Jacobs Solutions Inc.,NYSE,common,Technology Services,17013902516.886738,12020983000,4.6299947924287155,290248000,644544000,,4054663000,76528728.17
PFGC,Performance Food Group Company,NYSE,common,Transportation,16873019981.69972,67839500000,7.173268413827097,359300000,1029599999.9999999,,7782500000,475547141.40999997
H,Hyatt Hotels Corporation,NYSE,common,Consumer Services,16830410986.847197,7151000000,6.779154845453188,-52000000,302000000,,4509000000,165376994.09
STRL,"Sterling Infrastructure, Inc.",NASDAQ,common,Industrial Services,16791567341.795181,2490049000,17.690745057558637,290153000,482002000,,336815000,309423352.8
NVR,"NVR, Inc.",NYSE,common,Consumer Durables,16772495559.216486,10098818000,-1.996202248004443,1339816000,1046421000,,1050702000,207511531.5
CLH,"Clean Harbors, Inc.",NYSE,common,Industrial Services,16715081013.637936,6030837000,2.391954976882664,390974000,461027000,,3034295000,164079480.45
JLL,Jones Lang LaSalle Incorporated,NYSE,common,Finance,16688833104.988056,26115600000,11.44843361257036,792100000,1240200000,,3418800000,102637283
MEDP,"Medpace Holdings, Inc.",NASDAQ,common,Commercial Services,16662698918.014664,2530234000,19.970090855900324,451123000,706686000,,144112000,185293040.32
ONTO,Onto Innovation Inc.,NYSE,common,Electronic Technology,16555197146.194536,1005263000,1.817240796053158,136759000,252471000,,1471731000,457550166.45000005
BALL,Ball Corporation,NYSE,common,Process Industries,16448665860.769793,13182000000,11.730801830818782,915000000,827000000,,7582000000,88418073.9
YUMC,"Yum China Holdings, Inc.",NYSE,common,Consumer Services,16403744473.601597,11797000000.0083,4.370521100557252,929000000.0006549,955676200,,2302000000,68825594
PAA,"Plains All American Pipeline, L.P.",NASDAQ,common,Industrial Services,16397364429.007341,44282000000,-9.467830638071678,1428000000,2375000000,,8635000000,35400864.519999996
BBIO,"BridgeBio Pharma, Inc.",NASDAQ,common,Health Technology,16389669100.157705,502076000,126.2602410072915,-724931000,-435389000,,3402433000,234216513.92000002
NWS,News Corporation,NASDAQ,common,Consumer Services,16224718767.224977,9028000000,6.814955040227165,573000000,805000000,,2915000000,34032886.64
KIM,Kimco Realty Corporation (HC),NYSE,common,Finance,16219686446.180227,2153821000,4.649262219691354,581484000,796075000,,9168710000,89223764.76
TIGO,Millicom International Cellular S.A.,NASDAQ,common,Communications,16162663905.731874,5819000000.06363,0.25844245440065056,1316000000.01439,1591364540,,11901000000.0792,56461575.72
JAZZ,Jazz Pharmaceuticals plc,NASDAQ,common,Health Technology,16160160162.873558,4267586000.0000005,4.88175082023619,-356148000,1591330000,,4409300000,137793795.895
PNFP,"Pinnacle Financial Partners, Inc.",NYSE,common,Finance,16143362905.699245,3182380000,5.951449933263884,641865000,1444338000,,11103000000,91875616.11
WPC,W. P. Carey Inc. REIT,NYSE,common,Finance,16104375195.697287,1716485000,8.43117387168055,466359000,1011692000,,8949043000,101569936.84
RGA,"Reinsurance Group of America, Incorporated",NYSE,common,Finance,16069433632.42248,23698000000,6.930782420359173,1182000000,5199000000,,5709000000,99783471.36
PTC,PTC Inc.,NASDAQ,common,Technology Services,16057841101.23418,2739226000,19.175956896581727,733997000,934313000,,1607694000,135678859.89000002
MAIR,Madison Air Solutions Corporation,NYSE,common,Producer Manufacturing,15979864450.338774,3340100000,27.25644835600259,98400000,,,3190500000,54587619.45
ASND,Ascendis Pharma A/S,NASDAQ,common,Health Technology,15934789617.816633,812725096.715381,106.61778859529645,-257354144.38519,50568450,,1033136260.8,112402910.92
NBIX,"Neurocrine Biosciences, Inc.",NASDAQ,common,Health Technology,15907080034.987593,2860500000,21.449496879378422,478600000,812000000,,401800000,327714315.95000005
ARMK,Aramark,NYSE,common,Consumer Services,15869247198.094097,18506299000,6.3537555182403285,326394000,432805000,,6467897000,206566704.20000002
BWXT,"BWX Technologies, Inc.",NYSE,common,Electronic Technology,15810289279.787872,3198374000,18.2939990753583,328945000,316762000,,2019897000,163940973.12
NXT,Nextpower Inc.,NASDAQ,common,Electronic Technology,15729799207.329807,3559390000,20.282292797674504,585883000,546735000,,38400000,212788584.19
DOCN,"DigitalOcean Holdings, Inc.",NYSE,common,Technology Services,15681583871.737217,901427000,15.476515311645306,259262000,179397000,,1977860000,278011765.55
LECO,"Lincoln Electric Holdings, Inc.",NASDAQ,common,Producer Manufacturing,15641516303.535337,4230654000.0000005,5.521145238751464,520533000,542404000,,1239970000,173728481.33
LAMR,Lamar Advertising Company,NASDAQ,common,Finance,15634269488.34898,2266214000,2.678216648701941,587152000,718053000,,4978484000,108266837.83999999
DINO,HF Sinclair Corporation,NYSE,common,Energy Minerals,15632533959.792871,26869000000,-6.003148504460381,574000000,2310000000,,3244000000,214465666.50000003
HST,"Host Hotels & Resorts, Inc.",NASDAQ,common,Finance,15620836726.083448,6114000000,7.565095003518649,765000000,1013000000,,5645000000,219342657.6
QXO,"QXO, Inc.",NYSE,common,Distribution Services,15593344479.306753,6842200000,11930.664814586886,-279400000,194942000,,3902500000,370055388.51
IREN,IREN Limited,NASDAQ,common,Technology Services,15583966365.83019,495834000.002145,166.88735305481137,86941000.0003761,-2128916060,,3964913000.02579,2120559870.1100001
SWK,"Stanley Black & Decker, Inc.",NYSE,common,Consumer Durables,15539613010.92981,15130400000,-1.5313327736451967,401900000,1289100000,,4757900000,187256391
ULS,UL Solutions Inc.,NYSE,common,Commercial Services,15481552535.948606,3053000000,6.376306620209059,325000000,436000000,,476000000,73161001.44000001
SUN,Sunoco LP,NYSE,common,Distribution Services,15474355939.933867,25201000000,11.05186621425109,338000000,1722000000,,14841000000,28193069.05
MAA,"Mid-America Apartment Communities, Inc.",NYSE,common,Finance,15353185253.21846,2209126000,0.8266031953227158,446672000,644943000,,5715268000,92829230.34
TXT,Textron Inc.,NYSE,common,Electronic Technology,15287917446.57749,14799000000,8.006130491898993,921000000,758000000,,4211000000,102927153.24
IESC,"IES Holdings, Inc.",NASDAQ,common,Industrial Services,15268630625.248924,3371468000,16.887986858774116,303058000,416671000,,76943000,204075211.66
TRU,TransUnion,NYSE,common,Commercial Services,15220705005.231802,4576300000,9.38142358621349,455400000,787200000,,5659000000,148278096.48
CSL,Carlisle Companies Incorporated,NYSE,common,Producer Manufacturing,15195024559.89948,5019900000,0.3257654488768087,741000000,864800000,,2884900000,149471570.43
VNOM,"Viper Energy, Inc.",NASDAQ,common,Miscellaneous,15168800521.621965,1346000000,57.689532039326316,-69000000,1495000000,,1678000000,81871512.14999999
ALB,Albemarle Corporation,NYSE,common,Process Industries,15144769251.979591,5142733000,-4.366189954265214,-510628000,1342372000,,1998938000,246651127.38
MLI,"Mueller Industries, Inc.",NYSE,common,Producer Manufacturing,15102265078.274944,4178546999.9999995,10.873081533849529,765191000,666374000,,24684000,55732252.68
CRBG,Corebridge Financial Inc.,NYSE,common,Finance,15058195517.396227,17722000000,-5.341309689135776,-366000000,1852000000,,10870000000,208240694.70000002
CACI,"CACI International, Inc.",NYSE,common,Technology Services,15029454514.466616,9567779000,10.894461917628362,535808000,780057000,,5384533000,256017476.16000003
COO,"The Cooper Companies, Inc.",NASDAQ,common,Health Technology,14964699749.874775,4092400000,5.057247009293012,374900000,569500000,,2460200000,226537652
WSE,Wise Group plc,NASDAQ,common,Commercial Services,14821330388.589245,2707300000.0169,19.680827549550656,498700000.00311303,,,483700000.00635797,14422564.65
GRAB,Grab Holdings Limited,NASDAQ,common,Transportation,14720591165.01604,3370000000,20.486235252055774,268000000,-19000000,,2033000000,131996090.53999999
MAS,Masco Corporation,NYSE,common,Producer Manufacturing,14718070325.932232,7562000000,-3.3980582524271843,810000000,1126000000,,3493000000,146986462.08
RPM,RPM International Inc.,NYSE,common,Process Industries,14699205307.703497,7863422000,6.6567434966343155,658811000,675201000,,2949378000,84654352.39
CPT,Camden Property Trust,NYSE,common,Finance,14657241138.820387,1585467000,2.0184042329349676,383638000,322319000,,4873028000,83213730.47999999
DOC,"Healthpeak Properties, Inc.",NYSE,common,Finance,14596852562.431982,2822512000,4.520100175933706,70513000,1108738000,,10320380000,84445622.02
TTMI,"TTM Technologies, Inc.",NASDAQ,common,Electronic Technology,14548679464.795776,2906345000,18.97825936556009,177448000,-15139000,,1103197000,305925886.9
LII,"Lennox International, Inc.",NYSE,common,Producer Manufacturing,14546933924.055313,5195300000,-2.7334169584183625,805800000,738700000,,2024700000,148747068.54000002
UNM,Unum Group,NYSE,common,Finance,14530980302.6256,13054400000,1.1984681933053225,738500000,693000000,,3763800000,125093247.80000001
SOLV,Solventum Corporation,NYSE,common,Health Services,14518382489.482405,8325000000,0.8601889992730797,1556000000,-118000000,,5286000000,71129557.17
SUI,"Sun Communities, Inc.",NYSE,common,Finance,14413924996.89964,2322500000,1.8863785917964466,1366100000,486000000,,4053800000,84476535.64
GWRE,"Guidewire Software, Inc.",NYSE,common,Technology Services,14410012116.416191,1202459000,22.637703124027915,69804000,319641000,,704237000,132620473.04
LULU,lululemon athletica inc.,NASDAQ,common,Consumer Non-Durables,14343636942.62264,11102600000,4.858971266492295,1579183000,1279952000,,2136007999.9999998,345699924.39
DT,"Dynatrace, Inc.",NYSE,common,Technology Services,14322945827.46597,2018387000,18.820698152627653,162669000,570556000,,159273000,257999051.52
PAG,"Penske Automotive Group, Inc.",NYSE,common,Retail Trade,14314506406.38789,31808500000,-0.17668398985714645,935400000,497200000,,9371200000,78479128
ARCC,Ares Capital Corporation,NASDAQ,common,Finance,14267114297.650478,3145000000,7.3745305565039265,1299000000,1060000000,,15773000000,73082237.53
MKC,"McCormick & Company, Incorporated",NYSE,common,Consumer Non-Durables,14242400794.013042,6840300000,1.7341642250546574,789400000,1019900000,,4933500000,95815473.11
EQH,"Equitable Holdings, Inc.",NYSE,common,Finance,14162333134.03291,12082000000,-15.892794987817613,-1380000000,1066000000,,3839000000,162074350.62
ALLE,Allegion plc,NYSE,common,Consumer Durables,14125461215.893318,4067300000.04448,7.8230210497105155,643800000.00704,681328670,,2222300000.0148,136513516.86
W,Wayfair Inc.,NYSE,common,Retail Trade,14099501943.52868,12457000000,5.113492532275758,-313000000,433000000,,3516000000,359050808.28
TXRH,"Texas Roadhouse, Inc.",NASDAQ,common,Consumer Services,14065539008.798016,5878075000,9.393482479772327,405554000,406385000,,1087554000,142436415.88
JBS,JBS N.V.,NYSE,common,Consumer Non-Durables,14050590260.57143,86022066589.9663,11.221557445356806,2026077285.83308,388493440,,24447973995.112103,110057907.19999999
BWA,BorgWarner Inc.,NYSE,common,Producer Manufacturing,14022429400.003586,14316000000,1.6544770290421076,277000000,1213000000,,4065000000,116071529.85
APA,APA Corporation,NASDAQ,common,Energy Minerals,14003549145.04062,8920000000,-8.390674745814932,1434000000,2102000000,,3881000000,266041359.22
EG,"Everest Group, Ltd.",NYSE,common,Finance,13944103008.760954,17495000000,1.2383542619061396,1591000000,2232000000,,3589000000,97927239.25
BAX,Baxter International Inc.,NYSE,common,Health Technology,13933041745.139439,11244000000,5.7164347499059796,-1054000000,815000000,,8857000000,185454646.29999998
IVZ,Invesco Ltd,NYSE,common,Finance,13924903533.093111,6445000000,7.253998102877303,-281700000,1954900000,,1624000000,201273519.28
OHI,"Omega Healthcare Investors, Inc.",NYSE,common,Finance,13899206239.53917,1198099000,12.773934242603927,590111000,834094000,,4030629000,87949899.50999999
DTM,"DT Midstream, Inc.",NYSE,common,Industrial Services,13886322093.661077,1243000000,26.70744138634047,441000000,531000000,,3373000000,130236893.60000001
TOL,"Toll Brothers, Inc.",NYSE,common,Consumer Durables,13883248062.253288,10966723000,1.1061664610749404,1346486000,1215449000,,2923458000,142791394.92
REG,Regency Centers Corporation,NASDAQ,common,Finance,13869549979.504353,1556317000,6.79982816690319,527460000.00000006,416139000,,5489077000,67407691.11999999
AIZ,"Assurant, Inc.",NYSE,common,Finance,13865896941.021854,12814300000,7.88718164596927,872700000,1655600000,,2208100000,77013386.24
AMKR,"Amkor Technology, Inc.",NASDAQ,common,Electronic Technology,13811472550.33702,6707981000,6.177714899681719,373895000,-172386000,,2674039000,235128133.56
AUR,"Aurora Innovation, Inc.",NASDAQ,common,Technology Services,13768483453.946764,3000000,,-816000000,-751000000,,82000000,188006439.78
AVY,Avery Dennison Corporation,NYSE,common,Process Industries,13719926538.801538,8855500000,1.1398289114519684,688000000,1063099999.9999999,,3678200000,136696296.09
CNA,CNA Financial Corporation,NYSE,common,Finance,13711349957.70572,14989000000,5.0385423966363,1278000000,2255000000,,2973000000,12676975.290000001
GL,Globe Life Inc.,NYSE,common,Finance,13672283634.942448,5994318000,3.742582513292936,1161238000,1232375000,,2943249000,78811283.44
MOG.A,Moog Inc.,NYSE,common,Electronic Technology,13625201773.242937,3860624000,6.973310870721759,235028000,350162000,,1145544000,89584357.38
BMRN,BioMarin Pharmaceutical Inc.,NASDAQ,common,Health Technology,13596621567.937885,3241864000,14.182023360748266,348901000,738181000,,4217702000,199506956.64
CRL,"Charles River Laboratories International, Inc.",NYSE,common,Commercial Services,13575503180.892235,4015382000,-0.8544961480142292,-144338000,370605000,,3034319000,331717605
AA,Alcoa Corporation,NYSE,common,Non-Energy Minerals,13517441146.288462,13189000000,8.248522652659226,1157000000,352000000,,2225000000,439842735.28
SGI,Somnigroup International Inc.,NYSE,common,Consumer Durables,13515981552.088444,7476500000,51.62546391125352,384100000,769000000,,6412100000,116682433.25
AEIS,"Advanced Energy Industries, Inc.",NASDAQ,common,Electronic Technology,13509814857.805428,1798800000,21.373078495751134,148400000,88600000,,1377000000,120222534.6
ALLY,Ally Financial Inc.,NYSE,common,Finance,13460835919.53925,15127000000,-7.485780686196562,852000000,793000000,,23083000000,129718034.25
EQX,Equinox Gold Corp.,AMEX,common,Non-Energy Minerals,13460811372.444511,1849005968.2815633,112.77125261073286,225347968.0503669,75932243.2,,582300400,154266499.75
HRL,Hormel Foods Corporation,NYSE,common,Consumer Non-Durables,13422180999.170368,12106160000,1.5549547568002375,478197000,692936000,,2856339000,81734060.7
HAS,"Hasbro, Inc.",NASDAQ,common,Consumer Durables,13383709325.310593,4700200000,13.600000000000001,-322400000,1213600000,,3878200000,208838751.39000002
GGG,Graco Inc.,NYSE,common,Producer Manufacturing,13359570986.476234,2236604000,5.833864883434387,521839000.00000006,629455000,,52212000,102896211.22
CNH,CNH Industrial N.V.,NYSE,common,Producer Manufacturing,13280799609.547506,18099000000,-8.798185941043084,510000000,611000000,,26255000000,153266987.37
CHKP,Check Point Software Technologies Ltd.,NASDAQ,common,Technology Services,13200590174.734509,2725400000.00603,6.253411306077486,1056900000.00234,1186974490,,1974900000,114417900.58999999
RNR,RenaissanceRe Holdings Ltd.,NYSE,common,Finance,13190648655.141224,12776742000,9.6898616859922,2639910000,3605697000,,2330907000,82610648.39999999
FIVE,"Five Below, Inc.",NASDAQ,common,Retail Trade,13168311859.54791,4764147000,22.89729956737048,358641000,505269000,,1998709000,167036093.725
RVTY,"Revvity, Inc.",NYSE,common,Health Technology,13150666812.007948,2856051000,3.6669345407266576,242018000,558113000,,3341516000,143078853.96
TRMB,Trimble Inc.,NASDAQ,common,Technology Services,13135833553.706451,3587300000,-2.6063584285830643,424000000,773100000,,1459300000,263360064.8
CCK,"Crown Holdings, Inc.",NYSE,common,Process Industries,13128480874.33122,12371000000,4.688161123804688,738000000,1199000000,,6272000000,113047812.03999999
GNRC,Generac Holdings Inc.,NYSE,common,Producer Manufacturing,13093511120.962196,4209147000,-2.0179317915915744,159554000,379249000,,1340656000,217417620
SMTC,Semtech Corporation,NASDAQ,common,Electronic Technology,13041162907.150478,1049974999.9999999,15.472342615697782,-40376000,162061000,,517616999.99999994,335163500
AIT,"Applied Industrial Technologies, Inc.",NYSE,common,Distribution Services,13020475693.711197,4563424000,1.8756504768712638,392988000,438930000,,365300000,118624497.96000001
TYL,"Tyler Technologies, Inc.",NYSE,common,Technology Services,13008080120.747776,2332340000,9.099856254294712,315603000,714266000,,1455030000,209576330.88
PINS,"Pinterest, Inc.",NYSE,common,Technology Services,12968568090.505262,4221767000,15.786472694880047,416855000,1280404000,,1196635000,246000822.6
WMG,Warner Music Group Corp.,NASDAQ,common,Commercial Services,12967890896.233654,6707000000,4.3728602552131965,361000000,836000000,,4919000000,76574029.32
UHAL,U-Haul Holding Company,NYSE,common,Finance,12962017935.45581,6046079000,3.5803273273746585,47834000,-1233631000,,8145006000,10097772.99
NVMI,Nova Ltd.,NASDAQ,common,Electronic Technology,12900708868.482386,880577000.001948,30.961070559653077,259223000.000573,204439310,,803498000,168476913
WTS,"Watts Water Technologies, Inc.",NYSE,common,Producer Manufacturing,12898209600.885122,2438500000,8.271911908356273,340800000,349400000,,108000000,58875833.34
AGNC,AGNC Investment Corp.,NASDAQ,common,Finance,12898038531.173553,1910000000,-60.82854799015587,1670000000,886000000,,107958000000,179945223.04000002
ICLR,ICON plc,NASDAQ,common,Commercial Services,12897869921.951565,8251340000.09022,0.7613881574578621,229339000.00250798,893970230,,3525835000.02348,137461049.10999998
CR,Crane Company,NYSE,common,Electronic Technology,12885432775.47307,2305000000,8.15503003003004,323100000,380300000,,1115700000,64869731.910000004
HII,"Huntington Ingalls Industries, Inc.",NYSE,common,Electronic Technology,12877422943.082508,12484000000,8.227134807108799,605000000,-85000000,,2935000000,102457682.4
PEN,"Penumbra, Inc.",NYSE,common,Health Technology,12863797835.966715,1403665000,17.49936171904756,177687000,215906000,,212710000,75127116.36
SF,Stifel Financial Corporation,NYSE,common,Finance,12826087984.802843,6347842000,6.729560435772779,683779000,734492000,,3056564000,70207836.52
WSO,"Watsco, Inc.",NYSE,common,Producer Manufacturing,12818349243.459755,7239290000,-4.975206466205068,464184000,697141000,,535269000,254972095.19000003
WBS,Webster Financial Corporation,NYSE,common,Finance,12811984675.124317,4420571000,5.822932745525358,991511000,1313897000,,4471812000,260834613.67
CLX,Clorox Company (The),NYSE,common,Consumer Non-Durables,12788641825.053858,6720000000,-5.405405405405405,587000000,405000000,,5582000000,212921954.56
FNF,"Fidelity National Financial, Inc.",NYSE,common,Finance,12784751173.834562,14505000000,5.7678284964270095,602000000,6285000000,,4742000000,51232760.46
SJM,The J.M. Smucker Company,NYSE,common,Consumer Non-Durables,12696356043.813108,9050900000,3.7221668328348287,-138700000,1156200000,,7129800000,158438894.67000002
SEIC,SEI Investments Company,NASDAQ,common,Finance,12666823956.204721,2299721000,8.11389817632036,715305000,679159000,,67852000,53799437.160000004
DKNG,DraftKings Inc.,NASDAQ,common,Consumer Services,12664543428.585636,6054525000,26.990504224364837,3710000,650891000,,1916009000,222603856.91000003
FIG,FIGMA INC,NYSE,common,Technology Services,12658978829.8653,1055788000,40.95760943430737,-1250463000,229317000,,67751000,333111871.25
JEF,Jefferies Financial Group Inc.,NYSE,common,Finance,12638875553.033455,8938687000,-15.81938137557021,630791000,7926542000,,36928789000,75786347.56
COKE,"Coca-Cola Consolidated, Inc.",NASDAQ,common,Consumer Non-Durables,12565342959.826096,7228055000,4.758732098538548,570582000,645803000,,2623093000,121992234.96000001
GLPI,"Gaming and Leisure Properties, Inc.",NASDAQ,common,Finance,12538653714.296434,1594752000,4.126941012545493,824370000,627728000,,8379888000.000001,100094405.60000001
EXEL,"Exelixis, Inc.",NASDAQ,common,Health Technology,12483242113.72297,2320126000,6.982290320334615,782570000,1172459000,,165929000,148051907.52
DECK,Deckers Outdoor Corporation,NYSE,common,Consumer Non-Durables,12419784622.813297,5454447000,9.353575653080455,1024070999.9999999,1117808000,,472334000,325383086.40000004
ELS,"Equity Lifestyle Properties, Inc.",NYSE,common,Finance,12414314394.58314,1534273000,-0.3840440257942537,386508000,354412000,,3312741000,92024939.08
MDGL,"Madrigal Pharmaceuticals, Inc.",NASDAQ,common,Health Technology,12388433823.716629,958403000,432.05298307361784,-288284000,-206285000,,347751000,153111910
ALGN,"Align Technology, Inc.",NASDAQ,common,Health Technology,12361999338.027056,4034964000,0.8990220584484367,410351000,633569000,,120842000,114574782.285
CSGP,"CoStar Group, Inc.",NASDAQ,common,Technology Services,12358527173.409384,3247000000,18.668226006870842,7000000,444500000,,1155000000,130411351
OC,Owens Corning Inc,NYSE,common,Process Industries,12324480050.41178,10103000000,2.5581159273170235,-522000000,897000000,,5729000000,122903229.36
ARWR,"Arrowhead Pharmaceuticals, Inc.",NASDAQ,common,Health Technology,12324452284.779808,829448000,23258.15263306111,-1631000,-75111000,,1376205000,97690596.75
DY,"Dycom Industries, Inc.",NYSE,common,Industrial Services,12318002081.58976,5545912000,17.947585864270078,281189000,440276000,,2998935000,138843365.34
EHC,Encompass Health Corporation,NYSE,common,Health Services,12314901443.325329,5935200000,10.459316608352564,564700000,413400000,,2842300000,143127456.57
FHN,First Horizon Corporation,NYSE,common,Finance,12261353064.852537,4989000000,-0.8545310015898252,982000000,721000000,,4324000000,117536375.08
AMH,American Homes 4 Rent,NYSE,common,Finance,12172541291.187777,1866169000,6.8583567864085735,451642000,783001000,,5149176000,65159286.4
PNW,Pinnacle West Capital Corporation,NYSE,common,Utilities,12168202516.037584,5339939000,4.195659830455725,616531000,-878537000,,16505294999.999998,88335434
HL,Hecla Mining Company,NYSE,common,Non-Energy Minerals,12159008787.03266,1423019000,53.02513643573407,321712000,515611000,,24569000,890865782.4000001
CORT,Corcept Therapeutics Incorporated,NASDAQ,common,Health Technology,12126478163.00447,761407000,12.794352927233943,98171000,106921000,,9421000,74374330.38000001
DRS,"Leonardo DRS, Inc.",NASDAQ,common,Electronic Technology,12055489465.636364,3648000000,12.80148423005566,278000000,363000000,,267000000,35188152.72
SMMT,Summit Therapeutics Inc.,NASDAQ,common,Health Technology,12046019287.674498,0,,-1079586000.00125,-458403750,,20384000.0000625,55513307.8
ERIE,Erie Indemnity Company,NASDAQ,common,Finance,12023072551.864286,4067657000,7.192857212502987,559335000,553083000,,0,58861469.150000006
VSAT,"ViaSat, Inc.",NASDAQ,common,Electronic Technology,12016439143.027569,4640280000,2.6708065876163913,-34086000,578286000,,6925803000,134055325.69000001
AFG,"American Financial Group, Inc.",NYSE,common,Finance,12004541812.141394,8117000000,-1.9449142304904565,842000000,1431000000,,2031000000,50590310.81
KTOS,"Kratos Defense & Security Solutions, Inc.",NASDAQ,common,Electronic Technology,11980375113.464304,1346800000,18.52503740209452,22000000,-130300000.00000001,,193600000,216569085.52
CHYM,"Chime Financial, Inc.",NASDAQ,common,Technology Services,11963288843.302868,1962299000,22.86876772387417,-1009936000,307996000,,130881000,239112744.4
UDR,"UDR, Inc.",NYSE,common,Finance,11960666709.977211,1712317000,2.420982365558468,377704000,876341000,,5994848000,76673956.41
BJ,"BJ's Wholesale Club Holdings, Inc.",NYSE,common,Retail Trade,11838509232.327799,21457274000,4.66041915140736,578377000,218366000,,2861491000,202488189.13
BTSG,"BrightSpring Health Services, Inc.",NASDAQ,common,Health Services,11808536960.113317,12910564000,28.180000941203193,190666000,398973000,,2387651000,186942527.2
DPZ,Domino's Pizza Inc,NASDAQ,common,Consumer Services,11702801568.085075,4939994000,4.9629696992361065,601704000,653470000,,5122853000,145080026.60000002
AAOI,"Applied Optoelectronics, Inc.",NASDAQ,common,Electronic Technology,11677320370.14993,455715000,82.75018547109659,-38228000,-631895000,,300140000,1818506557.92
LFUS,"Littelfuse, Inc.",NASDAQ,common,Electronic Technology,11658278501.560928,2386294000,8.924997991571905,-71700000,442185000,,709393000,82636947.33
FPS,"Forgent Power Solutions, Inc.",NYSE,common,Producer Manufacturing,11650494173.44963,753188000,206.43806857942616,15196000,,,707559000,176850989.53
GDDY,GoDaddy Inc.,NYSE,common,Technology Services,11628792006.261406,4949800000,8.327314906003108,875000000,1702900000,,3841400000,176278515.14
KNX,Knight-Swift Transportation Holdings Inc.,NYSE,common,Transportation,11606129917.759377,7469689000,0.8044584685883198,65946000,545616000,,2685164000,274052102.79
DVA,DaVita Inc.,NYSE,common,Health Services,11579699623.443983,13643069000,6.457147761898631,721803000,1609983000,,13406474000,219178674
AHR,"American Healthcare REIT, Inc.",NYSE,common,Finance,11566392092.144241,2260474000,9.147912211331729,69806000,195546000,,1569258000,313677367.38
HALO,"Halozyme Therapeutics, Inc.",NASDAQ,common,Health Technology,11552961840.570648,1396611000,37.55323423852879,316889000,806224000,,2146654000,371588466.6
EVR,Evercore Inc.,NYSE,common,Finance,11535424495.424997,3880084000,29.493208595359505,591922000,1607056000,,1093142000,185930906.35
AR,Antero Resources Corporation,NYSE,common,Energy Minerals,11522814103.419506,5275711951,21.985586856468352,634418000,-1216093000,,4615305000,172930433.72
RRX,Regal Rexnord Corporation,NYSE,common,Producer Manufacturing,11513733755.350912,5934500000,-1.6457290596307468,279500000,461000000,,4766400000,223540853.9
SCI,Service Corporation International,NYSE,common,Consumer Services,11503010446.617878,4309234000,2.934636352800356,542614000,535239000.00000006,,5303165000,60677101.2
GMED,"Globus Medical, Inc.",NYSE,common,Health Technology,11502218431.854961,2938931000,16.654103927394114,537868000,755590000,,111912000,93030680.73
UMBF,UMB Financial Corporation,NASDAQ,common,Finance,11350731087.853464,4127853000,47.37873935991506,702398000,1103490000,,3563726000,70749032.19999999
IT,"Gartner, Inc.",NYSE,common,Technology Services,11332715379.0809,6497226000,3.6668251052946745,729231000,1287436000,,3329496000,181584447.48000002
WTRG,"Essential Utilities, Inc.",NYSE,common,Utilities,11311415312.254492,2474615000,18.623248117431814,616369000,-511538000,,8523253000.000001,74699433.7
TECH,Bio-Techne Corp,NASDAQ,common,Health Technology,11308961492.753431,1215039000,-0.37683405281088195,181862000,269266000,,289087000,170390136.62
AXSM,"Axsome Therapeutics, Inc.",NASDAQ,common,Health Technology,11244066488.520275,638496000,65.54513563896674,-183174000,-71959000,,224693000,266306981.34
BPOP,"Popular, Inc.",NASDAQ,common,Finance,11236495824.677763,4454481000,2.393411670163313,833159000,789367000,,1598924000,53962524.56
MANH,"Manhattan Associates, Inc.",NASDAQ,common,Technology Services,11231286889.187859,1081392000,3.7453758423258052,219948000,399191000,,53882000,148791457.23
CART,Maplebear Inc.,NASDAQ,common,Transportation,11216177818.32051,3742000000,10.775606867969213,447000000,1176000000,,34000000,249603159.60000002
SANM,Sanmina Corporation,NASDAQ,common,Electronic Technology,11196487436.57509,8128382000,7.3999699801594225,245893000,594148000,,2432903000,108705710.8
HUT,Hut 8 Corp.,NASDAQ,common,Technology Services,11188261764.113766,235118000.000251,44.79046709977706,-225437000.00024,-808204020,,7668843000,409882827.4
DCI,"Donaldson Company, Inc.",NYSE,common,Producer Manufacturing,11158757833.022804,3690900000,2.916655048378552,367000000,388800000,,608300000,47036174.22
DOCU,"DocuSign, Inc.",NASDAQ,common,Technology Services,11093881904.250086,3219500000,8.155266551753446,309085000,1120182000,,183333000,109415082
MGM,MGM Resorts International,NYSE,common,Consumer Services,11065049101.647858,17537683000,1.723483799381052,211090000,1746100000,,30158689000,67627826.1
ELAN,Elanco Animal Health Incorporated,NYSE,common,Health Technology,11056631466.019358,4715000000,6.217616580310881,-232000000,379000000,,3918000000,215181873.81
GKOS,Glaukos Corporation,NYSE,common,Health Technology,11008172033.104616,507442000,32.32519994471695,-187691000,-28803000,,102836000,140747014.5
WTFC,Wintrust Financial Corporation,NASDAQ,common,Finance,10969966365.904999,4214773000,6.256004796021601,823844000,1612919000,,4373802000,142261666.79999998
RYAN,"Ryan Specialty Holdings, Inc.",NYSE,common,Finance,10966779502.097698,3066334000,20.701234789502422,63399000,492780000,,3807566000,60931945.529999994
RMBS,"Rambus, Inc.",NASDAQ,common,Electronic Technology,10955706135.334475,707630000,27.128905688579724,230455000,299535000,,21803000,299360205.69
EGP,"EastGroup Properties, Inc.",NYSE,common,Finance,10940181289.455189,719573000,12.392187856315035,257402000,444750000,,1668397000,84450874.3
SPXC,"SPX Technologies, Inc.",NYSE,common,Producer Manufacturing,10927732859.922966,2265100000,14.17410151721357,245500000,303400000,,614700000,84035736.06
BSY,"Bentley Systems, Incorporated",NASDAQ,common,Technology Services,10854655454.266756,1501779000,10.988437618940281,277803000,498499000,,1267445000,101492101.16999999
BXP,"BXP, Inc.",NYSE,common,Finance,10849002662.300343,3482279000,2.1879738323494395,276800000,765445000,,16358486000,59882092.650000006
JKHY,"Jack Henry & Associates, Inc.",NASDAQ,common,Technology Services,10821744835.772312,2375288000,7.210293106740069,455748000,727610000,,136587000,122313611.67
BMNR,"BitMine Immersion Technologies, Inc.",NYSE,common,Finance,10791720018.106688,6095000,84.13897280966768,331122000,-294559870,,1320000,390983588.52000004
AYI,Acuity Inc.,NYSE,common,Producer Manufacturing,10786675199.683767,4345600000,13.137203853163237,396600000,639400000,,804300000,98338741.28999999
PRAX,"Praxis Precision Medicines, Inc.",NASDAQ,common,Health Technology,10786328995.473347,0,-100,-303268000,-305548000,,1087000,193136411.57999998
GSAT,"Globalstar, Inc.",NASDAQ,common,Communications,10782264585.384153,272986000,9.042177120739447,-8651000,89715000,,411798000,61535114.94
MOH,Molina Healthcare Inc,NYSE,common,Health Services,10756331786.038246,45426000000,11.749077490774908,472000000,271000000,,3953000000,171685895.04
ARW,"Arrow Electronics, Inc.",NYSE,common,Distribution Services,10705410354.219984,30852935000,10.4916269997082,571266000,825464000,,2170580000,101702972.7
SSB,SouthState Bank Corporation,NYSE,common,Finance,10702109204.386663,3524483000,43.83460960213388,798667000,131229999.99999999,,2091444000,125464973.2
PSKY,Paramount Skydance Corporation,NASDAQ,common,Consumer Services,10658486064.179102,28891000000,-1.1022489987334405,-621000000,470000000,,16202000000,150317635.5
VIAV,Viavi Solutions Inc.,NASDAQ,common,Technology Services,10634618295.159374,1518300000,40.02582311168496,-30400000,,,641900000,259331567.57999998
SAIL,"SailPoint, Inc.",NASDAQ,common,Technology Services,10623336981.71721,1071415999.9999999,24.350315861798407,-293840000,185304000,,5400000,66799795.800000004
FROG,JFrog Ltd.,NASDAQ,common,Technology Services,10608844981.212545,531840000.00000006,24.120162058214014,-71819000,169701000,,14569000,179310973.68
WYNN,"Wynn Resorts, Limited",NASDAQ,common,Consumer Services,10603221773.539745,7137924000,0.13977349202668196,327334000,792324000,,12342463000,189192135.44
MOD,Modine Manufacturing Company,NYSE,common,Producer Manufacturing,10597578465.700384,3181700000,23.18801300913737,121500000,100200000,,669900000,249181045.2
WMS,"Advanced Drainage Systems, Inc.",NYSE,common,Producer Manufacturing,10596712275.631674,3050376000,5.031634727786395,426465000,550153000,,1765658000,107121943.63
ENSG,"The Ensign Group, Inc.",NASDAQ,common,Health Services,10585255221.830078,5057841000,18.71514628029439,343971000,419091000,,2250346000,51719564.160000004
AM,Antero Midstream Corporation,NYSE,common,Industrial Services,10556750191.717646,1259098000,6.987462453212561,413163000,775570000,,3609545000,47397087.36
EAT,"Brinker International, Inc.",NYSE,common,Consumer Services,10545679082.735113,5807400000,7.86003491697931,487000000,557500000,,1614000000,615073917.91
CYTK,"Cytokinetics, Incorporated",NASDAQ,common,Health Technology,10515731238.480576,88039000,376.5562412038541,-784955000,-580715000,,1270555000,159266071.2
PNR,Pentair plc.,NYSE,common,Producer Manufacturing,10499388663.06876,4176000000,2.2827471343195844,653800000,673000000,,1764700000,142057938.4
AES,The AES Corporation,NYSE,common,Utilities,10494681649.893879,12233000000,-0.36650920345333116,939000000,-1720000000,,32117000000,66070332.75000001
SWKS,"Skyworks Solutions, Inc.",NASDAQ,common,Electronic Technology,10484943474.172985,4086900000,-2.1804691239827667,477100000,433100000,,681100000,314963842.96000004
HUBS,"HubSpot, Inc.",NYSE,common,Technology Services,10477885576.187567,3131244000,19.17003832097134,45911000,794876000,,236914000,324077111.16
CFR,"Cullen/Frost Bankers, Inc.",NYSE,common,Finance,10441616961.158726,2911937000,2.416260058517809,642148000,542398000,,5424752000,83322711.39
UHS,"Universal Health Services, Inc.",NYSE,common,Health Services,10437345472.588015,17364829000,9.71000954957169,1488796000,845400000,,5262175000,95067718.64999999
VICR,Vicor Corporation,NASDAQ,common,Electronic Technology,10425654752.212822,407701000,13.547393457324445,118556000,51268000,,7608000,310597301.40000004
ONB,Old National Bancorp,NASDAQ,common,Finance,10359995857.280178,3737587000,26.408966355535924,669257000,940031000,,8638144000,87876062.32
NYT,New York Times Company (The),NYSE,common,Consumer Services,10314084699.770124,2824918000,9.242323522121149,343981000,623018000,,0,143562506.1
FLS,Flowserve Corporation,NYSE,common,Producer Manufacturing,10289779433.080015,4729260000,3.7617660778014685,346247000,411444000,,2318345000,115415110.10000001
ONON,On Holding AG,NYSE,common,Consumer Non-Durables,10264233045.840828,3629199201.2722597,37.86472987974512,245277995.122481,522730230,,761668629.5171391,526799430.5
ORI,Old Republic International Corporation,NYSE,common,Finance,10253656286.964413,9136300000,10.993269674660446,935400000,1279900000,,2284000000,41324244.339999996
FRT,Federal Realty Investment Trust,NYSE,common,Finance,10245974978.937551,1278804000,6.364906677313105,409735000,334967000,,4851821000,62415262.68
ALSN,"Allison Transmission Holdings, Inc.",NYSE,common,Producer Manufacturing,10206645702.86263,3010000000,-6.666666666666667,623000000,711000000,,4231000000,78039804
CGNX,Cognex Corporation,NASDAQ,common,Electronic Technology,10206141010.365503,994359000,8.730747992105105,114442000,268296000,,72477000,335829684.5
APGE,"Apogee Therapeutics, Inc.",NASDAQ,common,Health Technology,10175589420.378649,0,,-255843000,,,106064000,107945428.50000001
WLK,Westlake Corporation,NYSE,common,Process Industries,10117652162.291191,11170000000,-8.005270960303081,-1501000000,-265000000,,5897000000,58129543.29
HSIC,"Henry Schein, Inc.",NASDAQ,common,Distribution Services,10112659149.285713,13184000000,4.032194429101239,398000000,569000000,,3813000000,94464241.82
R,"Ryder System, Inc.",NYSE,common,Transportation,10083691900.708303,12665000000,0.22950300728078504,496000000,687000000,,8453000000,108907776.55999999
APTV,Aptiv PLC,NYSE,common,Producer Manufacturing,10066063684.420797,20398000000,3.474864302744382,165000000,1091000000,,9886000000,182139796.32
PODD,Insulet Corporation,NASDAQ,common,Health Technology,10060519262.544437,2708100000,30.725043444680438,247100000,293800000,,948400000,227863294.26
FORM,"FormFactor, Inc.",NASDAQ,common,Electronic Technology,10059606059.514578,784993000,2.8017323228553206,54361000,136121000,,29912000,149247906.79000002
MUSA,Murphy USA Inc.,NYSE,common,Retail Trade,10052763302.955898,19384000000,-4.249591242967156,470600000,541500000,,2762400000,135286417.07999998
DAR,Darling Ingredients Inc.,NYSE,common,Consumer Non-Durables,10009439153.349903,6140125000,7.387271894139992,62804000,881242000,,4171198999.9999995,101458695.34
MSGS,Madison Square Garden Sports Corp.,NYSE,common,Consumer Services,9970397005.332148,1039220000,1.1751946406996572,-22438000,54593000,,1167793000,172871909.28
DDS,"Dillard's, Inc.",NYSE,common,Retail Trade,9934295504.525944,6563336000,-0.408104055836586,570187000,754617000,,555353000,109769419.75999999
FDS,FactSet Research Systems Inc.,NYSE,common,Commercial Services,9886866038.517584,2321748000,5.387607033139421,597040000,708307000,,1570642000,132966786.85000001
AAL,"American Airlines Group, Inc.",NASDAQ,common,Transportation,9883210727.103989,54633000000,0.7784398000405822,111000000,285000000,,35729000000,596379551.71
SOLS,Solstice Advanced Materials Inc.,NASDAQ,common,Process Industries,9881895707.495665,3886000000,3.076923076923077,237000000,,,2426000000,95683148.07000001
TEM,"Tempus AI, Inc.",NASDAQ,common,Technology Services,9853542270.664753,1271789000,83.4139988866423,-245028000,-263971000,,1444168000,239554519.62
KRYS,"Krystal Biotech, Inc.",NASDAQ,common,Health Technology,9852267847.88803,389130000,33.94489096948522,204831000,257781999.99999997,,8853000,53906344.14
PTGX,"Protagonist Therapeutics, Inc.",NASDAQ,common,Health Technology,9836305572.889135,46016000,-89.40780281424293,-130149000,130582000,,9216000,63296355.95999999
AVAV,"AeroVironment, Inc.",NASDAQ,common,Electronic Technology,9808342939.344606,1976845000,140.89446240496596,-265122000,-140948000,,834789000,201283701.22
LTH,"Life Time Group Holdings, Inc.",NYSE,common,Consumer Services,9792103386.66834,2995255000,14.279309956714911,373671000,-150951000,,4275571000,155389751.44
COMP,"Compass, Inc.",NYSE,common,Finance,9772116068.977148,6961600000,23.67163489723046,-58500000,127800000,,4109000000,97811858.83
BIO,"Bio-Rad Laboratories, Inc.",NYSE,common,Health Technology,9756124591.593542,2583200000,0.650691603350867,759900000,353100000,,1370400000,84684356.64
SAIA,"Saia, Inc.",NASDAQ,common,Transportation,9727177706.570206,3234286000,0.7856471991608793,255036000,255227000,,269191000,135607208.18
LLYVA,"Liberty Live Holdings, Inc. - Series A Liberty Live Group",NASDAQ,common,Consumer Services,9690432286.926788,381951000,,-86967000,,,2126021000.0000002,28354533.439999998
OGE,OGE Energy Corp,NYSE,common,Utilities,9688662135.68221,3260100000,9.2051050145714,470700000,274200000,,5843200000,58606427.6
FRHC,Freedom Holding Corp.,NASDAQ,common,Finance,9652986966.626095,2083786999.9999998,8.081135528095656,153328000,-132973999.99999999,,2776006000,10961739.88
MP,MP Materials Corp.,NYSE,common,Non-Energy Minerals,9637077490.779688,275457000,35.12398518554855,-85874000,-504576000,,952517000,345601435.76
OSK,Oshkosh Corporation (Holding Company),NYSE,common,Consumer Durables,9610409395.069328,10422300000,-2.869471212092971,647000000,1105500000,,1102800000,96476355.74
SIRI,SiriusXM Holdings Inc.,NASDAQ,common,Consumer Services,9586182557.193966,8558000000,-1.6208759627543396,805000000,1549000000,,9455000000,176120843.04000002
PRI,"Primerica, Inc.",NYSE,common,Finance,9566831570.892162,3349756000,6.280897076110597,748788000,863439000,,1715859000,59432607.99999999
VMI,"Valmont Industries, Inc.",NYSE,common,Producer Manufacturing,9515557094.751183,4104102000,0.7133192017538994,334784000,322095000,,871741000,64647118.14
KYMR,"Kymera Therapeutics, Inc.",NASDAQ,common,Health Technology,9481665380.224136,39211000,-16.699949014276,-311351000,-237956000,,78558000,109580093.28
LINE,"Lineage, Inc.",NASDAQ,common,Finance,9449965739.65311,5355000000,0.2808988764044944,-98000000,244000000,,8138000000,21437696.5
BAH,Booz Allen Hamilton Holding Corporation,NYSE,common,Commercial Services,9430341857.645414,11217000000,-6.368948247078464,845000000,1116000000,,4160000000,263223609.60000002
AVTR,"Avantor, Inc.",NYSE,common,Health Technology,9421678754.703705,6552200000,-3.411168111327319,-530200000.00000006,454700000,,3697800000,86320490.69
IONS,"Ionis Pharmaceuticals, Inc.",NASDAQ,common,Health Technology,9394399647.953087,943711000,33.83351911257087,-381387000,-560839000,,2189020000,113041005.92
RRC,Range Resources Corporation,NYSE,common,Energy Minerals,9389242676.530119,2993719000,26.849973750522764,656726000,680416000,,1016557000,73939316.36
ESI,Element Solutions Inc.,NYSE,common,Process Industries,9372352498.197609,2551200000,3.838170051691155,190800000,137700000,,2119400000,108098214.36
AMG,"Affiliated Managers Group, Inc.",NYSE,common,Finance,9371640219.487007,2082699999.9999998,1.9631841770292646,716600000,1114900000,,3004000000,75791611.19999999
PAYC,"Paycom Software, Inc.",NYSE,common,Technology Services,9356594220.820053,2051699999.9999998,8.947536108751049,453400000,567000000,,982800000,153063697.52
RGEN,Repligen Corporation,NASDAQ,common,Health Technology,9351382369.35971,738256000,16.36359051067163,48894000,110153000,,690942000,138180875.39999998
TTC,Toro Company (The),NYSE,common,Producer Manufacturing,9324875380.095133,4508900000,-1.5330523465309778,316100000,759100000,,1137000000,43489699.2
CUBE,CubeSmart,NYSE,common,Finance,9281187844.069538,1123110000,5.334585094599575,333782000,557535000,,3541500000,104277614.03999999
FCFS,"FirstCash Holdings, Inc.",NASDAQ,common,Finance,9280046856.35389,3661043000,8.042729054682967,330375000,531909999.99999994,,2703016000,89208641.415
MHK,"Mohawk Industries, Inc.",NYSE,common,Producer Manufacturing,9270642924.625988,10785400000,-0.47522815565336946,369900000,811500000,,2359700000,123891693.84000002
CTRE,"CareTrust REIT, Inc.",NYSE,common,Finance,9253241692.76422,476586000,60.84142176384033,319799000,431350000,,1205071000,85251907.39999999
ADC,Agree Realty Corporation,NYSE,common,Finance,9248845460.291594,718398000,16.34069911497259,204349000,530508000.00000006,,3916382000,70375345.04
SYRE,"Spyre Therapeutics, Inc.",NASDAQ,common,Health Technology,9178007225.090326,0,,-126541000,,,0,94670687.72
CHWY,"Chewy, Inc.",NYSE,common,Retail Trade,9150630877.957277,12601500000,6.240149190626519,222800000,584500000,,523400000,150779916.75
COLB,"Columbia Banking System, Inc.",NASDAQ,common,Finance,9123598354.25733,3215000000,8.84675257491128,549000000,1264195000,,4875000000,100266153
BRX,Brixmor Property Group Inc.,NYSE,common,Finance,9123314096.492401,1371597000,6.734580803608253,385553000,413100000,,5538888000,89684142.33
TTEK,"Tetra Tech, Inc.",NASDAQ,common,Industrial Services,9089577666.958733,5442590000,4.69178804846385,247724000,548208000,,1023497000,76679787
APLD,Applied Digital Corporation,NASDAQ,common,Technology Services,9079263133.32435,611311000,167.45140417116932,-244004000,-2776080000,,5099916000,581249094.3
IDCC,"InterDigital, Inc.",NASDAQ,common,Technology Services,9069005372.14654,834015000,-3.9724081076226576,406644000,554583000,,401540000,58819541.96
SARO,"StandardAero, Inc.",NYSE,common,Transportation,9063883531.531916,6062513000,15.759530783949549,277417000,218794000,,2563045000,101340617.07000001
BRKR,Bruker Corporation,NASDAQ,common,Health Technology,9030336611.17222,3436500000,2.082343155893536,-8600000,93900000,,1824800000,136964790.74
TKR,Timken Company (The),NYSE,common,Producer Manufacturing,9025912528.831491,4581800000,0.1924338508637656,288400000,385500000,,2203600000,104983714.25
WAL,Western Alliance Bancorporation,NYSE,common,Finance,9013913732.407364,5387400000,7.261034901546977,969000000,-1650600000,,7453000000,83402411.4
VOYA,"Voya Financial, Inc.",NYSE,common,Finance,9013431134.991142,8189000000,1.7267080745341616,654000000,1192000000,,3943000000,98130170.67999999
CRNX,"Crinetics Pharmaceuticals, Inc.",NASDAQ,common,Health Technology,8958268858.446657,7696000,640.7122232916266,-465317000,-425177000,,47191000,218232055.45999998
PB,"Prosperity Bancshares, Inc.",NYSE,common,Finance,8948362449.10592,1736754000,-2.8111532863380804,542843000,590089000,,2709628000,58880808.66
SFD,"Smithfield Foods, Inc.",NASDAQ,common,Consumer Non-Durables,8947672678.331657,15582000000,10.198019801980198,987000000,791000000,,2396000000,63033483.54
CNM,"Core & Main, Inc.",NYSE,common,Distribution Services,8913532754.759598,7647000000,2.768445101464857,441000000,606000000,,2444000000,101222699.62
BROS,Dutch Bros Inc.,NYSE,common,Consumer Services,8913489651.482347,1638159000,27.879767215840562,79842000,75230000,,1207328000,218763811.10000002
PCVX,"Vaxcyte, Inc.",NASDAQ,common,Health Technology,8876235289.83536,0,,-766628000,-921068000,,115445000,72807119.8
QGEN,Qiagen N.V.,NYSE,common,Health Technology,8861214688.06565,2089998999.9999998,5.6508042102623754,424880000,447700000,,1643622000,151930782
VIRT,"Virtu Financial, Inc.",NYSE,common,Finance,8860381485.80229,3256700000,23.0466388586628,437761000,459458000,,5280193000,46713036.150000006
JXN,Jackson Financial Inc.,NYSE,common,Finance,8849438008.646175,6683000000,104.31060837664323,27000000,5885000000,,2769000000,74420800.16
ALV,"Autoliv, Inc.",NYSE,common,Producer Manufacturing,8848521056.465675,10815000000,4.090471607314726,735000000,757000000,,2189000000,61189168.18
HQY,"HealthEquity, Inc.",NASDAQ,common,Finance,8820027600.98513,1313429000,9.473034088086589,215201000,487637000,,984682000,56725345.5
PCOR,"Procore Technologies, Inc.",NYSE,common,Technology Services,8810370721.184542,1322509000,14.830234747001844,-100783000,279785000,,67526000,125543920.05999999
FRO,Frontline Plc,NYSE,common,Transportation,8809187785.727322,1954948000,-4.174288812160925,379081000,591923000,,2631087000,81428610.09
IMVT,"Immunovant, Inc.",NASDAQ,common,Health Technology,8799144599.516249,0,,-505606000,,,0,85300536
BOKF,BOK Financial Corporation,NASDAQ,common,Finance,8797827160.057072,3363460000,-3.8559276734144117,573981000,647832000,,4974572000,25917357.36
SNAP,Snap Inc.,NYSE,common,Technology Services,8794228796.878403,5931447000,10.632469367131483,-460489000,727011000,,4225747000.0000005,158727696.4
NNN,"NNN REIT, Inc.",NYSE,common,Finance,8792377765.180958,926213000,6.551159253899266,389777000,673008000,,5011239000,57286183.77
TTAN,"ServiceTitan, Inc.",NASDAQ,common,Technology Services,8776576914.311573,960965000,24.497006003539422,-159853000,117895000,,51048000,174116256
PL,Planet Labs PBC,NYSE,common,Technology Services,8731861970.527426,307727000,25.93594486642221,-246860000,46551000,,488035000,121324514.5
NCLH,Norwegian Cruise Line Holdings Ltd.,NYSE,common,Consumer Services,8687834205.976473,9827592000,3.6703988364128595,423246000,-1185394000,,15978819000,155970558.04000002
FR,"First Industrial Realty Trust, Inc.",NYSE,common,Finance,8679540136.656717,727076000,8.576983786835035,247297000,238909000,,2584135000,29192772.6
QRVO,"Qorvo, Inc.",NASDAQ,common,Electronic Technology,8666893342.328505,3678517000,-1.0877740106066973,338989000,649508000,,1549138000,80411404.8
PRMB,Primo Brands Corporation,NYSE,common,Consumer Non-Durables,8663885187.138502,6664000000.007111,29.33527413875272,60100000.0000641,377914690,,5697100000,86863380.21
LEVI,Levi Strauss & Co,NYSE,common,Consumer Non-Durables,8636046523.57256,6282500000,4.0562475155691,439100000,575400000,,2295600000,48350121.6
HLI,"Houlihan Lokey, Inc.",NYSE,common,Finance,8626754211.68035,2621454000,9.579273415848414,425697000,484634000,,493000000,93993956.76
NEU,NewMarket Corp,NYSE,common,Process Industries,8593214322.901348,2725169000,-2.203040453491368,417132000,473657000,,939930000,115593057.86999999
WULF,TeraWulf Inc.,NASDAQ,common,Technology Services,8577271763.140299,168455000,20.281183283232536,-661416000,-2504231000,,5236724000,606460724.64
CBSH,"Commerce Bancshares, Inc.",NASDAQ,common,Finance,8564335216.29363,2125799000,2.8866151023373225,560865000,701046000,,2454582000,50999863.46
KNSL,"Kinsale Capital Group, Inc.",NYSE,common,Finance,8508197525.365724,1873989000,18.083445284321904,503614000,1000771000,,224535000,67507016.64
AOS,A.O. Smith Corporation,NYSE,common,Producer Manufacturing,8506517132.944244,3830200000,0.31691155286660905,546200000,639400000,,676700000,79031141.2
JAN,"Janus Living, Inc.",NYSE,common,Finance,8494021819.438621,771165000,,-61102000,,,0,94874642.7
ATR,"AptarGroup, Inc.",NYSE,common,Process Industries,8465827082.529872,3777181000,5.422745325700761,392789000,310388000,,1411565000,41951037.9
ZWS,Zurn Elkay Water Solutions Corporation,NYSE,common,Producer Manufacturing,8462385819.815129,1695900000,8.26045323970635,198000000,375500000,,550500000,34573141.78
LNC,Lincoln National Corporation,NYSE,common,Finance,8442827836.731938,18789000000,-9.350123027934579,1177000000,-1328000000,,6865000000,81170989.2
ALKS,Alkermes plc,NASDAQ,common,Health Technology,8435136549.72973,1475899000,-5.247259943298546,241664000,221651000,,1572564000,66150630.6
MTCH,"Match Group, Inc.",NASDAQ,common,Technology Services,8396974660.529892,3487197000,0.22486810123548123,613446000,1141454000,,3551878000,99148773.11999999
OKLO,Oklo Inc.,NYSE,common,Producer Manufacturing,8394976444.1791115,0,,-105663000,-275816000,,3959000,401657767.21000004
ARE,"Alexandria Real Estate Equities, Inc.",NYSE,common,Finance,8374337479.716957,3026556000,-2.8827548763089648,-1437987000,1279448000,,13285779000,54320199.480000004
SNEX,StoneX Group Inc.,NASDAQ,common,Finance,8370801727.80658,132392299999.99998,32.528274009133355,295500000,7390100000,,20043800000,92281180.00000001
CDP,COPT Defense Properties,NYSE,common,Finance,8361692674.408903,763923000,1.4146378375795037,152315000,280296000,,2674358000,24957247.299999997
PBF,PBF Energy Inc.,NYSE,common,Energy Minerals,8337881544.683492,29332300000,-11.423722569325971,-158600000,781800000,,2515000000,162286830.18
KMX,CarMax Inc,NYSE,common,Retail Trade,8331599963.523032,27745352000,-1.6379301451333514,247290000,994305000,,18832212000,81940314.09
LAD,"Lithia Motors, Inc.",NYSE,common,Retail Trade,8321708323.38144,37634900000,3.9977119613575693,819600000,-304400000,,16563300000,58565091.95
GME,GameStop Corporation,NYSE,common,Retail Trade,8318735708.011689,3629900000,-5.051007062516349,418400000,740600000,,4339100000,95455767.06
EMN,Eastman Chemical Company,NYSE,common,Process Industries,8296937567.145381,8763000000,-6.518028589716236,474000000,539000000,,5217000000,63198371.34
XE,"X-Energy, Inc.",NASDAQ,common,Producer Manufacturing,8269549680.909091,109098000,-9.20001331646581,-389778000,,,27360000,61590516.35
HESM,Hess Midstream LP,NYSE,common,Energy Minerals,8263628889.862851,1621300000,8.411902373788031,352900000,837800000,,3680000000,32709568.56
VLY,Valley National Bancorp,NASDAQ,common,Finance,8250396258.672986,3494613000,-2.337944778358039,597983000,584781000,,3454165000,65055071.269999996
TWST,Twist Bioscience Corporation,NASDAQ,common,Health Technology,8242877535.595678,376572000,20.320537808252443,-77670000,-93123000,,93590000,201088637.31
GLXY,Galaxy Digital Inc.,NASDAQ,common,Finance,8239941609.108792,61355667000.0654,40.21655801171122,-84863000.0000905,-1684317130,,5063942000,127682129.16
IDA,"IDACORP, Inc.",NYSE,common,Utilities,8210677906.161255,1811521000,-1.2098988551606118,323472000,-973088000,,4007786000,85543612.39999999
KRMN,Karman Holdings Inc.,NYSE,common,Electronic Technology,8204702487.361318,471500000,36.567283685474756,17366000,-27671000,,875265000,138076015.7
IBRX,"ImmunityBio, Inc.",NASDAQ,common,Health Technology,8203132887.655263,113288000,668.3146829433706,-351398000,-288108000,,1228401000,41310345.96
CAMT,Camtek Ltd.,NASDAQ,common,Electronic Technology,8127566112.24743,496072000.001097,15.571459856432824,50722000.000112206,,,488497000,130816883.6
REXR,"Rexford Industrial Realty, Inc.",NYSE,common,Finance,8114537694.03979,997969000,6.992923023812561,209427000,227152000,,3377164000,55792456.59
RYTM,"Rhythm Pharmaceuticals, Inc.",NASDAQ,common,Health Technology,8097004848.108468,189757000,45.82558443354902,-196539000,-106301000,,109784000,67538385.6
CAVA,"CAVA Group, Inc.",NYSE,common,Consumer Services,8091439355.111002,1179664000,22.40822734569317,63743000,149020000,,520741999.99999994,808960296.21
KNTK,Kinetik Holdings Inc.,NYSE,common,Industrial Services,8048259048.13148,1738160000,13.269787316124601,178260000,123110000,,3977086000,34442511.25
RAL,Ralliant Corporation,NYSE,common,Electronic Technology,8034676933.014823,2068800000.0000002,-3.9866338701443245,-1222500000,327700000,,1148500000,75526905.98
CBC,"Central Bancompany, Inc.",NASDAQ,common,Finance,8032233700.788117,1229562000,10.296579229227703,390853000,,,913127000,44836132
SFM,"Sprouts Farmers Market, Inc.",NASDAQ,common,Retail Trade,8025823423.33898,8806159000,14.079908903539057,523669999.99999994,355179000,,2106293000.0000002,105913352.42999999
ESTC,Elastic N.V.,NYSE,common,Technology Services,8020907582.321415,1739331000,17.26122095657239,367766000,321802000,,591563000,104094086.88
AGX,"Argan, Inc.",NYSE,common,Industrial Services,8020411375.857116,944606000,8.056359166715284,137774000,486894000,,9577000,153493285.8
CMC,Commercial Metals Company,NYSE,common,Non-Energy Minerals,8002564585.293726,7798480000,-1.6085345746868647,84662000,405038000,,3624866000,68394793.42
SSD,"Simpson Manufacturing Company, Inc.",NYSE,common,Producer Manufacturing,7985045957.637402,2332808000,4.5099789932437,345083000,466383000,,446502000,49330761.17
XP,XP Inc.,NASDAQ,common,Finance,7982719909.328175,3328973443.70074,3.605264262486127,925367143.8184171,8141161690,,17351091067.513103,59154978.64
AVT,"Avnet, Inc.",NASDAQ,common,Distribution Services,7981762989.738955,22200754000,-6.5511914339481,240217000,32880000.000000004,,3172492000,145521752.95000002
AXTA,Axalta Coating Systems Ltd.,NYSE,common,Process Industries,7978665498,5117000000,-3.0136467020470055,378000000,494000000,,3068000000,85871982.24000001
ALGM,"Allegro MicroSystems, Inc.",NASDAQ,common,Electronic Technology,7916495311.208371,890096000,22.770846034377644,-14897000,87847000,,304007000,46217552.8
PATH,"UiPath, Inc.",NYSE,common,Technology Services,7906519962.851145,1610572000,12.653882310808692,282330000,375234000,,83003000,1016800367.66
JOBY,"Joby Aviation, Inc.",NYSE,common,Electronic Technology,7873429240.8171015,53425000,39183.08823529412,-929842000,-743330000,,747713000,223581244.16
OSCR,"Oscar Health, Inc.",NYSE,common,Health Services,7873358265.521272,11701427000,27.50035848292641,-443151000,4379945000,,431629000,196717262.49
ACM,AECOM,NYSE,common,Industrial Services,7845039314.461447,16139622000,0.2118779562109784,561774000,203449000,,3331897000,253924996.07999998
RHP,"Ryman Hospitality Properties, Inc. (REIT)",NYSE,common,Finance,7826160673.348243,2577061000,10.167251902979874,243425000,691851000,,4132595999.9999995,340984899
TAP,Molson Coors Beverage Company,NYSE,common,Consumer Non-Durables,7824469538.125061,11140800000,-4.1816461684011355,-2139600000,1326000000,,7913700000,81296661.49
TEX,Terex Corporation,NYSE,common,Producer Manufacturing,7795260594.094198,5421000000,5.734347571679345,221000000,339000000,,2687000000,50256034.4
BLDR,"Builders FirstSource, Inc.",NYSE,common,Retail Trade,7791058844.225166,15190638000,-7.376937228468501,435199000,639317000,,5238214000,119596845.42
ESE,ESCO Technologies Inc.,NYSE,common,Electronic Technology,7783151095.626283,1095388000,19.17700165483116,126581000,207302000,,150656000,80064633.78
NFG,National Fuel Gas Company,NYSE,common,Energy Minerals,7767085979.358055,2231650000,29.13482876246633,518504000,222266000,,3567401000,49795183.08
AWI,Armstrong World Industries Inc,NYSE,common,Producer Manufacturing,7753537750.195288,1620800000,12.111779760669572,308700000,246700000,,579400000,74795908.16
HXL,Hexcel Corporation,NYSE,common,Electronic Technology,7737035460.112924,1878400000,-1.2719436560496165,109400000,256700000,,959400000,50073583.300000004
THG,Hanover Insurance Group Inc,NYSE,common,Finance,7736356775.119222,6594400000,5.723538653926315,662500000,1253100000,,844000000,71130038.28
PCTY,Paylocity Holding Corporation,NASDAQ,common,Technology Services,7728808235.914441,1771326000,11.039536214731376,269741000,497100000,,132972000.00000001,125102415.68999998
QBTS,D-Wave Quantum Inc.,NASDAQ,common,Electronic Technology,7724404408.705881,24587000,178.54310637815794,-355062000,-119076000,,48108000,274818169.9
SM,SM Energy Company,NYSE,common,Energy Minerals,7711228387.260536,3154000000,17.23778268189048,648000000,757834000,,7036000000,94796080
FSS,Federal Signal Corporation,NYSE,common,Consumer Durables,7710165922.777035,2180500000,17.13671770077894,246600000,339200000,,485800000,45915832.27
S,"SentinelOne, Inc.",NYSE,common,Technology Services,7644522335.253783,1001278000,21.889901042167555,-450735000,44516000,,0,127438144.5
RIOT,"Riot Platforms, Inc.",NASDAQ,common,Technology Services,7625261607.992096,647435000,71.88935320635696,-663181000,-1089965000,,877795000,699317270.4
DPC,DPC Holdings PLC,NYSE,common,Producer Manufacturing,7581278287.673237,837000000.000971,12.198391420706733,-173000000.000201,,,589500000.003264,24280839.09
POWL,"Powell Industries, Inc.",NASDAQ,common,Producer Manufacturing,7577244793.14531,1104318000,9.083958607446393,180747000,243958000,,2524000,69770426.66
TGTX,"TG Therapeutics, Inc.",NASDAQ,common,Health Technology,7576918009.7194395,616287000,87.31899916110443,447179000,17385000,,754441000,99878278.5
DBX,"Dropbox, Inc.",NASDAQ,common,Technology Services,7565765767.920775,2521000000,-1.0674201397064593,508400000,963000000,,3975400000,240579603.60000002
UGI,UGI Corporation,NYSE,common,Distribution Services,7528773225.179182,7288000000,1.09585240671383,678000000,187000000,,7049000000,64391862.6
CHRD,Chord Energy Corporation,NASDAQ,common,Energy Minerals,7525333020.707176,4877126000,-7.121503720566542,42723000,1188524000,,1502800000,94658754.66000001
TXG,"10x Genomics, Inc.",NASDAQ,common,Health Technology,7524314866.441519,642823000,5.245380944194766,-43544000,121436000,,78796000,216200754
Z,"Zillow Group, Inc.",NASDAQ,common,Technology Services,7484382504.512009,2583000000,15.518783542039355,23000000,256000000,,558000000,96629479.75999999
TRNO,Terreno Realty Corporation,NYSE,common,Finance,7484081401.322004,476383000,24.505189208119784,401193000,228208000,,1056093000.0000001,41200170.480000004
MBLY,Mobileye Global Inc.,NASDAQ,common,Technology Services,7481650659.751973,1894000000.00097,14.51027811367402,-392000000.000201,422092130,,0,34513072
NOV,NOV Inc.,NYSE,common,Industrial Services,7453957628.069458,8744000000,-1.3649182177100958,145000000,562000000,,2326000000,42811949.49
OMF,"OneMain Holdings, Inc.",NYSE,common,Finance,7437430547.198052,6242000000,9.087731562390774,783000000,3232000000,,22769000000,44940671.7
LGN,Legence Corp.,NASDAQ,common,Industrial Services,7420045336.740035,2550491000,21.532858541066876,-59780000,,,1177718000,147625050.16000003
CIFR,Cipher Digital Inc.,NASDAQ,common,Technology Services,7416598772.020918,223942000,48.041250743703316,-822244000,-1652805000,,5586800000,607261842.52
MORN,"Morningstar, Inc.",NASDAQ,common,Commercial Services,7409305174.711894,2445500000,7.489780668981583,374200000,497500000,,1904800000,41574669.94
MSA,MSA Safety Incorporated,NYSE,common,Electronic Technology,7408574883.853855,1874814000,3.6874357074120367,278898000,354299000,,643508000,44513527.72
VSXY,Victorias Secret & Co.,NYSE,common,Retail Trade,7394320278.269967,6553000000,5.184590690208668,161000000,314000000,,2851000000,128488805.05999999
FAF,First American Corporation (New),NYSE,common,Finance,7381830141.19124,7445000000,21.63641413563808,621800000,832300000,,1752700000,46176130.199999996
VNO,Vornado Realty Trust,NYSE,common,Finance,7325046454.587113,1810425000,1.2719795310809616,904955000,442082000,,8160984000,46199954.87
NAVN,"Navan, Inc.",NASDAQ,common,Technology Services,7319653784.366403,702265000,30.815312655424272,-398030000,,,172450000,53011839.04
ETSY,"Etsy, Inc.",NYSE,common,Retail Trade,7308581342.611599,2883501000,2.676642220364259,162982000,627170000,,3075807000,219322918.25
LW,"Lamb Weston Holdings, Inc.",NYSE,common,Consumer Non-Durables,7301616890.601064,6612300000,2.4956210376203245,290000000,540200000,,4037100000,55558477.22
GAP,"Gap, Inc. (The)",NYSE,common,Retail Trade,7289573274.725668,15366000000,1.8560254540633698,816000000,1124000000,,5642000000,119356071.75
MAAS,Maase Inc.,NASDAQ,common,Technology Services,7260522797.068455,112073673.143482,-17.789092023499194,-27156923.9341974,,,2512539.0840208,6935578.120000001
AXS,Axis Capital Holdings Limited,NYSE,common,Finance,7255041668.095811,6505230000,8.903742205412819,1008898000,,,1486958000,83140184.24000001
PLXS,Plexus Corp.,NASDAQ,common,Electronic Technology,7248038685.54269,4032966000,1.8213115594293818,172885000,61871000,,306962000,53714476.199999996
POOL,Pool Corporation,NASDAQ,common,Distribution Services,7246708525.032655,5289396000,-0.40589702074185174,404424000,301133000,,1695166000,119528547.51
NPO,Enpro Inc.,NYSE,common,Producer Manufacturing,7225799288.21944,1143300000,9.020692285687042,40500000,167000000,,588500000,41757544.72
KLAR,Klarna Group plc,NYSE,common,Commercial Services,7217951385.589069,3509000000,24.831020988971897,-294000000,-2593000000,,1415000000,65058668
SLAB,"Silicon Laboratories, Inc.",NASDAQ,common,Electronic Technology,7217412400.433134,784764000,34.288637989274214,-64907000,-5432000,,0,55555903.910000004
PACS,"PACS Group, Inc.",NYSE,common,Health Services,7199519936.336817,5288932000,29.322151514010447,191543000,455777000,,3404921000,25620844.49
JMKE,Jersey Mike's Subs Inc.,NYSE,common,Consumer Services,7197697132.547946,724000000,10.872894333843798,55000000,,,2103000000,58288363.32
FNMA,Fannie Mae,OTC,common,Finance,7187091664.882748,160561000000,6.0781839443449766,14364000000,30650000000,,4188258000000,14639494.756000001
MOS,Mosaic Company (The),NYSE,common,Process Industries,7184442044.164502,12052400000,8.35760779659798,540700000,-947100000,,6079100000,134647523
KEX,Kirby Corporation,NYSE,common,Transportation,7177103566.540596,3364050000,3.0060541184049856,354518000,474303000,,1227027000,66643896.330000006
ZETA,Zeta Global Holdings Corp.,NYSE,common,Technology Services,7166438010.6603775,1304668000,29.72038888237084,-31509000,224405000,,220248000,227731473.20000002
CAG,"ConAgra Brands, Inc.",NYSE,common,Consumer Non-Durables,7159342170.593437,11281600000,-2.852025351336456,-1916200000,978700000,,7475100000,116626095.52000001
VCTR,"Victory Capital Holdings, Inc. Class A Common Stock",NASDAQ,common,Finance,7149257542.514826,1324606000,45.236152958874435,330062000,563597000,,1012139000,70718167.59
ECG,"Everus Construction Group, Inc.",NYSE,common,Industrial Services,7148936693.039858,3746387000,31.466705969256253,201770000,250372000,,364150000,90508880
ACA,"Arcosa, Inc.",NYSE,common,Non-Energy Minerals,7122942638.253055,2883400000,12.198918245846142,208000000,135100000,,1508900000,91532061.9
STAG,"Stag Industrial, Inc.",NYSE,common,Finance,7122340196.633642,845184000,10.138340126976846,273350000,96353000,,3502145000,39605147.12
AGCO,AGCO Corporation,NYSE,common,Producer Manufacturing,7111721494.788524,10082000000,-13.54753513578405,726500000,330300000,,2838900000,80918188.05
ORKA,"Oruka Therapeutics, Inc.",NASDAQ,common,Health Technology,7110921333.162647,0,,-105433000,-101154000,,2546000,101521890.60000001
CHE,Chemed Corp,NYSE,common,Health Services,7071110273.48829,2529978000,4.059208147783458,265238000,323608000,,329093000,71084076.78
GTES,Gates Industrial Corporation Ltd.,NYSE,common,Producer Manufacturing,7045197161.107945,3443200000,1.0269350390235314,252200000,405300000,,2362800000,44847878.019999996
NE,Noble Corporation plc A,NYSE,common,Industrial Services,7037028628.890287,3285568000,7.44812150363429,216717000,221395000,,1888430000,49586782.16
AAON,"AAON, Inc.",NASDAQ,common,Producer Manufacturing,7027523960.55864,1442076000,20.109442086895683,107593000,-119187000,,480950000,114236922.51
LQDA,Liquidia Corporation,NASDAQ,common,Health Technology,7006645288.030893,158320000,1031.1803372392112,-68924000,41147000,,184824000,314378718.36
HIMS,"Hims & Hers Health, Inc.",NYSE,common,Health Services,6992403070.486725,2347637000,58.998627849109454,128365000.00000001,64675000,,1546239000,506205108.18
MAC,Macerich Company (The),NYSE,common,Finance,6989739090.417855,1018616000,10.197250629356407,-197923000,187328000,,4978880000,96839644.89999999
CLF,Cleveland-Cliffs Inc.,NYSE,common,Non-Energy Minerals,6989115392.868654,18610000000,-2.9971331769611678,-1478000000,-857000000,,7703000000,162340038
CELH,"Celsius Holdings, Inc.",NASDAQ,common,Consumer Non-Durables,6988828103.123532,2515269000,85.54244152165413,101445000,462774000,,2434825000,258031702.10000002
ORA,"Ormat Technologies, Inc.",NYSE,common,Utilities,6973753009.474052,989543000,12.492298108119783,123898000,-264767999.99999997,,3411658000,127764151.2
APPF,"AppFolio, Inc.",NASDAQ,common,Technology Services,6969075650.270171,950822000,19.72042377128237,140923000,270021000,,35775000,131017533.57000001
HNGE,"Hinge Health, Inc.",NYSE,common,Technology Services,6965542440.881699,587860000,50.577350641899166,-424087000,283923000,,5885000,118215067.35999998
FLR,Fluor Corporation,NYSE,common,Industrial Services,6958547366.539377,15503000000,-4.977015016855654,-51000000,-330000000,,1072000000,119089177.68
ROAD,"Construction Partners, Inc.",NASDAQ,common,Industrial Services,6897502549.397052,2812356000,54.19556782238393,101781000,175560000,,1891584000,100824326.25
AN,"AutoNation, Inc.",NYSE,common,Retail Trade,6897145627.174326,27631400000,3.2355204854027964,649100000,-35500000,,11331300000,60137427.06
GTLB,GitLab Inc.,NASDAQ,common,Technology Services,6892809224.837808,955224000,25.811690236009532,-55956000,263442999.99999997,,0,171550425.97
LOAR,Loar Holdings Inc.,NYSE,common,Electronic Technology,6888913062.612018,496283000,23.202480518545553,72146000,92341000,,964847000,36547351.2
HRB,"H&R Block, Inc.",NYSE,common,Consumer Services,6867867393.36833,3945392000,4.902878094759498,733596000,756081000,,2102353000,461804151.06
CGON,"CG Oncology, Inc.",NASDAQ,common,Health Technology,6824422227.126833,4040000,254.6971027216857,-160995000,-179343000,,8819000,58982038.99999999
GLBE,Global-E Online Ltd.,NASDAQ,common,Retail Trade,6811077845.714635,962195000.002128,27.821601458134516,68270000.000151,307087310,,25400000,149241842
VSEC,VSE Corporation,NASDAQ,common,Industrial Services,6808562394.763047,1112275000,41.4647392197961,25041000,-1120000,,1025599999.9999999,121573167.6
ENS,EnerSys,NYSE,common,Producer Manufacturing,6807087597.579508,3751376000,3.6985232388843476,293557000,467522000,,1189684000,128956114.08
FNB,F.N.B. Corporation,NYSE,common,Finance,6802329036.057561,2700000000,5.46875,565000000,654900000,,4971000000,57062844.29
ACT,"Enact Holdings, Inc.",NASDAQ,common,Finance,6788943630.229642,1235827000,2.8335610522444323,674244000,720829000,,745232000,14693957.22
FIGR,"Figure Technology Solutions, Inc.",NASDAQ,common,Finance,6765424902.689655,457211000,65.85506531383652,133858000,,,1323907000,232680433.44
COGT,"Cogent Biosciences, Inc.",NASDAQ,common,Health Technology,6764003800.978811,0,,-328937000,-309240000,,244261000,116070044.35999998
BIRK,Birkenstock Holding plc,NYSE,common,Consumer Non-Durables,6756709117.793969,2315643614.4678802,18.373586918948885,384566625.757893,296690030,,1581788552.4061701,135281382.72
MXL,"MaxLinear, Inc",NASDAQ,common,Electronic Technology,6741224031.061143,467641000,29.710036391070876,-136681000,3308000,,148197000,149811892.01
CPB,The Campbell's Company,NASDAQ,common,Consumer Non-Durables,6739460770.545775,10253000000,6.403071814030718,602000000,683000000,,7326000000,89539798.80000001
ST,Sensata Technologies Holding plc,NYSE,common,Electronic Technology,6716479787.462687,3701700000.04048,-5.93123427527029,31300000.000342302,585934570,,2444900000.01629,46120602.449999996
CORZ,"Core Scientific, Inc.",NASDAQ,common,Technology Services,6706374718.334007,319019000,-37.529568881787135,-280740000,-957745000,,4407342000,258098183.89000002
MRCY,Mercury Systems Inc,NASDAQ,common,Electronic Technology,6703232046.154099,912020000,9.187991978689652,-37904000,70343000,,639843000,40444604.28
EPRT,"Essential Properties Realty Trust, Inc.",NYSE,common,Finance,6678845529.713573,566651000,25.23698070339453,253013000,-688555000,,2930618000,28280127.66
SWX,"Southwest Gas Holdings, Inc.",NYSE,common,Utilities,6677334535.876625,1940380000,-21.60764959502524,439826000,-482674000,,3509859000,36885788.81
MSM,"MSC Industrial Direct Company, Inc.",NYSE,common,Distribution Services,6670281723.807429,3769521000,-1.3459999879611124,199328000,219930000,,555424000,87746357.12
UBSI,"United Bankshares, Inc.",NASDAQ,common,Finance,6660795428.17732,1820800000,12.22519988264676,463569000,533929999.99999994,,799368000,30498294.3
WFRD,Weatherford International plc,NASDAQ,common,Industrial Services,6645241023.081648,4918000000,-10.792671866497368,431000000,526000000,,1622000000,51701200.2
URBN,"Urban Outfitters, Inc.",NASDAQ,common,Retail Trade,6634150142.674556,6165376000,11.074526912626341,464919000,150388000,,1204605000,71354673.14
SSRM,SSR Mining Inc.,NASDAQ,common,Non-Energy Minerals,6631130846.950267,1629637000.00174,63.68094992254177,395754000.000422,344344900,,2300000,73945049.16000001
RRR,"Red Rock Resorts, Inc.",NASDAQ,common,Consumer Services,6625471545.593909,2011483000,3.7375754959616008,188066000,193007000,,3635487000,60080859.36000001
HR,Healthcare Realty Trust Incorporated,NYSE,common,Finance,6583646402.0141,1180546000,-6.920199697867092,-248288000,449921000,,4402505000,51807352.95
LNTH,"Lantheus Holdings, Inc.",NASDAQ,common,Health Technology,6574885788.47934,1541609000,0.5019199301132401,233559000,387831000,,624958000,149809181.55
SRRK,Scholar Rock Holding Corporation,NASDAQ,common,Health Technology,6554483640.812368,0,,-377939000,-297012000,,203833000,48397258.26
INGR,Ingredion Incorporated,NYSE,common,Consumer Non-Durables,6542887821.319385,7219000000,-2.8398384925975773,729000000,355000000,,1783000000,85144616.25
SGHC,Super Group (SGHC) Limited,NYSE,common,Consumer Services,6508718209.4641485,2231000000,21.54916376223433,217000000,,,107000000,24128288.310000002
MTDR,Matador Resources Company,NYSE,common,Energy Minerals,6498333910.1813,3656514000,5.103712088504662,759221000,-568093000,,4216410000,97888196.82
AUGO,Aura Minerals Inc.,NASDAQ,common,Non-Energy Minerals,6496178820.663687,921733000.000983,55.13133601383665,-79340000.0000846,155801310,,458010000,73934778.84
LUMN,"Lumen Technologies, Inc.",NYSE,common,Communications,6487791900.217869,12402000000,-5.386023802258163,-1739000000,837000000,,13495000000,67655258.87
ENVA,"Enova International, Inc.",NYSE,common,Finance,6483535618.487866,3151653000,18.581270223493114,308389000,1952781000,,5045455000,41529373.199999996
WEX,WEX Inc.,NYSE,common,Commercial Services,6477550298.37861,2660700000,1.236587778707861,304100000,108500000,,5357200000,99773137.36
QLYS,"Qualys, Inc.",NASDAQ,common,Technology Services,6474454394.106792,668946000,9.89459780915895,198320000,313957000,,53399000,96064282.15
EXP,Eagle Materials Inc,NYSE,common,Non-Energy Minerals,6471879674.9614105,2308658000,2.130052182960644,423809000,170513000,,1795407000,76054703.34
INGM,Ingram Micro Holding Corporation,NYSE,common,Technology Services,6467759788.647122,52556263000,9.529475141658086,327882000,-231593000,,4242162000.0000005,14035618.28
IBP,"Installed Building Products, Inc.",NYSE,common,Industrial Services,6457411449.434628,2970800000,1.0029578757692177,265399999.99999997,291700000,,1197200000,121976691.75
ERAS,"Erasca, Inc.",NASDAQ,common,Health Technology,6449627106.206444,0,,-124546000,-98081000,,44714000,67770995.91999999
RYN,Rayonier Inc. REIT,NYSE,common,Finance,6435823295.295106,484485000,-50.95953251701286,474380000,242732000,,1891551000,61232430.96
MIRM,"Mirum Pharmaceuticals, Inc.",NASDAQ,common,Health Technology,6426340568.491804,521312000,54.74341620954145,-23363000,-228741000,,762949000,64287052.17
MATX,"Matson, Inc.",NYSE,common,Transportation,6412796606.099017,3344500000,-2.259044947103863,444800000,108500000,,332400000,51522684.75
GBCI,"Glacier Bancorp, Inc.",NYSE,common,Finance,6403824264.301771,1436890000,13.312340950366657,239028000,407270000,,2276880000,45762432.62
PPC,Pilgrim's Pride Corporation,NASDAQ,common,Process Industries,6395595416,18498529000,3.487197280073058,1082359000,304421000,,3112965000,41898296.22
RIG,Transocean Ltd (Switzerland),NYSE,common,Industrial Services,6366216661.239243,3965000000,12.514188422247447,-2915000000,904000000,,5119000000,257027329.8
TTD,"The Trade Desk, Inc.",NASDAQ,common,Technology Services,6341766901.207227,2896284000,18.465611733489965,443304000,863049000,,434110000,316432919.99
HWC,Hancock Whitney Corporation,NASDAQ,common,Finance,6340830206.469956,2006038000,-2.409125692816418,484031000,581595000,,1887269000,43327672.96
GATX,GATX Corporation,NYSE,common,Transportation,6336702775.561951,1740400000,9.769788710186061,327800000,-4687800000,,12477100000,26813408.7
IFS,Intercorp Financial Services Inc.,NYSE,common,Finance,6334615242.990829,2829084386.33426,8.722222701045524,541770097.7512599,1303974680,,4101784080.2440195,25209088.709999997
XENE,Xenon Pharmaceuticals Inc.,NASDAQ,common,Health Technology,6319806663.505221,7500000.000008,,-345910000.000369,-336033900,,6418000,50784287.84
FND,"Floor & Decor Holdings, Inc.",NYSE,common,Retail Trade,6318049762.213553,4684088000,5.124097518498486,208647000,211397000,,2012794000,127394621.92999999
NOVT,Novanta Inc.,NASDAQ,common,Electronic Technology,6317080235.362471,980600000.0010461,3.3031514519314826,53829000.0000574,113233550,,285597000,46678492.8
MWH,"SOLV Energy, Inc.",NASDAQ,common,Industrial Services,6312229152.334874,2490496000,,149183000,,,80523000,50969330.64
LSTR,"Landstar System, Inc.",NASDAQ,common,Transportation,6307177517.000956,4743760000,-1.5663241856348868,115007000,175645000,,139105000,87544084.95
DUOL,"Duolingo, Inc.",NASDAQ,common,Technology Services,6298800974.205183,1037589000,38.710656342577245,414065000,407931000,,86136000,130062811.88
CAI,"Caris Life Sciences, Inc.",NASDAQ,common,Health Technology,6290568637.345722,812033000,96.97108620773298,-68088000,116246000,,452402000,89565291.48
SPHR,Sphere Entertainment Co.,NYSE,common,Consumer Services,6288113439.288723,1220045000,18.809822678010978,33405000,359072000,,913306000,152836061
DNTH,"Dianthus Therapeutics, Inc.",NASDAQ,common,Health Technology,6287583484.630934,2036000,-67.34562951082597,-162337000,-155709000,,1287000,73516252.41
MTG,MGIC Investment Corporation,NYSE,common,Finance,6285025403.495223,1213636000,0.48893338003247416,738347000,706480000,,646874000,48200304.88
LYFT,"Lyft, Inc.",NASDAQ,common,Transportation,6276197717.4355755,6316261000,9.164250496369176,2844008000,1112326000,,1292245000,249294127.71999997
KGS,"Kodiak Gas Services, Inc.",NYSE,common,Industrial Services,6274516219.622585,1308100000,12.834261039531238,80521000,5007000,,2821937000,89687312.26
SNDR,"Schneider National, Inc.",NYSE,common,Transportation,6265254072.783033,5674300000,7.254512805972971,103600000,207800000,,396100000,17529290.580000002
CROX,"Crocs, Inc.",NASDAQ,common,Consumer Non-Durables,6262106693.727128,4040647000,-1.4982784461062457,-81198000,704620000,,1689202000,98934070.97000001
M,Macy's Inc,NYSE,common,Retail Trade,6257673276.805057,22621000000,-1.6734764843953749,642000000,1425000000,,5109000000,108365091.50999999
LKQ,LKQ Corporation,NASDAQ,common,Consumer Durables,6251681847.982592,13651000000,-1.2443029733053608,607000000,625000000,,5313000000,72863192.43
MGY,Magnolia Oil & Gas Corporation,NYSE,common,Energy Minerals,6246492282.825067,1311845000,-0.3070934716229217,320795000,352002000,,413131000,99994999.32
YOU,"Clear Secure, Inc.",NYSE,common,Technology Services,6244897701.666943,900779000,16.91019198222425,109168000,508393000,,109766000,108061575.52
RUSHA,"Rush Enterprises, Inc.",NASDAQ,common,Retail Trade,6233077791.023777,7434195000,-4.747765013749326,263778000.00000003,516897000.00000006,,1485150000,34917789.059999995
HOMB,"Home BancShares, Inc.",NYSE,common,Finance,6225544269.536279,1474178000,0.7449028824324564,475441000,494737000,,921373000,40242298.96
CHDN,"Churchill Downs, Incorporated",NASDAQ,common,Consumer Services,6170562344.096023,2925900000,7.007277913908496,379700000,568600000,,4781000000,56865563.43
DOX,Amdocs Limited,NASDAQ,common,Technology Services,6161667010.521482,4534161000,-9.38696885392575,554114000,638842000,,1087013000,52551707.84
JBTM,JBT Marel Corporation,NYSE,common,Producer Manufacturing,6148440084.46433,3789700000,119.99883896435621,-50500000,310000000,,1679000000,84447751.88
RGTI,"Rigetti Computing, Inc.",NASDAQ,common,Electronic Technology,6148020202.407961,7088000,-34.30954587581094,-216210000,-87582000,,7701000,311133306.78000003
ESNT,Essent Group Ltd.,NYSE,common,Finance,6136767352.34605,1235106000,1.3711424819435325,689969000,825892000,,495972000,44421397.56
CRUS,"Cirrus Logic, Inc.",NASDAQ,common,Electronic Technology,6108829444.953603,1997379000,5.342715512080997,414408000,572102000,,130464000,106410579.45
KNSA,"Kiniksa Pharmaceuticals International, plc",NASDAQ,common,Health Technology,6097576801.380465,677564000,60.09016182346145,59005000,182837000,,8897000,41243271.75
STWD,Starwood Property Trust Inc.,NYSE,common,Finance,6092980783.620649,1880177000,-7.881468329151644,402356000,728649000,,23694124000,81349467.92
ASB,Associated Banc-Corp,NYSE,common,Finance,6067739260.547053,2458950000,15.957577243746934,472501000,582076000,,5734874000,43482235.86000001
PTCT,"PTC Therapeutics, Inc.",NASDAQ,common,Health Technology,6062592827.397558,1730655000,114.51386995215549,682644000,-39711000,,696468000,70894242.88
AUB,Atlantic Union Bankshares Corporation,NYSE,common,Finance,6061064390.233927,2040923000,51.58224111026855,273715000,-1362495000,,2010724000,29125808.08
RDNT,"RadNet, Inc.",NASDAQ,common,Health Services,6055753712.072963,2040210000,11.507358728159925,-18652000,72372000,,2184037000,49045775.4
NTSK,"Netskope, Inc.",NASDAQ,common,Technology Services,6054815686.386615,708997000,31.718214718318755,-679388000,-59101000,,746605000,53932805.81
CZR,"Caesars Entertainment, Inc.",NASDAQ,common,Consumer Services,6036234440.754203,11486000000,2.1431747443308136,-502000000,512000000,,24856000000,517729641.90999997
BYD,Boyd Gaming Corporation,NYSE,common,Consumer Services,6028946186.042491,4091989000,4.116717902475043,1843273000,35064000,,3258284000,68382490.32000001
CACC,Credit Acceptance Corporation,NASDAQ,common,Finance,5992190004.945735,2317200000,7.158712541620421,423900000,1221100000,,6286200000,75609936.75
BLCO,Bausch + Lomb Corporation,NYSE,common,Health Technology,5986089933.247185,5101000000.00544,6.470465456051209,-360000000.000384,140128070,,5115000000,6495723.48
LEA,Lear Corporation,NYSE,common,Producer Manufacturing,5979641184.9389,23258300000,-0.1871092056870899,436800000,849400000,,3515700000,66841372.800000004
AIR,AAR Corp.,NYSE,common,Electronic Technology,5964749409.456446,3308000000,18.971408020140263,187700000,59600000,,1012000000,28902015.68
ABCB,Ameris Bancorp,NYSE,common,Finance,5943688364.050096,1671716000,2.1625846635976016,412154000,521976000,,1385348000,21811336.77
FRVO,Fervo Energy Company,NASDAQ,common,Utilities,5940042656.172113,138000,-30.65326633165829,-70515000,,,338285000,160828577.28
ZGN,Ermenegildo Zegna N.V.,NYSE,common,Consumer Non-Durables,5938806560.643109,2163424116.67143,2.742787290750727,111257471.526183,294056720,,1148351372.10394,11847815.889999999
VAL,Valaris Limited,NYSE,common,Industrial Services,5916625261.133294,2369000000.00275,0.2708880045577239,982800000.00114,-25203600,,1165500000.00357,112745611.49999999
OZK,Bank OZK,NASDAQ,common,Finance,5914339145.375361,2801625000,0.996218443469515,715480000,762417000,,668231000,31446728.94
TXNM,"TXNM Energy, Inc.",NYSE,common,Utilities,5907633746.2907,2165606000,9.862373103882458,151890000,-501969000,,5964899000,43580259.449999996
MTRN,Materion Corporation,NYSE,common,Electronic Technology,5901360680.213461,1786654000,6.032123213365839,74823000,32360000,,511529000,54072067.92
FLG,"Flagstar Bank, N.A.",NYSE,common,Finance,5898469003.443975,4806000000,-25.046787273861508,-177000000,-203000000,,11355000000,41157289.81
FTDR,"Frontdoor, Inc.",NASDAQ,common,Consumer Durables,5891066770.047144,2093000000,13.564839934888766,255000000,386000000,,1179000000,49105314.64
LB,LandBridge Company LLC,NYSE,common,Commercial Services,5883158884.942438,199093000,81.06935627626099,29375000,-72372000,,535722999.99999994,34014144.95999999
CVLT,"Commvault Systems, Inc.",NASDAQ,common,Technology Services,5874351767.8862505,1183690000,18.889856461156327,70657000,260296000,,917655000,49583486.800000004
TVTX,"Travere Therapeutics, Inc.",NASDAQ,common,Health Technology,5859268512.075734,490728000,110.45480862013508,-50261000,92935000,,616905000,64708124.879999995
LGND,Ligand Pharmaceuticals Incorporated,NASDAQ,common,Health Technology,5846516291.3781805,268087000,60.40339131111151,124453000,131508999.99999999,,1131453000,111450518.28999999
MCY,Mercury General Corporation,NYSE,common,Finance,5844608346.552193,5992468000,9.438817393349773,541094000,1263765000,,962128000,19292432.64
CAKE,The Cheesecake Factory Incorporated,NASDAQ,common,Consumer Services,5836424349.9652405,3751806000,4.749338233056434,148427000,204952000,,2081016000,255803390.92000002
AROC,"Archrock, Inc.",NYSE,common,Industrial Services,5835254944.94089,1489818000,28.699860313357657,318956000,291332000,,2357209000,36520673.28
FBIN,"Fortune Brands Innovations, Inc.",NYSE,common,Producer Manufacturing,5833683994.0014,4463200000,-3.163376003471469,298800000,400500000,,2799900000,84619186.92
ACI,"Albertsons Companies, Inc.",NYSE,common,Retail Trade,5828761459.937959,83172500000,3.460093119992437,217400000,564300000,,15701000000,73039031.17999999
MMED,"MiniMed Group, Inc.",NASDAQ,common,Health Technology,5813446875.697674,3102000000,14.25414364640884,-333000000,,,53000000,27158110.2
WHD,"Cactus, Inc. Class A Common Stock",NYSE,common,Industrial Services,5804989977.046085,1079051000,-4.493040447365672,166014000,321565000,,56219000,76362886.4
STEP,StepStone Group Inc.,NASDAQ,common,Finance,5804547673.791154,2002994000,69.8334812915523,-535808000,461019000,,1568006000,51804373.4
STVN,Stevanato Group S.p.A.,NYSE,common,Health Technology,5801328342.339666,1338811708.38289,12.107107761064814,157819212.032682,-12251500,,506469323.70000005,13222876.25
MBGL,Mobility Global Inc.,NYSE,common,Technology Services,5784394541.092411,1750000000,8.493490390576564,220000000,,,2008000000,89536282.02000001
TFX,Teleflex Incorporated,NYSE,common,Health Technology,5776205056.570315,1992713000,17.249724338146777,-905640000,339774000,,2872549000,70295043.84
RLI,RLI Corp.,NYSE,common,Finance,5775273010.170472,1882178000,6.312153120209486,403337000,517015999.99999994,,318698000,33584797.05
CWST,"Casella Waste Systems, Inc.",NASDAQ,common,Industrial Services,5760498048.722872,1836841000,17.951650406509287,7871000,105673000,,1445004000,29612938.88
OBDC,Blue Owl Capital Corporation,NYSE,common,Finance,5754973681.394691,1679052000,11.168919218650375,627407000,482118000,,7903533000,34415121.75
DLB,Dolby Laboratories,NYSE,common,Technology Services,5750327320.847947,1349130000,5.920370316576394,255018000,392673000,,47450000,38615353.63
DFTX,"Definium Therapeutics, Inc.",NASDAQ,common,Health Technology,5749562138.279883,0,,-183793000.000196,-166743510,,36467000,326711149.38
SON,Sonoco Products Company,NYSE,common,Process Industries,5744637424.610727,7514942000,41.61663562634704,396378000,354831000,,4765630000,35756657.300000004
POR,Portland General Electric Co,NYSE,common,Utilities,5739257752.742302,3373000000,6.504578465424691,306000000,-189000000,,5211000000,33460549.599999998
BCPC,Balchem Corporation,NASDAQ,common,Consumer Non-Durables,5730392922.196078,1037161000,8.753108996271301,154845000,171364000,,166715000,24790881.36
VFC,V.F. Corporation,NYSE,common,Consumer Non-Durables,5727970319.56563,9602782000,0.7147627721762098,254920000,619058000,,4953682000,86767773.95
MKTX,"MarketAxess Holdings, Inc.",NASDAQ,common,Finance,5722363898.293238,849199000,3.8240857002082107,246627000,143069000,,178913000,187799260.2
RITM,Rithm Capital Corp.,NYSE,common,Finance,5712503430.35122,5685892000,25.36154572884043,681446000,-1995332000,,40392948000,28265275.17
G,Genpact Limited,NYSE,common,Commercial Services,5704768016.95966,5079329000,6.5979858294093585,552494000,572106000,,1414616000,68597333
NXST,"Nexstar Media Group, Inc.",NASDAQ,common,Consumer Services,5703848589.773732,4949000000,-8.470501202145368,92000000,743000000,,12085000000,53638575.66
HLNE,Hamilton Lane Incorporated,NASDAQ,common,Finance,5700122167.832792,758993000,6.456155508771142,249180000,423531000,,364790000,75219393.15
AX,"Axos Financial, Inc.",NYSE,common,Finance,5695858803.859724,2190535000,12.535325663963226,490372000,,,691644000,25156661.2
BXSL,Blackstone Secured Lending Fund,NYSE,common,Miscellaneous,5686799237.370188,1266727000,-3.7959792178833744,563455000,563654000,,7536067000,27788417.23
MMYT,MakeMyTrip Limited,NASDAQ,common,Technology Services,5672677768.297346,1043991000.00003,6.710884604056429,51804000.000001304,,,1708297000,28132504.150000002
PECO,"Phillips Edison & Company, Inc.",NASDAQ,common,Finance,5663753855.269289,732299000,9.887651240158043,111303000,239130000,,2584775000,21590182.080000002
ACMR,"ACM Research, Inc.",NASDAQ,common,Producer Manufacturing,5659693437.862112,901309000,15.239516287823577,94078000,-118738000,,349319000,48230329.06
PRM,"Perimeter Solutions, SA",NYSE,common,Process Industries,5657019761.431798,652862000.0071391,16.381326565145816,-206366000.00225702,103858750,,1379009000.00918,57985770.24
CSW,"CSW Industrials, Inc.",NYSE,common,Process Industries,5654003251.597824,1082549000,23.254897808382317,112045000,144275000,,927467000,47853373.019999996
ANDG,Andersen Group Inc.,NYSE,common,Consumer Services,5646619229.420259,838692000,14.639150456606338,-2324000,,,448706000,22808200
AMRX,"Amneal Pharmaceuticals, Inc.",NASDAQ,common,Health Technology,5639790217.905263,3018760000,8.046043657794304,72057000,81125000,,2791761000,51735446.82
HRI,Herc Holdings Inc.,NYSE,common,Finance,5634535880.87318,4376000000,22.6457399103139,1000000,-128000000,,9558000000,48744801.72
RSI,"Rush Street Interactive, Inc.",NYSE,common,Consumer Services,5627456944.275149,1134428000,22.762565700267185,33308000,181674000,,14786000,33736113.08
UEC,Uranium Energy Corp.,AMEX,common,Non-Energy Minerals,5621750204.286212,66837000,29737.946428571428,-87656000,-299832000,,0,54831948.16
NJR,NewJersey Resources Corporation,NYSE,common,Utilities,5617265824.2572155,2033302000,13.944372247430467,335627000,-88778000,,3880008000,28706097.6
SIGI,"Selective Insurance Group, Inc.",NASDAQ,common,Finance,5589966206.625678,5338132000,9.678441363652707,466411000,1230791000,,900959000,34257793.44
CPA,"Copa Holdings, S.A.",NYSE,common,Transportation,5589083812.095168,3617822000,4.9800969067940954,671648000,-48567000,,2564815000,36596200.620000005
BKH,Black Hills Corporation,NYSE,common,Utilities,5578680127.446355,2310000000,8.567937209193037,291600000,-305200000,,4778900000,48736265.599999994
ONDS,Ondas Inc,NASDAQ,common,Electronic Technology,5567519999.536962,50731000,605.3129189146654,-132019000,-86579870,,16352000,838298895.5899999
SXT,Sensient Technologies Corporation,NYSE,common,Consumer Non-Durables,5547211135.990675,1612111000,3.524403619765378,134489000,4482000,,763896000,39426649.620000005
REYN,Reynolds Consumer Products Inc.,NASDAQ,common,Consumer Non-Durables,5529047361.833908,3721000000,0.7036535859269283,301000000,320000000,,1648000000,31079507.32
GVA,Granite Construction Incorporated,NYSE,common,Industrial Services,5522643777.8959875,4424379000,10.400431782419988,193003000,471906000,,1732435000,34905794.47
GXO,"GXO Logistics, Inc.",NYSE,common,Transportation,5502565834.221983,13178000000,12.545904859509779,32000000,180000000,,6119000000,73973308.94
AMTM,"Amentum Holdings, Inc.",NYSE,common,Electronic Technology,5502003481.621043,14393000000,71.59036719122555,66000000,474000000,,3825000000,88608520.67999999
WH,"Wyndham Hotels & Resorts, Inc.",NYSE,common,Consumer Services,5493107804.7065,1429000000,1.4914772727272727,193000000,322000000,,2675000000,162601510.48
PSMT,"PriceSmart, Inc.",NASDAQ,common,Retail Trade,5491012916.288268,5270094000,7.2487463109734875,144897000,73735000,,325454000,31632929.19
BETA,"Beta Technologies, Inc.",NYSE,common,Electronic Technology,5487378091.000406,35616000,135.99257884972172,-745868000,,,206696000,72158222.24000001
PI,"Impinj, Inc.",NASDAQ,common,Electronic Technology,5486961439.28862,361075000,-1.369073471606476,-10847000,62989000,,266654000,88326423
GTX,Garrett Motion Inc.,NASDAQ,common,Producer Manufacturing,5471716753.984202,3584000000,3.136690647482014,310000000,365000000,,1417000000,73356630.84
MAIN,Main Street Capital Corporation,NYSE,common,Finance,5471179940.282738,644503000,5.6368338927934545,493398000,352001000,,2544158000,40204385.87
ELF,"e.l.f. Beauty, Inc.",NYSE,common,Consumer Non-Durables,5465320430.547848,1636472000,24.587043791591583,26318000,280158000,,929300000,171734892.56
MMSI,"Merit Medical Systems, Inc.",NASDAQ,common,Health Technology,5445590570.062562,1514730000,11.839861072347816,128489000,203205000,,820121000,80251713.60000001
BDC,Belden Inc,NYSE,common,Producer Manufacturing,5393962521.002229,2715194000,10.329832152163835,237522000,212079000,,1343972000,45107513.85
SHC,Sotera Health Company,NASDAQ,common,Health Technology,5390729886.990057,1163617000,5.740971119760169,77945000,109776000,,2268089000,47587839.120000005
ENPH,"Enphase Energy, Inc.",NASDAQ,common,Producer Manufacturing,5387536796.419149,1472985000,10.71886817555546,172133000,152627000,,613365000,113764526.46000001
MIDD,The Middleby Corporation,NASDAQ,common,Producer Manufacturing,5378264276.359697,3201202000,1.6177502722809285,-277731000,,,1979524000,152356036.95000002
MC,Moelis & Company,NYSE,common,Finance,5376069565.209009,1535888000,27.828750249683733,233037000,433406000,,262753000,68601975.03
HASI,"HA Sustainable Infrastructure Capital, Inc.",NYSE,common,Finance,5351941810.1090555,400502000,4.407513132340099,182629000,267551000,,5825639000,37440945.42
ESAB,ESAB Corporation,NYSE,common,Producer Manufacturing,5349539868.930196,2842555000,3.7124886392783427,225548000,196607000,,2539497000,56251315.25
SAIC,Science Applications International Corporation,NASDAQ,common,Technology Services,5339985251.252572,7262000000,-2.901457414092793,358000000,603000000,,2675000000,44294390.800000004
PIPR,Piper Sandler Companies,NYSE,common,Finance,5337020091.42676,1909457000,24.638754876817323,281331000,581732000,,175009000,20723594.24
XMTR,"Xometry, Inc.",NASDAQ,common,Technology Services,5336251501.806956,686631000,25.865169404376303,-61743000,-13998000,,339769000,33235177.98
EBC,"Eastern Bankshares, Inc.",NASDAQ,common,Finance,5335744520.378297,1054498000,-1.2358421381427058,88219000,399259000,,495510000,27523041.950000003
IEP,Icahn Enterprises L.P.,NASDAQ,common,Energy Minerals,5331862739.44591,9907000000,-2.5860373647984267,-293000000,-244000000,,7839000000,9451387.5
ACIW,"ACI Worldwide, Inc.",NASDAQ,common,Technology Services,5325389396.099731,1759782000,10.380433146332408,226658000,311547000,,863594000,48324169.5
OUT,OUTFRONT Media Inc.,NYSE,common,Finance,5289341687.9779415,1831700000,0.043694357966027636,147000000,303400000,,4132500000,64880775.96
CNX,CNX Resources Corporation,NYSE,common,Energy Minerals,5287505637.017436,2143213000.0000002,48.81449752150932,633162000,525977999.99999994,,2380108000,37489044.120000005
ALK,"Alaska Air Group, Inc.",NYSE,common,Transportation,5286639908.910124,14239000000,21.33787814230933,100000000,-350000000,,7616000000,71373136.92
MTN,"Vail Resorts, Inc.",NYSE,common,Consumer Services,5286590025.711228,2964347000,2.743527204958008,280004000,173525000,,3257489000,49014583.36000001
OTF,Blue Owl Technology Finance Corp.,NYSE,common,Finance,5273713330.909633,1200009000,106.97090010969374,720371000,376423000,,7157528000,33057168.89
KRG,Kite Realty Group Trust,NYSE,common,Finance,5271127982.552922,853190000,0.6297097013508269,298663000,262120999.99999997,,3008514000,42581524.739999995
IRDM,Iridium Communications Inc,NASDAQ,common,Communications,5260933008.3687725,871659000,4.932934624802271,114372000,288324000,,1761874000,50671797
SLM,SLM Corporation,NASDAQ,common,Finance,5256876454.104934,3132628000,3.437074361035947,744847000,-328146000,,5844116000,55079167.309999995
VSNT,"Versant Media Group, Inc.",NASDAQ,common,Consumer Services,5256064061.035364,6688000000,-5.29595015576324,930000000,1713000000,,2954000000,67092877.809999995
RNG,"RingCentral, Inc.",NYSE,common,Technology Services,5250867635.131915,2515142000,4.780338235998658,43391000,569736000,,1364140000,81892648.32000001
EQPT,EquipmentShare.com Inc,NASDAQ,common,Technology Services,5228031148.713336,4379000000,16.360640926846116,38000000,,,4206000000,58940316.16
CRSP,CRISPR Therapeutics AG,NASDAQ,common,Health Technology,5220436547.445904,3510000,-90.59334298118668,-581599000,-371325000,,783748000,40104527.86
BC,Brunswick Corporation,NYSE,common,Producer Manufacturing,5205177942.350572,5362800000,2.400183307555708,-137300000,341200000,,2291100000,53814834.26
EXLS,"ExlService Holdings, Inc.",NASDAQ,common,Technology Services,5204857457.479655,2087679000,13.56129227381618,251019000,275036000,,488019000,46028222.14
GOLF,Acushnet Holdings Corp.,NYSE,common,Consumer Durables,5203889628.15868,2558730000,4.136558230851035,188545000,183737000,,960066000,43549139.699999996
GLNG,Golar LNG Limited,NASDAQ,common,Industrial Services,5188163723.770849,393522000.000148,51.13837125335666,65676000.0000246,-445213600,,2726664000,44602699.48
MYRG,"MYR Group, Inc.",NASDAQ,common,Industrial Services,5179578163.606232,3657889000,8.79159739344316,118416000,193363000,,67104000,67407621.6
EPAM,"EPAM Systems, Inc.",NYSE,common,Technology Services,5173658194.082883,5457056000,15.421430898023242,377678000,482636000,,152243000,117061296.12
BEPC,Brookfield Renewable Corporation,NYSE,common,Utilities,5168167021.1267605,5209091773.643471,-8.199821501059589,-3275244398.44965,-697389310,,21918268750,108971240
SBRA,"Sabra Health Care REIT, Inc.",NASDAQ,common,Finance,5157793087.783376,770477000,9.063512105632686,155609000,378335000,,2652417000,48416043.99
PSN,Parsons Corporation,NYSE,common,Technology Services,5156564200.68228,6364245000,-5.7229338651990584,241139000,308138000,,1645379000,46413736.6
BGC,"BGC Group, Inc.",NASDAQ,common,Finance,5154649494.692913,2936483000,29.83681983948159,154962000,393725000,,1999509000,34203715.839999996
PEGA,Pegasystems Inc.,NASDAQ,common,Technology Services,5154094750.690959,1745812000,16.606687238675377,393437000,492500000,,72016000,48144633.9
LPX,Louisiana-Pacific Corporation,NYSE,common,Non-Energy Minerals,5150558041.95127,2708000000,-7.922475348520912,146000000,-21000000,,377000000,60139927.98
ALH,Alliance Laundry Holdings Inc.,NYSE,common,Producer Manufacturing,5145950220.472064,1709237000,13.311566916814725,101755000,,,1932597000,16288036.49
VSH,"Vishay Intertechnology, Inc.",NYSE,common,Electronic Technology,5145879747.802644,3069048000,4.475135544921733,-8978000,-6959000,,1097111000,103810040.94999999
AXTI,AXT Inc,NASDAQ,common,Electronic Technology,5133757419.16129,88326000,-11.105967129960447,-21260000,,,85397000,883903814.22
RELY,"Remitly Global, Inc.",NASDAQ,common,Commercial Services,5129104700.31978,1635147000,29.36668241079842,67933000,344543000,,38264000,78646751.66
OCTV,Octave Intelligence plc,NASDAQ,common,Technology Services,5121792678.30426,1637898000,1.3234106915846224,248104000,,,49364000,148700208.95999998
MRX,Marex Group Limited,NASDAQ,common,Technology Services,5116442812.653428,3629800000.00421,25.39035511929022,307200000.000356,,,10362600000.1362,95574251.28
HCC,"Warrior Met Coal, Inc.",NYSE,common,Energy Minerals,5107017793.585438,1309868000,-14.220638891435605,56998000,-45681000,,269321000,60895685.76
TBBB,BBB Foods Inc.,NYSE,common,Retail Trade,5099381802.712356,4070386281.51796,29.895955221895708,-147891434.41208902,104346710,,808936950.918715,26439488.099999998
SKY,"Champion Homes, Inc.",NYSE,common,Consumer Durables,5095818720.940002,2663639000,7.255678395521066,206898000,264946000.00000003,,123174000,56694413.64
LAUR,"Laureate Education, Inc.",NASDAQ,common,Commercial Services,5095348836.686206,1701930000,8.635540219143877,281630000,286576000,,733992000,41652663.480000004
PAY,"Paymentus Holdings, Inc.",NYSE,common,Commercial Services,5082924215.860133,1196507000,37.25424292654388,66937000,159141000,,8832000,29438099.68
OII,"Oceaneering International, Inc.",NYSE,common,Producer Manufacturing,5078002464.581166,2784156000,4.621854897167064,353761000,237415000,,822159000,36121088.580000006
ACAD,ACADIA Pharmaceuticals Inc.,NASDAQ,common,Health Technology,5074397286.422985,1071505000.0000001,11.871826702317936,391000000,145625000,,73854000,41516784.1
UFPI,"UFP Industries, Inc.",NASDAQ,common,Non-Energy Minerals,5062170048.23077,6320343000,-4.990237224398326,283699000,267043000,,408396000,33297276.18
WTM,"White Mountains Insurance Group, Ltd.",NYSE,common,Finance,5058559492.754353,2885700000,28.83739619608894,1090100000,571600000,,932500000,57452202.22
MUR,Murphy Oil Corporation,NYSE,common,Energy Minerals,5055618421.105264,2689845000,-10.890916909108135,104234000,306279000,,2263732000,66188238.48
TPC,Tutor Perini Corporation,NYSE,common,Industrial Services,5053994989.201476,5543039000,28.105822106337946,80440000,621333000,,464856000,45827342.22
OGS,"ONE Gas, Inc.",NYSE,common,Utilities,5052386872.53191,2427428000,16.50398021077407,264224000,-172841000,,3392925000,34332227.12
TREX,"Trex Company, Inc.",NYSE,common,Non-Energy Minerals,5045382961.671894,1174267000,1.9816770000234487,190415000,205622000,,303372000,76668923.37
UNF,Unifirst Corporation,NYSE,common,Consumer Services,5038958335.411107,2432231000,0.2013724471572415,148271000,87090000,,85048000,33492954.429999996
GHC,Graham Holdings Company,NYSE,common,Consumer Services,5028468563.603725,4911563000,2.518501727440166,290656000,200261000,,1346650000,36653233.220000006
CNO,"CNO Financial Group, Inc.",NYSE,common,Finance,5022060057.892001,4499800000,-0.2261640798226164,229300000,698900000,,4552500000,39040510.04
FFIN,"First Financial Bankshares, Inc.",NASDAQ,common,Finance,5009295993.435347,835870000,10.704953227829408,253579000,315847000,,75485000,19138270.5
ANF,Abercrombie & Fitch Company,NYSE,common,Retail Trade,4986570785.045096,5266292000,6.420115479428774,506921000,416047000,,1292477000,118276391.25
KLIC,"Kulicke and Soffa Industries, Inc.",NASDAQ,common,Producer Manufacturing,4979114918.737639,654081000,-7.38440059357265,213000,39973000,,38118000,72433222.95
PAGP,"Plains GP Holdings, L.P.",NASDAQ,common,Industrial Services,4977288966.354043,44282000000,-9.467830638071678,260000000,2370000000,,8635000000,22084290.45
NIQ,NIQ Global Intelligence plc,NYSE,common,Technology Services,4958208178.147164,4198400000.04591,5.683934955403891,-353300000.003863,394614710,,3796000000.02528,57896396.839999996
SFBS,"ServisFirst Bancshares, Inc.",NYSE,common,Finance,4945128647.222782,1017494000,3.7002083188950543,276603000,464254000,,1641490000,16876975.05
ADT,ADT Inc.,NYSE,common,Commercial Services,4940205756.2684555,5128607000,4.698653409673191,595951000,1613800000,,7784705000,68426629.28
GBTG,"Global Business Travel Group, Inc.",NYSE,common,Consumer Services,4931204800.000001,2718000000,12.174989682212134,109000000,102000000,,1599000000,9990012.16
CAR,"Avis Budget Group, Inc.",NASDAQ,common,Finance,4930768628.567895,11652000000,-1.1621002629569939,-889000000,-11400000000,,29125000000,38454429.580000006
GNTX,Gentex Corporation,NASDAQ,common,Producer Manufacturing,4929990086.376932,2534268965,9.551431418032026,379128257,496653110,,11198119,48764944.8
DIOD,Diodes Incorporated,NASDAQ,common,Electronic Technology,4929374512.798837,1482073000,13.038699737628898,66141000.00000001,142510000,,89005000,45312922.080000006
KVYO,"Klaviyo, Inc. Series A",NYSE,common,Technology Services,4911548351.838236,1234019000,31.633748069259195,-31768000,236434000,,113925000,170551336.5
TFSL,TFS Financial Corporation,NASDAQ,common,Finance,4893725905.513341,792362000,4.470948721870336,89501000,,,5810914000,12644933.1
SR,Spire Inc.,NYSE,common,Utilities,4889549899.022801,2476400000,-4.4967219436945625,271400000,-222400000,,7259600000,44535613.05
DYN,"Dyne Therapeutics, Inc.",NASDAQ,common,Health Technology,4887154290.317859,0,,-446214000,-499223000,,233350000,46557895.52
BOOT,"Boot Barn Holdings, Inc.",NYSE,common,Retail Trade,4867985825.335585,2253859000,17.934921385753995,225880000,116708000,,806049000,100990048.68
CUZ,Cousins Properties Incorporated,NYSE,common,Finance,4854114953.035788,993816000,15.997282779968206,40503000,157355000,,3904059000,55239488.4
BILL,"BILL Holdings, Inc.",NYSE,common,Technology Services,4850360484.862571,1462570000,13.362404392592616,23799000,326606000,,1885854000,99996391.80000001
FRMI,Fermi Inc.,NASDAQ,common,Finance,4845564448.370786,0,,-486379000,,,465010000,261442561.2
ACHR,Archer Aviation Inc.,NYSE,common,Electronic Technology,4843449698.294551,300000,,-618200000,-660000000,,125600000,328784665.48
RDN,Radian Group Inc.,NYSE,common,Finance,4821060010.401541,1197084000,-0.7639067925945392,582640000,1390661000,,1266806000,31763618.36
VRNS,"Varonis Systems, Inc.",NASDAQ,common,Technology Services,4816100049.0733795,622686000,13.020419275796351,-129324000.00000001,121941000,,528374000,45343185.86
KBR,"KBR, Inc.",NYSE,common,Technology Services,4803181704.081469,7786000000,0.9857328145265888,450000000,347000000,,2798000000,44112561
CENX,Century Aluminum Company,NASDAQ,common,Non-Energy Minerals,4768507043.594761,2527900000,13.853983695896952,41800000,151200000,,480000000,151852312.25
CE,Celanese Corporation,NYSE,common,Process Industries,4753226255.660571,9544000000,-7.051032333463186,-1165000000,708000000,,12397000000,53139810.84
MTH,Meritage Homes Corporation,NYSE,common,Finance,4750539775.762125,5857637000,-8.403362921391361,453013000,415205000,,1907178000,70301457.43
GFF,Griffon Corporation,NYSE,common,Producer Manufacturing,4750509801.307729,2519926000,-3.9486643898274076,51110000,256599000,,1336992000,46838149.44
CHH,"Choice Hotels International, Inc.",NYSE,common,Consumer Services,4750209756.239696,1596793000,0.7542722005200528,368166000,183248000,,2106688000,41008727.940000005
FELE,"Franklin Electric Co., Inc.",NASDAQ,common,Producer Manufacturing,4750079576.717559,2131250000,5.437429904207158,146490000,218281000,,308318000,15170957.76
CRC,California Resources Corporation,NYSE,common,Energy Minerals,4749199766.535932,3403000000,15.082854244166386,363000000,395000000,,1347000000,33615733.48
SEI,"Solaris Energy Infrastructure, Inc.",NYSE,common,Industrial Services,4731811957.975846,622205000,98.7297622735882,28909000,-727796000,,2514638000,128045830.19999999
EWTX,"Edgewise Therapeutics, Inc.",NASDAQ,common,Health Technology,4730796206.274881,0,,-167795000,-158834000,,3590000,43376351.04
OLLI,"Ollie's Bargain Outlet Holdings, Inc.",NASDAQ,common,Retail Trade,4730470110.61174,2649198000,16.61716640144737,240596000,212725000,,710296000,93110144.5
CNR,"Core Natural Resources, Inc.",NYSE,common,Energy Minerals,4712962786.914008,4164774999.9999995,92.42115388702487,-153216000,259504000.00000003,,447649000,47239808.85
WAY,Waystar Holding Corp.,NASDAQ,common,Technology Services,4705506283.353086,1099278000,16.504601244874408,112089000,246260000,,1481720000,81599377.32
EPR,EPR Properties,NYSE,common,Finance,4704553979.982436,718309000,2.899574253511119,274936000,440799000,,3524897000,60618486.51
FHI,"Federated Hermes, Inc.",NYSE,common,Finance,4703597845.999999,1810989000,10.779640156670645,385159000,366943000,,451942000,30671046
BCO,Brinks Company (The),NYSE,common,Commercial Services,4693970660.686858,5261200000,4.9741614956403755,199700000,393600000,,4555600000,70210300.16
LFST,"LifeStance Health Group, Inc.",NASDAQ,common,Health Services,4672540025.221739,1424285000,13.85444894761665,9663000,173905000,,474150000,76802895.71000001
FULT,Fulton Financial Corporation,NASDAQ,common,Finance,4658315499.052328,1894441000,4.052717291304503,391609000,412214000,,1713976000,34627113.6
NVST,Envista Holdings Corporation,NYSE,common,Health Technology,4611334421.685484,2719500000,8.320720146578507,47000000,248100000,,1588000000,72573109.29
CVCO,"Cavco Industries, Inc.",NASDAQ,common,Consumer Durables,4601184088.432395,2244505000,11.364513673815082,190551000,234659000,,41112000,101099292.9
BLLN,"BillionToOne, Inc.",NASDAQ,common,Health Services,4598376801.638759,305112000,99.96591996434704,2919000,33174000,,143921000,50921620.45
MRP,"Millrose Properties, Inc.",NYSE,common,Finance,4589828294.038345,600461000,,404824000,5225752000,,2491732000,25061431.68
GEF,Greif Inc.,NYSE,common,Process Industries,4578593295.064093,4290658121.0000005,-21.244872138910804,16472741,-228100000,,1233600000,18801600.119999997
INSW,"International Seaways, Inc.",NYSE,common,Transportation,4575702388.1338415,843302000,-11.38183274083057,309261000,269317000,,652766000,68095145.6
USAR,"USA Rare Earth, Inc.",NASDAQ,common,Producer Manufacturing,4575684444.7578,1643000,,-297559000,-245855000,,13543000,204925612.92
TNL,Travel Leisure Co.,NYSE,common,Consumer Services,4570731971.666759,4021000000,4.063146997929606,230000000,442000000,,5841000000,30255855.200000003
INDV,"Indivior Pharmaceuticals, Inc.",NASDAQ,common,Health Technology,4570668661.980484,1239000000.00144,4.2929292927388545,210000000.000244,-119528760,,509000000.00156003,99630639.92999999
TDW,Tidewater Inc.,NYSE,common,Transportation,4558168022.369409,1352786000,0.5164823325296192,334661000,253738000,,653203000,71884534.8
MANE,"Veradermics, Incorporated",NYSE,common,Health Technology,4555965637.535108,0,,-69995000,,,428000,148274521.65
AZZ,AZZ Inc.,NYSE,common,Process Industries,4549196552.423039,1650080000,4.584774209250677,317260000,169186000,,542817000,30454931.16
FSLY,"Fastly, Inc.",NASDAQ,common,Technology Services,4544829195.288742,624018000,14.777551335722011,-121677000,18710000,,398292000,190715489.55
NNI,"Nelnet, Inc.",NYSE,common,Finance,4541701294.449135,2263351000,6.637245067908876,420681000,364026000,,7043156000,18546721.38
NSIT,"Insight Enterprises, Inc.",NASDAQ,common,Technology Services,4539386576.730838,8247180000,-5.223325378564046,157347000,396571000,,1741725000,55504566.85999999
CHEF,"The Chefs' Warehouse, Inc.",NASDAQ,common,Distribution Services,4531220675.914187,4149537000.0000005,9.364922149842984,72361000,125773000,,946608000,32236734.659999996
IBOC,International Bancshares Corporation,NASDAQ,common,Finance,4521945249.839395,1053635000,1.1548512585372972,412293000,489288000,,731019000,28878812.38
VNT,Vontier Corporation,NYSE,common,Transportation,4518384141.211267,3075600000,3.24269889224572,406100000,384800000,,1931100000,45372830.1
KTB,"Kontoor Brands, Inc.",NYSE,common,Consumer Non-Durables,4510224353.276414,3154110000,20.865788855520602,227452000,423188000,,1272766000,119790676.8
ITRI,"Itron, Inc.",NASDAQ,common,Electronic Technology,4492958970.122327,2367194000,-3.017120766360064,301055000,361815000,,1601334000,40476669.31
CELC,Celcuity Inc.,NASDAQ,common,Health Technology,4490399899.699921,0,,-177042000,-172930000,,323441000,73224870.48
ICUI,"ICU Medical, Inc.",NASDAQ,common,Health Technology,4484761919.094134,2230025000,-6.2646459848722085,732000,152829000,,1287147000,56322265.02
BOX,"Box, Inc.",NYSE,common,Technology Services,4481531106.791045,1177253000,7.991982607578913,115383000,362584000,,530859000.00000006,58050619.25
BRC,Brady Corporation,NYSE,common,Producer Manufacturing,4481368425.29939,1513605000,12.838295711994919,189256000,181335000,,88509000,17152323.76
FBP,First BanCorp. New,NYSE,common,Finance,4459439975.788912,1256543000,1.9018045693265384,344866000,440170000,,200000000,35402636.84
CBT,Cabot Corporation,NYSE,common,Process Industries,4455756175.104621,3713000000,-7.035553329994992,327000000,308000000,,1273000000,28033087.9
DOCS,"Doximity, Inc.",NYSE,common,Technology Services,4454367049.962467,644863000,13.05472134418188,196051000,297025000,,9673000,123797636.13
LIVN,LivaNova PLC,NASDAQ,common,Health Technology,4450453815.1053705,1388053000,10.739749983445519,-242471000,148305000,,351949000,79093152.04
CECO,CECO Environmental Corp.,NASDAQ,common,Producer Manufacturing,4441350132.936731,774381000,38.794622293357804,50051000,-21599000,,771830000,120461490.59
SKT,Tanger Inc.,NYSE,common,Finance,4420543699.458506,581562000,10.549877105974,113904000,196701000,,1951740000,38740432.63999999
PBLS,"Parabilis Medicines, Inc.",NASDAQ,common,Health Technology,4419833686.6279125,0,,-145889000,,,53147000,8130427.529999999
CON,"Concentra Group Holdings Parent, Inc.",NYSE,common,Health Services,4404462256.270058,2163417000,13.852547532038868,166415000,267418000,,2143819000,46409705.54
RLAY,"Relay Therapeutics, Inc.",NASDAQ,common,Health Technology,4398172505.365183,15355000,53.44259018686919,-276479000,-212205000,,30658000,32322353.67
ACLS,"Axcelis Technologies, Inc.",NASDAQ,common,Producer Manufacturing,4389494838.017286,839048000,-17.56785035343587,120238000,65552000.00000001,,69809000,38905992.239999995
UCB,"United Community Banks, Inc.",NYSE,common,Finance,4388948143.597122,1533799000,3.162680079124173,326177000,454808000,,1180602000,22449372.4
PRIM,Primoris Services Corporation,NYSE,common,Industrial Services,4385181699.163339,7574900000,18.97428519462879,274900000,87978000,,1279100000,65125559.339999996
TCBI,"Texas Capital Bancshares, Inc.",NASDAQ,common,Finance,4384824795.879224,2003446000,3.5592037589360017,330244000,470501000,,850859000,25635888.78
CVSA,Covista Inc.,NYSE,common,Consumer Services,4364457895.157021,1954085000,9.271147297138608,267375000,392726000,,905495000,46925955.6
CNS,Cohen & Steers Inc,NYSE,common,Finance,4361574190.394971,571465000,11.136933366264824,153217000,,,134390000,22459657.439999998
PJT,PJT Partners Inc.,NYSE,common,Finance,4361124377.984419,1713671000,14.766769110426962,180115000,661825000,,419350000,92554116.27
FLY,Firefly Aerospace Inc.,NASDAQ,common,Electronic Technology,4358802686.243551,159855000,162.9540071061982,-298340000,-326493000,,53397000,168285601.66
NWE,"NorthWestern Energy Group, Inc.",NASDAQ,common,Utilities,4340699786.129936,1610559000,6.38490836238637,181092000,-192164000,,3596606000,34878513.6
OPLN,"OPENLANE, Inc.",NYSE,common,Technology Services,4338434078.8583555,1934500000,8.16326530612245,177700000,347400000,,2472500000,155531739.81
BWIN,"The Baldwin Insurance Group, Inc.",NASDAQ,common,Finance,4325843297.910619,1504884000,8.340094612310542,-33813000,43707000,,2565933000,56559945.260000005
CNK,"Cinemark Holdings, Inc.",NYSE,common,Consumer Services,4324671104.163121,3115000000,2.147893097229054,136600000,313000000,,2967600000,98695434.11
MDU,"MDU Resources Group, Inc.",NYSE,common,Utilities,4316370853.13561,1875066000,6.660379140125758,190395000,-386131000,,2577157000,28904000.04
MIAX,"Miami International Holdings, Inc.",NYSE,common,Finance,4314559326.517958,1364073000,19.64796960191988,-70029000,251477000,,22767000,70385902.28
SLG,SL Green Realty Corp,NYSE,common,Finance,4312015820.809327,1031983999.9999999,12.207787689136104,-90179000,82414000,,6329160000,35150549.8
SYNA,Synaptics Incorporated,NASDAQ,common,Electronic Technology,4303332356.461279,1197200000,11.440007446709485,-490800000,101400000,,876800000,31332789.6
CATY,Cathay General Bancorp,NASDAQ,common,Finance,4300372979.882259,1376035000,-1.1335582679269902,315124000,534243000.00000006,,154250000,19133146.119999997
SLGN,Silgan Holdings Inc.,NYSE,common,Process Industries,4298087647.304348,6483166000,10.734497823455847,288403000,342755000,,4833754000,29070143.27
HP,"Helmerich & Payne, Inc.",NYSE,common,Industrial Services,4294376474.5251403,3746013000,35.892167436272196,-165094000,315289000,,1862116000,65816633.36
KRC,Kilroy Realty Corporation,NYSE,common,Finance,4256117664.9154778,1112667000,-2.021963158742864,275196000,514548000,,4664327000,45929597.52
RHI,Robert Half Inc.,NYSE,common,Commercial Services,4253134044.190792,5378506000,-7.2005303116702555,132990000.00000001,215061000,,240809000,39031903.8
ITGR,Integer Holdings Corporation,NYSE,common,Health Technology,4251725189.8643622,1846466000,7.3620998122509596,102762000,111976000,,1364531000,118694791.08
VVV,Valvoline Inc.,NYSE,common,Consumer Services,4248627783.5796485,1710300000,5.6392835083384805,210700000,135300000,,1979300000,84108807
ELVN,"Enliven Therapeutics, Inc.",NASDAQ,common,Health Technology,4243842307.064988,0,,-103694000,-67037000.00000001,,1510000,58554224
BFH,"Bread Financial Holdings, Inc.",NYSE,common,Finance,4243408406.5748544,4696000000,-1.9009818257781492,518000000,2170000000,,3285000000,37080715.800000004
LAZ,"Lazard, Inc.",NYSE,common,Finance,4242997616.961618,3204797000,1.8215293895245857,230910000,616944000,,2153003000,61659780.56
KFY,Korn Ferry,NYSE,common,Commercial Services,4236387970.1425986,2938641000,6.430621864005685,274041000,324293000,,596172000,26207596.099999998
OLED,Universal Display Corporation,NASDAQ,common,Electronic Technology,4229408531.9872394,650611000,0.4519179105860265,241922000,220016000,,21690000,76112052.15
SEZL,Sezzle Inc.,NASDAQ,common,Technology Services,4224193958.808138,450279000,66.07617066477826,133130000,327622000,,122115000,72215180.8
NP,Neptune Insurance Holdings Inc.,NYSE,common,Finance,4222662416.151263,159551000,33.740433700198665,37413000,,,240000000,13060264.959999999
SITE,"SiteOne Landscape Supply, Inc.",NYSE,common,Distribution Services,4217110889.414974,4704800000,3.6162621679954188,151800000,259300000,,1128100000,63496532.4
FCN,"FTI Consulting, Inc.",NYSE,common,Commercial Services,4215735194.8248377,3788857000,2.4388615095445583,270871000,358732000,,1267516000,75844858.76
AEHR,Aehr Test Systems,NASDAQ,common,Electronic Technology,4215540644.319508,50001000,-15.206552706552706,-7126000,-5376000,,9882000,406354430.44
DLO,DLocal Limited,NASDAQ,common,Technology Services,4211628197.9277105,1093587000.00001,46.59854096788136,196801000.000002,437590650,,90283000,28218979.32
LFTO,"Liftoff Mobile, Inc.",NASDAQ,common,Technology Services,4205298155.597682,685744000,32.064323543572456,-23145000,,,1816083000,33927716.4
PTEN,"Patterson-UTI Energy, Inc.",NASDAQ,common,Energy Minerals,4202861621.9132004,4826624000,-10.25095060145101,-93635000,177725000,,1285581000,59830202.76
MAT,"Mattel, Inc.",NASDAQ,common,Consumer Durables,4185505104.294744,5347623000,-0.5934143885004423,397584000,434607000,,2746311000,46217248.65
MSGE,Madison Square Garden Entertainment Corp.,NYSE,common,Consumer Services,4182750719.175255,1060784000.0000001,12.522090006300834,66186000.00000001,,,1175365000,67345800.36
COLD,"Americold Realty Trust, Inc.",NYSE,common,Finance,4168016049.157459,2601846000,-2.4261768335832827,-114548000,349122000,,4619910000,42445820.8
TNGX,"Tango Therapeutics, Inc.",NASDAQ,common,Health Technology,4164798809.153378,62384000,48.28971451662745,-101594000,-144269000,,31992000,62254736.66
SKYW,"SkyWest, Inc.",NASDAQ,common,Transportation,4163561043.335619,4058202000,15.031009773464252,428334000,284089000,,2384091000,23292286.14
AVNT,Avient Corporation,NYSE,common,Process Industries,4157647016.571146,3260200000,0.6110356746080731,81900000,186900000,,1875800000,52277185.14
HAE,Haemonetics Corporation,NYSE,common,Health Technology,4155700718.746847,1334027000,-1.9691745589436989,97308000,291217000,,1174158000,75171997.94
CLMT,"Calumet, Inc",NASDAQ,common,Energy Minerals,4147917627.241746,4137100000.0000005,-1.2483887907576037,-33800000,73500000,,2258700000,68868047.82
WSFS,WSFS Financial Corporation,NASDAQ,common,Finance,4145491858.2123046,1357491000,-2.4782541228803696,287349000,294748000,,424764000,25544332.52
GEO,Geo Group Inc (The) REIT,NYSE,common,Commercial Services,4139435889.0645666,2631549000,8.575600465733825,254372000,26437000,,1637944000,57875862.5
IRTC,"iRhythm Holdings, Inc.",NASDAQ,common,Health Technology,4131912778.216952,747138000,26.240075425918196,-44551000,38978000,,727349000,123098087.25
BELFA,Bel Fuse Inc.,NASDAQ,common,Electronic Technology,4125233274.4792013,675455000,26.302375502999283,61536000,73336000,,34262000,66209000.129999995
SMR,NuScale Power Corporation,NYSE,common,Producer Manufacturing,4121046363.6086955,31479000,-15.024969631529222,-355794000,-778824000,,6692000,277642449.14
DK,"Delek US Holdings, Inc.",NYSE,common,Energy Minerals,4116026642.125743,10722900000,-9.528188859452253,-22800000,699500000,,3255200000,74723432.5
THO,"Thor Industries, Inc.",NYSE,common,Consumer Durables,4110970324.659328,9580049000,-4.622699084163566,258559000.00000003,199647000,,986634000,50075113.91
CCC,CCC Intelligent Solutions Holdings Inc.,NASDAQ,common,Technology Services,4105292920.0058227,1057001000,11.875635055038103,412000,307542000,,1379207000,49409646.94
VAC,Marriott Vacations Worldwide Corporation,NYSE,common,Consumer Services,4104393664.2179174,5032000000,1.308637004227904,-308000000,99000000,,5524000000,61617477.46
UCTT,"Ultra Clean Holdings, Inc.",NASDAQ,common,Producer Manufacturing,4104362625.254169,2054000000,-2.0785659801678107,-181200000,-113700000,,775900000,79954841.05000001
CRK,"Comstock Resources, Inc.",NYSE,common,Energy Minerals,4087198500.4920077,1928351000,53.72022113188596,392534000,-735224000,,3169938000,19122572.16
MWA,MUELLER WATER PRODUCTS,NYSE,common,Producer Manufacturing,4085808713.634249,1429700000,8.747242716969652,191700000,179600000,,452900000,22536661.880000003
BULL,Webull Corporation,NASDAQ,common,Technology Services,4079049220.2787323,570996806,46.32326728860331,24770704,,,76508677,79885074.88
ALM,Almonty Industries Inc.,NASDAQ,common,Non-Energy Minerals,4077370399.0970654,23269352.3685661,10.549725365808529,-115876565.48107399,-15777160,,118834867.974639,117536785.28999999
TENB,"Tenable Holdings, Inc.",NASDAQ,common,Technology Services,4075179428.964059,999405000,11.042409010456423,-36118000,255661000,,421562000,60849127
WSBC,"WesBanco, Inc.",NASDAQ,common,Finance,4065450604.6582136,1437823000,51.23055611943846,223105000,395754000,,1747256000,43915022.64
ATMU,Atmus Filtration Technologies Inc.,NYSE,common,Producer Manufacturing,4063456821.2899313,1764300000,5.672017249640633,207400000,190400000,,1056400000.0000001,44001288
IRT,"Independence Realty Trust, Inc.",NYSE,common,Finance,4057911387.7483487,657696000,2.759380346387307,56558000,170449000,,2446127000,54949002.379999995
EE,"Excelerate Energy, Inc.",NYSE,common,Utilities,4054125334.8345594,1228263000,44.25764912729891,39199000,24095000,,1392424000,8875724
CVBF,CVB Financial Corporation,NASDAQ,common,Finance,4047940986.1524982,648472000,-5.246100456621004,207919000,572497000,,1178374000,21123476
BNL,"Broadstone Net Lease, Inc.",NYSE,common,Finance,4043184905.959322,459141000,4.641797371767698,96495000,257107000.00000003,,2725241000,72560760.65
DNLI,Denali Therapeutics Inc.,NASDAQ,common,Health Technology,4039344191.020656,0,,-512539999.99999994,-437457000,,37686000,36448866.79
INDB,Independent Bank Corp.,NASDAQ,common,Finance,4035165757.35,1167172000,19.282367308979605,205122000,303831000,,701465000,19713875.23
DAVE,Dave Inc.,NASDAQ,common,Finance,4033163559.4362903,554182000,59.67165692816558,195865000,326542000,,268467000,135331217.14
ADPT,Adaptive Biotechnologies Corporation,NASDAQ,common,Health Technology,4029794874.8719964,276976000,54.7723754868488,-59499000,-24034000,,410499000,43097684.75
SEB,Seaboard Corporation,AMEX,common,Process Industries,4024027998.0696535,9746000000,7.0989010989010985,496000000,-23000000,,1972000000,66213276.00000001
LIF,"Life360, Inc.",NASDAQ,common,Technology Services,4004760214.1143804,489481000,31.76368295808164,150832000,103240000,,311640000,109329505.75
SXI,Standex International Corporation,NYSE,common,Electronic Technology,4004345011.5742373,891597000,12.845095664258132,104632000,64364000.00000001,,553764000,29943373.759999998
PFSI,"PennyMac Financial Services, Inc.",NYSE,common,Finance,3999231559.786134,4235640999.9999995,8.303097434512738,501077000,-1371201000,,15496498000,42845451.42
SRAD,Sportradar Group AG,NASDAQ,common,Technology Services,3998549785.082894,1455826056.0383701,21.6278338643142,113221197.159521,498189400,,69774455.7,23122849.5
CSTM,Constellium SE,NYSE,common,Non-Energy Minerals,3998068323.6877303,8449000000.09239,15.187457397099259,273000000.002985,221702000,,1923000000.01281,27439779
LMND,"Lemonade, Inc.",NYSE,common,Finance,3996761069.6220922,615200000,41.29536058796509,-165500000,8100000,,206400000,74122919.92
WSC,WillScot Holdings Corporation,NASDAQ,common,Finance,3995260307.339449,2281446000,-4.769843529163282,-52990000,297751000,,3794303000,133393371.3
CRGY,Crescent Energy Company,NYSE,common,Energy Minerals,3984668484.1159415,3579782000,22.13855108244206,132906000,833738000,,5171682000,68273143.38000001
HHH,Howard Hughes Holdings Inc.,NYSE,common,Finance,3984587382.4878416,1474892000,-15.753626143763968,123897000,743815000,,5463942000,23964422.88
MCHB,Mechanics Bancorp,NASDAQ,common,Finance,3972514867.489516,886164000,49.180082252707386,265738999.99999997,268623000,,288594000,10116965.174999999
PTRN,Pattern Group Inc. - Series A,NASDAQ,common,Commercial Services,3972412405.105546,2501315000,39.25895284442764,-156607000,106131000,,51310000,28379175.78
VKTX,"Viking Therapeutics, Inc.",NASDAQ,common,Health Technology,3968532889.9668646,0,,-359639000,-418441000,,4086000.0000000005,50089619.160000004
DORM,"Dorman Products, Inc.",NASDAQ,common,Consumer Durables,3965552819.3794055,2130319000,6.028378501461031,204194000,,,528253000.00000006,26587692.95
RNST,Renasant Corporation,NYSE,common,Finance,3962383904.6610765,1443503000,39.348658596978645,181272000,394022000,,1111694000,18562253.25
QS,QuantumScape Corporation,NASDAQ,common,Producer Manufacturing,3949944354.40694,0,,-435050000,-272875000,,67118000,128306355.32
KAI,Kadant Inc,NYSE,common,Producer Manufacturing,3944970875.8875656,1052248000,-0.10784291388515488,101969000,,,510632000,27480084.48
MANU,Manchester,NYSE,common,Consumer Services,3943447966.4116054,862267151.530404,3.501981878097834,-42721755.4994922,108435970,,996860715.4,12025640.620000001
WBI,WaterBridge Infrastructure LLC,NYSE,common,Industrial Services,3925907333.2755423,525553000,66.15859827503351,-4537000,-122073000,,1623198000,15329476.200000001
PSUS,"Pershing Square USA, Ltd.",NYSE,common,Miscellaneous,3910000106.917966,98800,441.874622936434,-1645258,,,0,10011906.9
BMI,"Badger Meter, Inc.",NYSE,common,Producer Manufacturing,3906557148.7253838,916663000,10.901231371543195,141634000,150301000,,0,51940492.77
QTWO,"Q2 Holdings, Inc.",NYSE,common,Technology Services,3900286170.0781245,794809000,14.120614992303981,52008000,213248000,,40933000,55373388.3
PII,Polaris Inc.,NYSE,common,Consumer Durables,3899029157.357112,7152000000,-0.32611422359729075,-465500000,128400000,,2059600000,32888640.72
PARR,"Par Pacific Holdings, Inc. Common Stock",NYSE,common,Energy Minerals,3896749163.582881,7464650000,-6.392999548433203,369391000,438306000,,1304278000,104820605.9
SUNC,SunocoCorp LLC,NYSE,common,Distribution Services,3894185247.473882,25201000000,11.05186621425109,-5000000,,,14841000000,26378188.76
REZI,"Resideo Technologies, Inc.",NYSE,common,Distribution Services,3893169353.122525,7472000000,10.516195829019376,-527000000,-1338000000,,3516000000,91804111.05
OTTR,Otter Tail Corporation,NASDAQ,common,Utilities,3868550980.1847687,1304058000,-1.990909008919633,275893000,-79267000,,1266713000,16417781.62
JOE,St. Joe Company (The),NYSE,common,Finance,3865577671.1447363,513246000,27.439495253726378,115627000,212286000,,372485000,15223926.9
CALM,"Cal-Maine Foods, Inc.",NASDAQ,common,Process Industries,3857053026.512112,2911632000,-31.682060872125835,316682000,331786000,,0,54242075.79
YETI,"YETI Holdings, Inc.",NYSE,common,Producer Manufacturing,3851553245.252215,1868494000,2.1105836306672647,165387000,257499000.00000003,,224631000,129609309.88000001
GPGI,"GPGI, Inc.",NYSE,common,Producer Manufacturing,3849740631.0910373,59824000,-85.77552898321568,-136005000,42057000,,0,22059421.279999997
BANF,BancFirst Corporation,NASDAQ,common,Finance,3840672767.5622663,939513000,4.9490119067167555,240610000,241820000,,92242000,10044991.25
CSQR,"Csquare, Inc.",NYSE,common,Technology Services,3829249136.036673,986980000,8.752015038273331,-119904000,,,5760858000,14100298.200000001
KNF,Knife Riv Holding Co.,NYSE,common,Non-Energy Minerals,3826989869.393103,3146012000,8.520406139347811,157074000,43061000,,1668645000,36902404.42
MHO,"M/I Homes, Inc.",NYSE,common,Consumer Durables,3819507532.177567,4413280000,-2.033002550132479,402941000,189050000,,1020483000,30348150.16
OSIS,"OSI Systems, Inc.",NASDAQ,common,Electronic Technology,3816943037.8880787,1713166000,11.33433587347718,149637000,62817000,,1045211000,45506515.41
COCO,"The Vita Coco Company, Inc.",NASDAQ,common,Consumer Non-Durables,3814036130.1148005,609780000,18.171441417173583,71320000,124440000,,14062000,62968817.400000006
STNG,Scorpio Tankers Inc.,NYSE,common,Transportation,3813695098.621782,938222000,-24.577254248760603,344292000,657566000,,728875000,58101916.95
CLBT,Cellebrite DI Ltd.,NASDAQ,common,Technology Services,3803957407.595134,475675000,18.562174260910314,77813000,158624000,,22805000,43958689.25
MIR,"Mirion Technologies, Inc.",NYSE,common,Electronic Technology,3787862715.766208,925400000,7.504646840148698,28800000,136800000,,1233200000,42579330.300000004
GNW,Genworth Financial Inc,NYSE,common,Finance,3786067442.7027583,6985000000,-2.375960866526904,223000000,430000000,,1500000000,32836762.439999998
IPAR,"Interparfums, Inc.",NASDAQ,common,Consumer Non-Durables,3781604098.268577,1488509000,2.4914533592687587,168387000,245885000,,164914000,44263586.88
ATRO,Astronics Corporation,NASDAQ,common,Electronic Technology,3762516828.4669604,862128000,8.385695212376765,29359000,61420000,,352966000,189464297.22
PVH,PVH Corp.,NYSE,common,Consumer Non-Durables,3761959355.962527,8950200000,3.435842318760184,25300000,550500000,,4224000000,79243471.60000001
ABG,Asbury Automotive Group Inc,NYSE,common,Retail Trade,3759311074.2927074,17998300000,4.714335582964859,492000000,488600000,,5530500000,29991490.79
RXO,"RXO, Inc.",NYSE,common,Technology Services,3745472382.273743,5742000000,26.1978021978022,-100000000,-76000000,,728000000,38491224.42
MARA,"MARA Holdings, Inc.",NASDAQ,common,Technology Services,3723925527.8553724,907093000,38.19674029294096,-1311480000,-341206000,,2465959000,391823371.92
NIC,Nicolet Bankshares Inc.,NYSE,common,Finance,3718072614.0036097,556517000,6.892584397424681,150686000,173284000,,92750000,29873537.669999998
PRK,Park National Corporation,AMEX,common,Finance,3715255651.2933764,664398000,2.9431223592081226,180073000,179382000,,155937000,10496574.12
IPGP,IPG Photonics Corporation,NASDAQ,common,Electronic Technology,3713690668.065618,1003777000,2.726647522243623,31096000,20798000,,16254000.000000002,36081817.910000004
APLE,"Apple Hospitality REIT, Inc.",NYSE,common,Finance,3713580839.681439,1412386000,-1.3330371339072895,175364000,290269000,,1613049000,36917712.26
WK,Workiva Inc.,NYSE,common,Technology Services,3704130485.636785,884568000,19.749824010396924,-26169000,200524000,,792678000,45488934.69
LOPE,"Grand Canyon Education, Inc.",NASDAQ,common,Commercial Services,3702799249.634437,1106070000,7.073364814395325,216170000,242562000,,104212000,38862643.9
BLSH,Bullish,NYSE,common,Technology Services,3701943263.345432,286093000.003387,34.300199507100075,-764681000.009054,68717000,,507099000,32668419.209999997
LEU,Centrus Energy Corp.,NYSE,common,Non-Energy Minerals,3692475919.067498,448700000,1.5158371040723981,77800000,-163800000,,1177500000,64021321.94
RCUS,"Arcus Biosciences, Inc.",NYSE,common,Health Technology,3687574482.059847,247000000,-4.263565891472868,-353000000,-475000000,,114000000,27333896
LUNR,"Intuitive Machines, Inc.",NASDAQ,common,Electronic Technology,3678505106.614077,210059000,-7.8688596491228076,-83294000,-133893000,,426392000,227275583.54999998
FIBK,"First Interstate BancSystem, Inc.",NASDAQ,common,Finance,3672086714.304577,1410900000,-4.70755099284074,302100000,243300000,,751900000,37570525.94
AMBA,"Ambarella, Inc.",NASDAQ,common,Electronic Technology,3664309309.9974666,390702000,37.15338844715918,-75865000,18186000,,13271000,64383253.4
BBWI,"Bath & Body Works, Inc.",NYSE,common,Retail Trade,3654315513.7028604,7291000000,-0.21896811276857808,649000000,909000000,,4713000000,107470977.74
PLNT,"Planet Fitness, Inc.",NYSE,common,Consumer Services,3645221106.619783,1324144000,12.05852136073673,219104000,261682000.00000003,,3014160000,79164449.24
SIG,Signet Jewelers Limited,NYSE,common,Retail Trade,3639184643.432432,6813600000,1.6378770249709118,294400000,568000000,,1223600000,51262915.42
NVTS,Navitas Semiconductor Corporation,NASDAQ,common,Electronic Technology,3637032213.27353,45916000,-44.88007490816547,-116953000,-67847000,,5136000,185837135.04999998
MNDY,monday.com Ltd.,NASDAQ,common,Technology Services,3633460365.00343,1231997000.00273,26.749314554128784,118742000.000263,316568840,,237488000,128348275.5
SMG,Scotts Miracle-Gro Company (The),NYSE,common,Process Industries,3619554242.9284215,3413100000,-3.929405804036367,145200000,263300000,,2490100000,48747932.19
FA,First Advantage Corporation,NASDAQ,common,Technology Services,3605110021.215871,1574389000,83.02486035305537,-34824000,195444000,,2041061000,41720878.449999996
VCYT,"Veracyte, Inc.",NASDAQ,common,Health Technology,3591857885.4272785,517145000,16.013181863048608,66352999.99999999,165988000,,40107000,39050051.92
OGN,Organon & Co.,NYSE,common,Health Technology,3587244796.28718,6216000000,-2.920506012806497,187000000,567000000,,8553000000,76586333.58
LXP,LXP Industrial Trust,NYSE,common,Finance,3578705912.551929,350228000,-2.2959454106199333,112759000,177617000,,1377204000,22029001.2
FFBC,First Financial Bancorp.,NASDAQ,common,Finance,3577341500.2588234,1259342000,2.7478189355475364,255605000,756428000,,1054050000,24789042.24
OPCH,"Option Care Health, Inc.",NASDAQ,common,Health Services,3570880296.6378736,5649519000,13.031025956934114,207585000,303849000,,1268079000,41595602.88
POWI,"Power Integrations, Inc.",NASDAQ,common,Electronic Technology,3566951411.45946,443504000,5.855031231129453,22093000,79041000,,0,30138417.12
IDYA,"IDEAYA Biosciences, Inc.",NASDAQ,common,Health Technology,3566251443.452769,218710000,3024.428571428571,-113698000,-113871000,,29307000,18806393.76
LBTYA,Liberty Global Ltd.,NASDAQ,common,Communications,3554907314.997056,4878500000,12.358644832907252,-7138100000,-245800000,,9163100000,21910509.12
HNI,HNI Corporation,NYSE,common,Producer Manufacturing,3554231530.7132473,2839000000,12.37333755541482,54200000,102700000,,1644100000,19266085.560000002
POST,"Post Holdings, Inc.",NYSE,common,Consumer Non-Durables,3542039345.41139,8158100000,2.9712093099574637,335700000,553100000,,7632600000,66827733.72
FMCC,Freddie Mac,OTC,common,Finance,3536324011.7073174,132564000000,10.224749931402629,10731000000,14284000000,,3418392000000,7519505.28
TDS,"Telephone and Data Systems, Inc.",NYSE,common,Communications,3525971294.5790586,1228207000,-5.302402970597805,-6236000,-314531000,,1248992000,27200295.59
CLDX,"Celldex Therapeutics, Inc.",NASDAQ,common,Health Technology,3523620308.7825403,1545000,-77.99145299145299,-258757000,-242105000,,4904000,71549477.64999999
LBRT,Liberty Energy Inc.,NYSE,common,Industrial Services,3523302714.9818435,4006116000,-7.161841701850753,147872000,-316580000,,1613101000,79538099.75
CVI,CVR Energy Inc.,NYSE,common,Energy Minerals,3522592197.2440524,7162000000,-5.886990801576872,27000000,351000000,,1799000000,33873798.72
NESR,National Energy Services Reunited Corp,NASDAQ,common,Industrial Services,3511658149.1802278,1324047000,1.7164424477454168,51132000,156334000,,299062000,62549812.32
MGNI,"Magnite, Inc.",NASDAQ,common,Technology Services,3490944037.3720155,713953000,6.8519987428349065,144613000,215764000,,416978000,83592079
HGV,Hilton Grand Vacations Inc.,NYSE,common,Finance,3490591686.1129704,5047000000,1.3250351335073278,81000000,413000000,,7851000000,36995555.61
SHOO,"Steven Madden, Ltd.",NASDAQ,common,Consumer Non-Durables,3490547426.01781,2534109000,11.002629519034118,44661000,224274000,,377142000,39454291.800000004
LION,Lionsgate Studios Corp,NYSE,common,Consumer Services,3490375158.462511,2631800000,1.8222617711920144,-198900000,175200000,,3938700000,51676268.67
AWR,American States Water Company,NYSE,common,Utilities,3485953160.9806943,658073000,10.515249580575658,129987000,20745000,,917494000,16531169.950000001
FG,"F&G Annuities & Life, Inc.",NYSE,common,Finance,3482876548.198434,5787000000,0.1557632398753894,265000000,5182000000,,2250000000,12689157.600000001
TOWN,Towne Bank,NASDAQ,common,Finance,3481833281.954327,1115209000,9.3976019438714,169526000,131770000.00000001,,505286000,17367325.860000003
HG,"Hamilton Insurance Group, Ltd.",NYSE,common,Finance,3478129180.7969327,2742746000,19.715258190757286,576670000,815182000,,149795000,20527034.19
BFAM,Bright Horizons Family Solutions Inc.,NYSE,common,Commercial Services,3475478624.9270134,2933607000,9.217900285665035,193116000,235929000,,2054786999.9999998,44920970.81999999
FRPT,"Freshpet, Inc.",NASDAQ,common,Consumer Non-Durables,3475079399.974634,1102015000,13.006664431175057,139137000,61046000,,493657000,81758675.39
NHI,"National Health Investors, Inc.",NYSE,common,Finance,3473580950.0037174,378529000,11.966315067115483,142177000,224114000,,1278266000,34385530.96
NHC,National HealthCare Corporation,AMEX,common,Health Services,3471191431.765194,1510535000,20.702688319398842,120015000,146534000,,31409000,31932339.72
FOUR,"Shift4 Payments, Inc.",NYSE,common,Commercial Services,3467928263,4180000000,25.487841489042328,118000000,433400000,,4567000000,84341859.84
NATL,NCR Atleos Corporation,NYSE,common,Electronic Technology,3467244212.128041,4354000000,1.1382113821138211,162000000,157000000,,2936000000,32665610.16
CURB,Curbline Properties Corp.,NYSE,common,Finance,3461494186.7407913,184037000,51.6455174686882,39279000,108453000,,674769000,29746161.57
GPK,Graphic Packaging Holding Company,NYSE,common,Process Industries,3461076590.5493307,8617000000,-2.1573748154876804,444000000,189000000,,5667000000,32159131.549999997
HIW,"Highwoods Properties, Inc.",NYSE,common,Finance,3455893708.079416,811433000,-2.4151097695170862,159612000,216072000,,3534516000,27105964.08
NG,Novagold Resources Inc.,AMEX,common,Non-Energy Minerals,3453203556.6653643,0,,-94659000.0002158,-18586290,,174329000,45905001.7
SFNC,Simmons First National Corporation,NASDAQ,common,Finance,3445208594.666667,626798000,-57.04615291837647,-397553000,496510000,,1338309000,24861615.52
SBCF,Seacoast Banking Corporation of Florida,NASDAQ,common,Finance,3443986880.3497314,935650000,15.719927227483375,142444000,208994000,,1321005000,31837213.06
WT,"WisdomTree, Inc.",NYSE,common,Miscellaneous,3443870385.315,493753000,15.433782908656488,108389000,195918000,,1078399000,38627521.11
BHF,"Brighthouse Financial, Inc.",NASDAQ,common,Finance,3440341614.830612,6766000000,43.226079593564776,433000000,-538000000,,3154000000,51700332.3
CBU,"Community Financial System, Inc.",NYSE,common,Finance,3426347637.8471026,1010357000,7.0402286673221,209582000,246667000,,764097000,11380306.08
USLM,"United States Lime & Minerals, Inc.",NASDAQ,common,Non-Energy Minerals,3422521924.4978414,372727000,17.312673697992892,134275000,91813000,,3246000,13490682.6
ASH,Ashland Inc.,NYSE,common,Consumer Non-Durables,3421680637.8589435,1824000000,-13.677236157122575,-845000000,248000000,,1476000000,41807932.16
KBH,KB Home,NYSE,common,Consumer Durables,3421082723.384722,6236214000,-10.012458719848498,426119000,360186000,,1998673000,55168511.4
RH,RH,NYSE,common,Retail Trade,3406899695.1257863,3439536000,8.135903668093688,124787000,223687000,,4019092000,120375636.5
GBDC,"Golub Capital BDC, Inc.",NASDAQ,common,Finance,3398839271.188164,802731000,24.118432893284226,376646000,254092000,,4537552000,11385996.16
AB,AllianceBernstein Holding L.P.,NYSE,common,Finance,3396236744.9756885,0,,299836000,313888000,,0,11770798.5
OPEN,Opendoor Technologies Inc,NASDAQ,common,Finance,3389107743.053073,4371000000,-15.175625849019989,-1300000000,-474000000,,1964000000,67509963.21000001
APAM,Artisan Partners Asset Management Inc.,NYSE,common,Finance,3386972110.527701,1285377000,8.49599442232488,265873000,464878000,,314898000,45949476.88
BKU,"BankUnited, Inc.",NYSE,common,Finance,3379970091.881915,1899020000,-6.1386365680811465,262656000,410877000,,2213936000,20194482.75
NMIH,NMI Holdings Inc,NASDAQ,common,Finance,3375777212.113514,706440000,8.520963299440375,388926000,,,418021000,14944007.760000002
RDW,Redwire Corporation,NYSE,common,Electronic Technology,3372400429.6210213,335381000,10.286056277355222,-226552000,-99203000,,90275000,222936927.12
FSK,FS KKR Capital Corp.,NYSE,common,Miscellaneous,3363061098.318367,1171000000,-6.618819776714513,11000000,395000000,,6471000000,21461174.33
FHB,"First Hawaiian, Inc.",NASDAQ,common,Finance,3362035820.8809614,1173543000,0.1216602096889645,276266000,312655000,,0,40795473.96
PLMR,"Palomar Holdings, Inc.",NASDAQ,common,Finance,3356557501.657074,875723000,58.3001930571724,197070000,424702000,,295773000,36192408.42
KN,Knowles Corporation,NYSE,common,Electronic Technology,3332711117.977185,593200000,7.172538392050587,47000000,63500000,,150200000,26845994.12
NAMS,NewAmsterdam Pharma Company N.V.,NASDAQ,common,Health Technology,3326719553.5485153,22503000,-50.611241577595855,-203819000,-143722000,,82000,45293603.3
OUST,"Ouster, Inc.",NASDAQ,common,Electronic Technology,3325820978.546421,169384000,52.45947381211691,-60377000,-82468000,,16396999.999999998,127199651.8
CXW,"CoreCivic, Inc.",NYSE,common,Commercial Services,3322821207.7358494,2211182000,12.720745741076628,116503000,57315000,,1347020000,98189011.2
ARQT,"Arcutis Biotherapeutics, Inc.",NASDAQ,common,Health Technology,3303184735.049943,376072000,91.34434370261827,-16140999.999999998,39151000,,114137000,31117412.16
RUM,RUM Group Inc.,NASDAQ,common,Technology Services,3290883352.536127,100622320,5.3767172673395525,-81830362,-153097040,,501775359,50639216.55
AGO,Assured Guaranty Ltd.,NYSE,common,Finance,3287885340.4365954,925000000,13.916256157635468,503000000,324000000,,1878000000,26420333.520000003
CARG,"CarGurus, Inc.",NASDAQ,common,Technology Services,3285030002.133776,906980000,13.65037516728401,155903000,291280000,,185142000,27697027.520000003
AAMI,Acadian Asset Management Inc.,NYSE,common,Finance,3271834969.399563,600500000,16.53405783039008,80000000,242400000,,257500000,38308448.22
LRN,"Stride, Inc.",NYSE,common,Consumer Services,3266188065.4738903,2518081000,4.688113874387451,338192000,433227000,,545980000,64341868.77
AADX,"Applied Aerospace & Defense, Inc.",NYSE,common,Electronic Technology,3262908595.92035,498763000,24.756247029690588,-17024000,,,431540000,42752299.589999996
ALMS,Alumis Inc.,NASDAQ,common,Health Technology,3257420091.417028,24050000,,-243325000,-377030000,,35664000,25341001
VECO,Veeco Instruments Inc.,NASDAQ,common,Electronic Technology,3255764679.2830224,664294000,-7.3897847626031465,35768000,85165000,,261187000,41625566.04
CPK,Chesapeake Utilities Corporation,NYSE,common,Utilities,3247862602.659703,930000000,18.095238095238095,140300000,-193500000,,1694700000,19389667.95
HAYW,"Hayward Holdings, Inc.",NYSE,common,Consumer Durables,3245429709.890745,1122155000,6.708691277912069,151570000,199450000,,1013374000,23605574.400000002
PFS,"Provident Financial Services, Inc",NYSE,common,Finance,3244914822.0048504,1382788000,21.31996708153987,291160000,350358000,,2879418000,21141357.04
CWK,Cushman & Wakefield Ltd.,NYSE,common,Finance,3241396187.960727,10288200000,8.91017837294236,88200000,42100000,,3029800000,16751571.43
FUL,H. B. Fuller Company,NYSE,common,Process Industries,3236388440.0087056,3473589000,-2.6661260457484106,151967000,140772000,,2072150999.9999998,37195288.9
DGII,Digi International Inc.,NASDAQ,common,Electronic Technology,3234697829.77698,430221000,1.456209939487697,40804000,135982000,,118388000,32458198.639999997
ARLP,"Alliance Resource Partners, L.P.",NASDAQ,common,Energy Minerals,3229335775.458957,2194811000,-10.368610712261322,308188000,357086000,,590868000,7560772.600000001
AAP,Advance Auto Parts Inc.,NYSE,common,Retail Trade,3227256006.0645895,8601000000,-5.424557529105782,44000000,-175000000,,5227000000,90041352.24000001
AVA,Avista Corporation,NYSE,common,Utilities,3226996585.117357,1964000000,1.3415892672858616,193000000,-104000000,,3351000000,18463961.3
MBX,"MBX Biosciences, Inc.",NASDAQ,common,Health Technology,3225281936.5671864,0,,-86971000,-85197000,,3341000,22199215.599999998
SOUN,"SoundHound AI, Inc.",NASDAQ,common,Technology Services,3223989028.0701756,168920000,99.44977743142881,-14006000,-142380000,,5438000,134299647.4
DX,"Dynex Capital, Inc.",NYSE,common,Finance,3218724974.8692966,533520999.99999994,67.75912812708313,319066000,236576000,,22644742000,67000659.46
VGNT,Versigent PLC,NYSE,common,Producer Manufacturing,3218046235.024316,8818000000,6.125887591767962,528000000,,,2423000000,34907094.53
EXPO,"Exponent, Inc.",NASDAQ,common,Industrial Services,3216017142.1460137,582014000,4.207593721912073,106009000,108558000,,80721000,27080553.32
STUB,"StubHub Holdings, Inc.",NYSE,common,Technology Services,3206234522.188034,1745188000,-1.43772467095324,-1905934000,331609000,,1496227000,103690391.27999999
PLUG,"Plug Power, Inc.",NASDAQ,common,Electronic Technology,3199577027.599098,709919000,12.898090691365013,-1631594000,-560499000,,1036951000,209355381.56
DAN,Dana Incorporated,NYSE,common,Producer Manufacturing,3195027446.8026314,7500000000,-3.0256012412723043,85000000,117000000,,1503000000,51180584.4
EXTR,"Extreme Networks, Inc.",NASDAQ,common,Electronic Technology,3193600941.4518833,1283593000,12.589260104888572,42119000,107170000,,194566000,34437474.72
MZTI,The Marzetti Company,NASDAQ,common,Consumer Non-Durables,3178209810.0765085,1909122000,1.9961437343162234,166892000,247977000,,37206000,30733087.1
SBLK,Star Bulk Carriers Corp.,NASDAQ,common,Transportation,3175205183.4456086,1042499000.0114001,-17.618838396096113,84174000.0009204,289832300,,1179002000.00785,29337518.89
ABCL,AbCellera Biologics Inc.,NASDAQ,common,Health Technology,3174961957.306353,75128000.00008011,160.56254985603738,-146412000.00015602,-118775770,,135617000,153728538.585
GPI,"Group 1 Automotive, Inc.",NYSE,common,Retail Trade,3172623411.184369,22571400000,13.228957124152844,320000000,138100000,,5776500000,39376828.92
EROK,"EagleRock Land, LLC",NYSE,common,Finance,3171801387.6940036,,,,,,1486000,19881581.36
CRVL,CorVel Corp.,NASDAQ,common,Finance,3169914872.083333,958527000,7.027553933779893,110344000,113820000,,28394000,7276427.25
IMNM,"Immunome, Inc.",NASDAQ,common,Health Technology,3169878391.042286,6941000,-23.227519079747815,-212394000,-219086000,,4740000,43709687.82
ATKR,Atkore Inc.,NYSE,common,Producer Manufacturing,3168203241.791307,2850378000,-10.982797598915447,-15175000,52329000,,913523000,98855383.23
ARCB,ArcBest Corporation,NASDAQ,common,Transportation,3143270602.216927,4010158000,-4.0406851464422635,60098000,171567000,,459759000,56804535.269999996
CLBK,"Columbia Financial, Inc.",NASDAQ,common,Finance,3140200871.9657354,507147000,12.517804608564848,51766000,68750000,,1237168000,144634924.75
WRBY,Warby Parker Inc.,NYSE,common,Retail Trade,3138144827.367412,871905000,13.041364423095622,1641000,21746000,,250979000,62085298.32
BOH,Bank of Hawaii Corporation,NYSE,common,Finance,3133544782,1068525000.0000001,2.981328866576545,205902000,203260000,,651692000,19182901.01
QURE,uniQure N.V.,NASDAQ,common,Health Technology,3130506396.201333,16098000.000176001,-40.639404107278686,-198971000.002176,-163633660,,552167000.003677,33272453.540000003
CLSK,"CleanSpark, Inc.",NASDAQ,common,Technology Services,3128032129.979167,766314000,102.21074074855925,364464000,-620001000,,1782364000,216944788.62
SHAK,"Shake Shack, Inc.",NYSE,common,Consumer Services,3120880629.01881,1445306000,15.383743357858165,45725000,-11715000,,952086000,78276703.84
WDFC,WD-40 Company,NASDAQ,common,Process Industries,3120404792.512119,619985000,4.983092233264528,90734000,79495000,,114414000,19593705
BRZE,"Braze, Inc.",NASDAQ,common,Technology Services,3117644496.714387,738182000,24.396622908275898,-131287000,64714000,,81456000,38115166.24
HTGC,"Hercules Capital, Inc.",NYSE,common,Finance,3106922438.8362327,491882000,6.4437736012378135,337025000,329270000,,2350081000,26920236.6
BANC,"Banc of California, Inc.",NYSE,common,Finance,3103601584.0128274,1823257000,-3.7657493416826635,228843000,382168000,,3033918000,40477210.62
FBK,FB Financial Corporation,NYSE,common,Finance,3101143538.4918566,865551000,13.09513543177453,122622000,199866000,,372453000,14984082.2
ADEA,Adeia Inc.,NASDAQ,common,Technology Services,3099974977.9653683,443386000,17.9142820671021,111075000,188571000,,395262000,23499875.669999998
BKD,Brookdale Senior Living Inc.,NYSE,common,Health Services,3099847893.105976,3194066000,2.194186058044714,-262692000,23726000,,5490885000,98485568.28
KALU,Kaiser Aluminum Corporation,NASDAQ,common,Non-Energy Minerals,3097989524.5237603,3373000000,11.541005291005291,112500000,87000000,,1068900000.0000001,46037163.97
IRON,"Disc Medicine, Inc.",NASDAQ,common,Health Technology,3094079356.271395,0,,-212184000,-197582000,,60862000,21228614.85
CWT,California Water Service Group,NYSE,common,Utilities,3090718183.9999995,1000140000,-3.5364378678364132,128211000.00000001,-235730000,,1677538000,19903935.24
PLSE,"Pulse Biosciences, Inc",NASDAQ,common,Health Technology,3089695525.691892,350000,,-72781000,-61388000,,6772000,14515535.64
GRAL,"GRAIL, Inc.",NASDAQ,common,Health Technology,3079290244.7360888,147172000,17.179824037581113,-408351000,-296162000,,91309000,38983294.98
BSM,"Black Stone Minerals, L.P.",NYSE,common,Miscellaneous,3077922033.005642,422328000,-3.8916411980092347,299932000,319881000,,196000000,7594058.58
MGEE,MGE Energy Inc.,NASDAQ,common,Utilities,3072595877.434353,743654000,9.854581767472641,135889000,-164264000,,934363000,10213141.44
TARS,"Tarsus Pharmaceuticals, Inc.",NASDAQ,common,Health Technology,3072467897.2433777,451360000,146.70817095100927,-66418000.00000001,56003000,,88657000,71233331.015
TNET,"TriNet Group, Inc.",NYSE,common,Commercial Services,3067813620.1777344,5010000000,-0.8509796160696615,155000000,288000000,,950000000,19534542.66
LASR,"nLIGHT, Inc.",NASDAQ,common,Electronic Technology,3059887991.3562284,261329999.99999997,31.620565304107807,-23467000,41830000,,14843000,90381698.16
ASO,"Academy Sports and Outdoors, Inc.",NASDAQ,common,Retail Trade,3053784701.5423727,6053414000,2.0218254135452396,376768000,237191000,,1950911000,43186779.08
WING,Wingstop Inc.,NASDAQ,common,Consumer Services,3053344581.2844825,696853000,11.352701391962698,174267000,128494000,,1272475000,146483964.72
IOVA,"Iovance Biotherapeutics, Inc.",NASDAQ,common,Health Technology,3053027367.8921413,263502000,60.60340098738344,-390978000,-296395000,,46003000,90574539.66
INTA,"Intapp, Inc.",NASDAQ,common,Technology Services,3046244724.113506,577805000,14.616559549313656,-41310000,143792000,,15863000,19106232.55
ZIM,ZIM Integrated Shipping Services Ltd.,NYSE,common,Transportation,3045531917.60375,6904200000.01527,-18.074376438732756,479200000.00106,1170714670,,5478300000,24599308.93
DNOW,DNOW Inc.,NYSE,common,Distribution Services,3044434337.6662664,2820000000,18.83691529709229,-89000000,136000000,,631000000,44576423.04
DCO,Ducommun Incorporated,NYSE,common,Electronic Technology,3040944434.0652943,824839000,4.882368947741855,-37353000,-24470000,,334794000,64291139.42999999
FRSH,Freshworks Inc.,NASDAQ,common,Technology Services,3038422529.2130322,838809000,16.43333055717498,183723000,220559000,,34594000,56599940.25
DXPE,"DXP Enterprises, Inc.",NASDAQ,common,Distribution Services,3037636895.491692,2016365000,11.893465183902688,88677000,118659000,,899001000,32865363.36
EROC,"ERock, Inc.",NYSE,common,Producer Manufacturing,3032109105.6,183145000,42.536384154408886,-63727000,,,29771000,82663694.28
DBRG,"DigitalBridge Group, Inc.",NYSE,common,Finance,3031164016.7296114,470133000,-22.551678011557954,140251000,178688000,,319684000,78724865.25
TR,"Tootsie Roll Industries, Inc.",NYSE,common,Consumer Non-Durables,3028272221.601112,732524000,1.286888997354874,100052000,80156000,,13286000,5258726.97
AGYS,"Agilysys, Inc.",NASDAQ,common,Technology Services,3027891296.309468,319312000,15.85057904971991,38791000,80441000,,18443000,48248457.5
AMBP,Ardagh Metal Packaging S.A.,NYSE,common,Process Industries,3024393986.2138615,5497000000,12.00081499592502,11000000,308000000,,4344000000,8279946.18
PPLI,People Incorporated,NASDAQ,common,Technology Services,3022470554.3900857,2393189000,-8.730794650590115,-104026000,82495000,,1414718000,39559785.21
TMDX,"TransMedics Group, Inc.",NASDAQ,common,Health Technology,3017431068.040734,605494000,37.13230964352041,190291000,79041000,,867720000,60576275.379999995
GRBK,"Green Brick Partners, Inc.",NYSE,common,Consumer Durables,3015479950.83871,2039994000,-1.0420208831055433,313225000,111615000,,291859000,11935175.85
DHT,"DHT Holdings, Inc.",NYSE,common,Transportation,3014699649.9428577,497197000,-12.439881303547686,211092000,36254000,,434804000,76247233.92
PENG,"Penguin Solutions, Inc.",NASDAQ,common,Electronic Technology,3009483789.4395604,1368794000.0016298,16.911400448886805,24128000.0000287,-67053160.00000001,,705219000,86673616.53999999
BTU,Peabody Energy Corporation,NYSE,common,Energy Minerals,3006054019.1945925,3861500000,-8.855949205749758,-52900000,-484700000,,424900000,41124668.22
GPOR,Gulfport Energy Corporation,NYSE,common,Energy Minerals,2997945468.2359567,1323527000,42.528677455621555,427810000,250001000,,922410000,76414969.38
CXT,"Crane NXT, Co.",NYSE,common,Producer Manufacturing,2992036704.0801086,1656700000,11.427226257734732,145100000,224000000,,1467100000,22123311.759999998
PK,Park Hotels & Resorts Inc.,NYSE,common,Finance,2989874278.9958153,2541000000,-2.23162754905733,-283000000,83000000,,4102000000,44342070.3
ARX,Accelerant Holdings,NYSE,common,Finance,2969720350.6717253,516700000.006118,54.654295121221175,-1354100000.01603,,,120700000,29960740.97
CBZ,"CBIZ, Inc.",NYSE,common,Commercial Services,2961722371.4728937,2757991000,52.08346199996471,115444000,274259000,,1906261000,73409827.1
ACHC,"Acadia Healthcare Company, Inc.",NASDAQ,common,Health Services,2951278694.5659165,3312769000,5.035125649857021,-1102772000,-134031000,,2565264000,45589323.3
CALY,Callaway Golf Company,NYSE,common,Consumer Durables,2950778891.482207,2060100000,-0.8470905328006817,-266200000,465900000,,273400000,27445866.51
MGRC,McGrath RentCorp,NASDAQ,common,Finance,2944269350.769689,944235000,3.6547881204291826,156308000,-6859000,,589895000,18959133.900000002
BHE,"Benchmark Electronics, Inc.",NYSE,common,Electronic Technology,2943279325.577718,2659108000,0.1130602894087395,24852000,126981000,,291726000,18154462.52
BCC,"Boise Cascade, L.L.C.",NYSE,common,Distribution Services,2939596177.9054136,6404595000,-4.7543875981627215,132836000.00000001,101487000,,549251000,22843545
IOND,Ionic Digital Inc.,NASDAQ,common,Technology Services,2915849612.7294416,141398000,-8.06909868733299,-247723000,,,212000,73330644.47999999
SDRL,Seadrill Limited,NYSE,common,Industrial Services,2910801263.184582,1437000000,3.7545126353790614,-77000000,-132000000,,754000000,25980478.08
KWR,Quaker Houghton,NYSE,common,Process Industries,2906036395.7636046,1888634000,2.6606714406697667,-2468000,74588000,,923806000,37047543.36
UNFI,"United Natural Foods, Inc.",NYSE,common,Distribution Services,2898866936.921937,31784000000,2.595222724338283,-118000000,329000000,,3153000000,33541496
FIZZ,National Beverage Corp.,NASDAQ,common,Consumer Non-Durables,2897294447.817062,1180552000,-1.731546238660711,183648000,156112000,,58936000,7558113.8
COLM,Columbia Sportswear Company,NASDAQ,common,Consumer Non-Durables,2882176882.0987215,3397019000,0.7946622151498545,177224000,321303000,,461244000,37919457.5
WIX,Wix.com Ltd.,NASDAQ,common,Technology Services,2877153786.6324396,1993044000.00441,13.199329793011207,50646000.000112,448389310,,2038659000,99307518.75
NTCT,"NetScout Systems, Inc.",NASDAQ,common,Technology Services,2871211698.4994817,859482000,4.473555299211478,95531000,261031000,,39980000,29326498.19
BKV,BKV Corporation,NYSE,common,Energy Minerals,2857421715.396831,903728000,46.915870226438834,171710000,-586055000,,1249841000,18202534.28
MMS,"Maximus, Inc.",NYSE,common,Commercial Services,2850356457.011995,5431276000,2.3572249579124183,319034000,433230000,,1731818000,39488326.199999996
KD,"Kyndryl Holdings, Inc.",NYSE,common,Technology Services,2849062869.5838323,15092000000,0.23245002324500233,198000000,148000000,,4930000000,48813435.12
AKR,Acadia Realty Trust,NYSE,common,Finance,2842787344.9781656,410757000,14.197820895273416,12223000,31220000,,1776553000,23874138
VC,Visteon Corporation,NASDAQ,common,Producer Manufacturing,2840126740.8932104,3768000000,-2.534919813760993,201000000,160000000,,434000000,41159099.3
ABM,ABM Industries Incorporated,NYSE,common,Commercial Services,2837073940.9546394,8745900000,4.623537574467067,162400000,334000000,,1970400000,14853287.28
TBBK,"The Bancorp, Inc.",NASDAQ,common,Finance,2834683119.298877,879702000,24.057898254985854,228213000,159946000,,958256000,21573147.5
UPST,"Upstart Holdings, Inc.",NASDAQ,common,Finance,2831809677.6012044,1043857000,63.99231455646884,53601000,-289046000,,2025481000,132351339.60000001
IMAX,Imax Corporation,NYSE,common,Consumer Durables,2814497272.9709425,410212000.000437,16.46867759958676,34876000.0000372,126218050,,282637000,42792925.4
GCMG,GCM Grosvenor Inc.,NASDAQ,common,Finance,2812521910.729614,550076000,9.245456513406538,45371000,186331000,,412941000,5300248.8
TNK,Teekay Tankers Ltd.,NYSE,common,Transportation,2805274327.9253902,951797000,-22.576333890815857,351186000,366917000,,27801000,39393591.78
ALHC,"Alignment Healthcare, Inc.",NASDAQ,common,Health Services,2804523189.078788,3948719000,46.05621992623802,-724000,177514000,,330500000,81281739.75999999
IHS,IHS Holding Limited,NYSE,common,Industrial Services,2804469488.139591,1582000000.00073,3.588266107950232,143600000.00006703,439391700,,3489700000,7666240.61
CUBI,"Customers Bancorp, Inc",NYSE,common,Finance,2796960990.8403335,1477094000,7.4274401822877465,224088000,366591000,,2369400000,15093858.850000001
TRMK,Trustmark Corporation,NASDAQ,common,Finance,2794356197.9736676,1128593000,19.711464517518227,224135000,207469000,,768919000,14616979.319999998
WAFD,"WaFd, Inc.",NASDAQ,common,Finance,2794060046.71361,1410513000,-1.5768492461505075,226068000,226973000,,3315697000,26103034.88
WHR,Whirlpool Corporation,NYSE,common,Consumer Durables,2793793398.397568,15523000000,-6.521739130434782,317000000,-329000000,,8057000000,63200707.65
PATK,"Patrick Industries, Inc.",NASDAQ,common,Consumer Durables,2786580460.702814,3950773000,6.326965997906711,135056000,127821000,,1651440000,26982620.28
WOR,"Worthington Enterprises, Inc.",NYSE,common,Producer Manufacturing,2784368114.0122695,1381292000,19.748728209645147,156085000,170206000,,349761000,7736180.899999999
SUPN,"Supernus Pharmaceuticals, Inc.",NASDAQ,common,Health Technology,2782540048.5514073,718952000,8.633051130448449,-38550000,18787000,,40170000,31944369.049999997
NBTB,NBT Bancorp Inc.,NASDAQ,common,Finance,2775187094.3669186,906302000,14.956341293880678,169235000,245608000,,471195000,10447690.33
NRIX,"Nurix Therapeutics, Inc.",NASDAQ,common,Health Technology,2763705967.295069,83980000,53.95332636711947,-264457000,-304527000,,58143000,24307251.509999998
BEAM,Beam Therapeutics Inc.,NASDAQ,common,Health Technology,2758813606.510242,139743000,120.00535281337574,-79992000,-372768000,,247358000,41476970.730000004
GRND,Grindr Inc.,NYSE,common,Technology Services,2758533124.408502,439898000.002195,27.641337527749936,94751000.0004728,153944200,,389595000,40028837.519999996
AVPT,"AvePoint, Inc.",NASDAQ,common,Technology Services,2754581720.207159,419497000,26.934901144389105,34799000,101006000,,26810000,22870241.939999998
PRVA,"Privia Health Group, Inc.",NASDAQ,common,Finance,2751394600.3812556,2122842000,22.256059986523766,22919000,129870000,,8733000,36503557.98
SPSC,"SPS Commerce, Inc.",NASDAQ,common,Technology Services,2750773542.8590302,751505000,17.834155213911078,93339000,198696000,,6306000,64381308.57
UE,Urban Edge Properties,NYSE,common,Finance,2748495854.145631,471935000,6.060912519158767,93477000,72890000,,1901302000,14117503.95
FCPT,"Four Corners Property Trust, Inc.",NYSE,common,Finance,2737324909.8304114,294132000,9.720859616596984,112364000,194791000,,1259818000,11477637.4
WTTR,"Select Water Solutions, Inc.",NYSE,common,Energy Minerals,2734878699.009948,1407344000,-3.0804882667906273,21223000,-81999000,,291953000,25181275.560000002
AVEX,AEVEX Corp.,NYSE,common,Electronic Technology,2724718702.020316,432933000,10.388024233028721,-16886000,,,265618000,61930345.75
ALRM,"Alarm.com Holdings, Inc.",NASDAQ,common,Technology Services,2722543838.89977,1011187000,7.592886775970471,132574000.00000001,187706000,,567465000,16214174.68
AEO,"American Eagle Outfitters, Inc.",NYSE,common,Retail Trade,2721391035.612903,5547236000,4.102050574892112,191983000,185027000,,1874689000,141750937.44
FBNC,First Bancorp,NASDAQ,common,Finance,2718700076.6118693,549039000,2.2154414406699194,110428000,202809000,,88985000,23836762.47
KOD,Kodiak Sciences Inc,NASDAQ,common,Health Technology,2716530190.2909045,0,,-229967000,-148118000,,155992000,16624727.7
FRME,First Merchants Corporation,NASDAQ,common,Finance,2715533521.714286,1050201000,-0.12610232547523745,226001000,314899000,,1603749000,15475077.120000001
PHIN,PHINIA Inc.,NYSE,common,Producer Manufacturing,2711951224.40016,3483000000,2.3508668821627974,130000000,250000000,,1062000000,28227082.88
BCRX,"BioCryst Pharmaceuticals, Inc.",NASDAQ,common,Health Technology,2706116859.5541587,874837000,94.10111113083299,263861000,356234000,,836645000,40936428.66
HOG,"Harley-Davidson, Inc.",NYSE,common,Consumer Durables,2702763008.694985,4473175000,-13.758516326630552,338738000,-133068000.00000001,,2307103000,41946977.73
HWKN,"Hawkins, Inc.",NASDAQ,common,Process Industries,2702701389.7820454,1083696000,11.213210581354657,81548000,91689000,,257702999.99999997,13398979.77
OSW,OneSpaWorld Holdings Limited,NASDAQ,common,Consumer Services,2699865678.9380536,961001000,7.372133999389957,71618000,78226000,,90852000,13509714.4
INFQ,"Infleqtion, Inc.",NYSE,common,Electronic Technology,2696913418.395939,0,,-66931067.99999999,-21743730,,4893000,233057922.84
NMRK,"Newmark Group, Inc.",NASDAQ,common,Finance,2685800525.2809753,3320692000,21.595691429546502,126186000,797593000,,2276739000,13731189.42
BBT,Beacon Financial Corporation,NYSE,common,Finance,2685467351.232272,881259000,35.06340443662469,90271000,197288000,,979528000,20591339.04
ATAI,AtaiBeckley Inc.,NASDAQ,common,Health Technology,2674770595.7850204,4089000.0000447105,1227.597402609587,-660047000.0072169,-129449270.00000001,,1884999.99999999,27948360.3
HLIO,"Helios Technologies, Inc.",NYSE,common,Producer Manufacturing,2670806735.835677,839000000,4.1072093311825295,48400000,106900000,,350600000,30530482.38
VISN,"Vistance Networks, Inc.",NASDAQ,common,Electronic Technology,2670653712.9897437,1931600000,39.707796904383045,1414700000,86900000,,39400000,80238480.06
AXGN,"Axogen, Inc.",NASDAQ,common,Health Technology,2670334313.580446,225208000,20.21479891959987,-15703000,8598000,,20066000,35587660.94
SKWD,"Skyward Specialty Insurance Group, Inc.",NASDAQ,common,Finance,2669561057.406747,1419224000,23.660684722866034,170028000,402171000,,437205000,33372089.87
EEFT,"Euronet Worldwide, Inc.",NASDAQ,common,Commercial Services,2662761971.842912,4244200000,6.37625946162715,309500000,245400000,,2806800000,33501800.43
SPNT,SiriusPoint Ltd.,NYSE,common,Finance,2660178780.2838135,3205100000,23.093171518549813,459600000,241500000,,700900000,14244624.399999999
COHU,"Cohu, Inc.",NASDAQ,common,Electronic Technology,2657579574.350625,452956000,12.737599526107637,-74273000,34918000,,331245000,127014728.96000001
RARE,Ultragenyx Pharmaceutical Inc.,NASDAQ,common,Health Technology,2648097087.8523736,673000000,20.129232636595685,-575000000,-489468000,,1202000000,41502890.16
SYBT,"Stock Yards Bancorp, Inc.",NASDAQ,common,Finance,2641285996.795547,564763000,11.184105616070779,140150000,147332000,,469553000,10537803.9
VOYG,"Voyager Technologies, Inc.",NYSE,common,Technology Services,2624249611.0722613,166419000,15.424469413233458,-104814000,-287527000,,491065000,72653703
NN,NextNav Inc.,NASDAQ,common,Technology Services,2623682256.760516,4573000,-19.33321573469748,-189253000,-53071000,,13163000,80196926.61
NWL,Newell Brands Inc.,NASDAQ,common,Producer Manufacturing,2623544003.004878,7204000000,-4.985491954629386,-285000000,118000000,,5542000000,38319228.64
NGVT,Ingevity Corporation,NYSE,common,Process Industries,2619253912.067361,1167900000,-2.675,-167100000,155200000,,1236300000,18488189.21
HTO,H2O America,NASDAQ,common,Utilities,2618980167.8893704,800590000,6.967969333506137,102578000,-276001000,,1891491000,18668009.78
MAN,ManpowerGroup,NYSE,common,Commercial Services,2614543192.5832148,17957100000,0.5780249693344311,-13300000,68900000,,1420000000,35084203.44
LCII,LCI Industries,NYSE,common,Producer Manufacturing,2604978093.621879,4122017000,10.178771134884775,188250000,286955000,,1146181000,13672982.9
AMLX,"Amylyx Pharmaceuticals, Inc.",NASDAQ,common,Health Technology,2601728123.1316123,0,-100,-144735000,-126717000,,5255000,33954542.6
IVT,InvenTrust Properties Corp.,NYSE,common,Finance,2592782890.746109,300206000,9.402924155624554,111421000,120266000,,1096717000,22934121
VRDN,"Viridian Therapeutics, Inc.",NASDAQ,common,Health Technology,2592126988.2873316,70849000,23359.933774834437,-281928000,-335517000,,242881000,36111435.36
ICHR,Ichor Holdings,NASDAQ,common,Producer Manufacturing,2591458343.5234776,947652000,11.614529350796193,-52781000,-25605000,,154142000,48443932.019999996
TALO,"Talos Energy, Inc.",NYSE,common,Energy Minerals,2587964724.373796,1780070000,-9.80447595421085,-494290000,323443000,,1343800000,25161227.5
BUSE,First Busey Corporation,NASDAQ,common,Finance,2582181222.4755473,1038569999.9999999,56.88510772000953,135262000,209330000,,464217000,19610136.21
LCID,"Lucid Group, Inc.",NASDAQ,common,Consumer Durables,2577218972.3194027,1353790000,67.58311133998158,-2698051000,-5125835000,,3656667000,39527197.56
HTFL,"Heartflow, Inc.",NASDAQ,common,Technology Services,2574288838.9590387,176034000,39.922739412438006,-116791000,-76774000,,26349000,32268715.650000002
PENN,"PENN Entertainment, Inc.",NASDAQ,common,Consumer Services,2570056405.339258,6961000000,5.8208297228683055,-843100000,96100000,,11062200000,61094214.900000006
NKTR,Nektar Therapeutics,NASDAQ,common,Health Technology,2568751846.801722,55232000,-43.885316021010496,-164076000,-203943000,,143432000,41272885.5
NOG,"Northern Oil and Gas, Inc.",NYSE,common,Energy Minerals,2566768437.8894844,2095059000.0000002,-3.175119618109383,38761000,-294156000,,2724814000,46849533.39
BFLY,"Butterfly Network, Inc.",NYSE,common,Health Technology,2563644946.360726,97610000,18.95534756751487,-77064000,-28042000,,19097000,36867294.449999996
SAH,"Sonic Automotive, Inc.",NYSE,common,Retail Trade,2561431377.424141,15153600000,6.5331861673333655,118700000,-109100000,,4671800000,19781357.08
HYMC,Hycroft Mining Holding Corporation,NASDAQ,common,Non-Energy Minerals,2557837146.5110784,0,,-40664000,-64171000.00000001,,23000,54459345.15
VVX,"V2X, Inc.",NYSE,common,Commercial Services,2554019790.7613606,4480038000,3.6528768635090594,77882000,129252000.00000001,,1064087000,43679472.480000004
PHVS,Pharvaris N.V.,NASDAQ,common,Health Technology,2547229842.076118,0,,-198290465.386319,-176190200,,851350.2102,46420580.32
WLY,"John Wiley & Sons, Inc.",NYSE,common,Consumer Services,2547059502.4513917,1676528000,-0.06443694567685318,221617000,209353000,,768895000,12970366.86
DAC,Danaos Corporation,NYSE,common,Transportation,2545040586.980077,1042456000.0114,3.2568127619447136,494614000.005408,172343590,,1210720000.00807,13690474.82
TRVI,"Trevi Therapeutics, Inc.",NASDAQ,common,Health Technology,2526096629.2550564,0,,-42759000,,,605000,21754355.400000002
MBIN,Merchants Bancorp,NASDAQ,common,Finance,2519703455.684636,1368471000,-4.666837420559408,218770000,-760324000,,4297796000,7448959.100000001
AGM,Federal Agricultural Mortgage Corporation,NYSE,common,Finance,2513469006.9809957,1100028000,22.057436548392324,207415000,310058000,,34693922000,14398930.350000001
CALX,"Calix, Inc",NYSE,common,Electronic Technology,2512263103.515901,1000010000,20.2631813141748,17884000,85418000,,13980000,20611422.3
DRH,Diamondrock Hospitality Company,NASDAQ,common,Finance,2510016960.469609,1120491000,-0.8312365085588507,101433000,163442000,,1196275000,22391711.32
NEOG,Neogen Corporation,NASDAQ,common,Health Technology,2498921882.678851,870400000,-2.7117533903903266,-7900000,31900000,,812000000,14465820.48
COAG,"Hemab Therapeutics Holdings, Inc.",NASDAQ,common,Health Technology,2497805408.0432935,0,,-63913000,,,1026000,14884286.2
UFPT,"UFP Technologies, Inc.",NASDAQ,common,Process Industries,2497707473.5514274,602797000,19.502756625913673,68313000,61422000,,136336000,42678225.919999994
NTB,Bank of N.T. Butterfield & Son Limited (The) Voting,NYSE,common,Finance,2497637876.6768646,800037000,-1.969344781150557,231942000,210239000,,39086000,13979694.18
BANR,Banner Corporation,NASDAQ,common,Finance,2495172096.639912,881112000,5.5241644770091956,195382000,285169000,,546257000,24716329.060000002
APPN,Appian Corporation,NASDAQ,common,Technology Services,2494097139.2852716,726937000,17.813789459695116,1233000,76745000,,295326000,28528548.3
TDC,Teradata Corporation,NYSE,common,Technology Services,2486820056.745346,1663000000,-4.9714285714285715,130000000,736000000,,99000000,60880241.519999996
RNW,ReNew Energy Global plc,NASDAQ,common,Utilities,2481582305.4788322,1496141678.4700701,30.321377221703074,111376518.637659,-777564510,,8225717265.74966,52049762.97
PBH,Prestige Consumer Healthcare Inc.,NYSE,common,Health Technology,2476266254.9930973,1088705000,-4.311710181918539,190301000,235359000,,2067438000,33755600.11
ROG,Rogers Corporation,NYSE,common,Process Industries,2476193919.6047683,810800000,-2.3250210817973738,-61800000,82800000,,28500000,34216787.800000004
CTOS,"Custom Truck One Source, Inc.",NYSE,common,Finance,2461609845.5827065,1943957000,7.860987193998713,-31052000,-187256000,,2548151000,6660186.08
LCLN,"Lincoln International, Inc.",NYSE,common,Finance,2459212504.550493,783807000,35.431717140650406,214133000,,,241827000,11045922.75
HUBG,"Hub Group, Inc.",NASDAQ,common,Transportation,2458982583.1339474,,,,,,,155651663.49
WGS,GeneDx Holdings Corp.,NASDAQ,common,Health Services,2457079029.6771474,427539000,39.97020788999836,-21021000,-75798000,,167402000,41742316.77
PGEN,"Precigen, Inc.",NASDAQ,common,Health Technology,2452541495.4518948,9684000,146.72611464968153,-250642000,-115222000,,98345000,30298885.75
SLDE,"Slide Insurance Holdings, Inc.",NASDAQ,common,Technology Services,2448373789.0358877,1155901000,36.623249216949354,443958000,1034559000,,38650000,14614045.600000001
CDNA,"CareDx, Inc.",NASDAQ,common,Health Technology,2447546038.7531238,379805000,13.787318183860869,-21354000,84705000,,19247000,46596707.13
GRDN,"Guardian Pharmacy Services, Inc.",NYSE,common,Retail Trade,2443593625.1267104,1448685000,17.9318126129001,49219000,79785000,,35238000,14073752.52
DBD,Diebold Nixdorf Incorporated,NYSE,common,Electronic Technology,2436686176.5753427,3805700000,1.4555730319106395,94600000,238100000,,1108800000,21783363.72
FLNC,"Fluence Energy, Inc.",NASDAQ,common,Producer Manufacturing,2436672026.910755,2262830000,-16.146821899960052,-48314000,-121449000,,413165000,53317941.599999994
STNE,StoneCo Ltd.,NASDAQ,common,Commercial Services,2432282279.1164656,605435747.55097,-15.772633210499935,415215561.927381,519697640,,3034813240.2646604,50464500
COTY,Coty Inc.,NYSE,common,Consumer Non-Durables,2430087291.404256,5892900000,-3.679306963059824,-367900000,310500000,,3567400000,11523546.479999999
HAWK,"HawkEye 360, Inc.",NYSE,common,Technology Services,2422550037.10562,117660000,74.15888334640832,2272000,,,527568000,16099131.08
MPT,"Medical Properties Trust, Inc.",NYSE,common,Finance,2422304889.179105,972022000,-2.363022539367805,-277938000,226821000,,9704996000,35609211.9
PAGS,PagSeguro Digital Ltd.,NYSE,common,Commercial Services,2419946364.5624294,3533949100.00439,3.914253033049183,379176665.01801103,-188035340,,9014349056.69491,51935788.080000006
UWMC,UWM Holdings Corporation,NYSE,common,Finance,2417643028.0392156,3458695000,40.67226856578097,27380000,-4922039000,,15879260000,54006496.92
PAYO,Payoneer Global Inc.,NASDAQ,common,Commercial Services,2412617962.1212974,1052773999.9999999,7.6768714023295,73192000,181412000,,86162000,81257363.12
CLOV,"Clover Health Investments, Corp.",NASDAQ,common,Finance,2411453619.744875,1924288000,40.39605607413904,-85549000,74209000,,0,21605020.1
ECO,Okeanis Eco Tankers Corp.,NYSE,common,Transportation,2411370253.031281,391548819.004282,-0.42748842124872816,122951543.00134401,44692060,,722493783.004812,34627450.08
EFSC,Enterprise Financial Services Corporation,NASDAQ,common,Finance,2408974106.872074,1001533000,8.773135929900928,201374000,211427000,,682076000,12964090.88
SHAZ,"SharonAI Holdings, Inc.",NASDAQ,common,Technology Services,2408693970.8101797,1566631,257.4400171575114,-39623909,,,1011357514,175989779.7
BXMT,"Blackstone Mortgage Trust, Inc.",NYSE,common,Finance,2406802583.614754,1520950000,-13.964657035218517,109569000,328179000,,15812970000,52300956.96
CMPR,Cimpress plc,NASDAQ,common,Commercial Services,2401832230.029776,3736643000.03479,9.801829461602631,95872000.0008927,182882580,,1788493000.01192,27247623.12
CTRI,"Centuri Holdings, Inc.",NYSE,common,Utilities,2399891862.162295,2982781000,13.102843932021072,22395000,-15218000,,929220000,32157672.36
BOBS,"Bob's Discount Furniture, Inc.",NYSE,common,Retail Trade,2398107835,2368039000,16.758976068255542,121724000,,,893699000,24158931.05
FIGS,"FIGS, Inc.",NYSE,common,Consumer Non-Durables,2395742321.6327963,631098000,13.597140172583241,34250000,97223000,,57668000,34063731.52
URGN,UroGen Pharma Ltd.,NASDAQ,common,Health Technology,2395147561.0698366,109788000.00024301,21.4495895927296,-153494000.00034,-170666510,,196128000,77494823
HURN,Huron Consulting Group Inc.,NASDAQ,common,Commercial Services,2391442971.5213094,1699143000,11.653135585702506,105040000,161002000,,864537000,27586093.68
MLYS,"Mineralys Therapeutics, Inc.",NASDAQ,common,Health Technology,2384686817.2905235,0,,-154651000,-138802000,,97617000,37777921.800000004
PTON,"Peloton Interactive, Inc.",NASDAQ,common,Consumer Services,2378685054.375,2446000000,-1.79861891761683,63200000,377700000,,1709300000,33903059.339999996
RUN,Sunrun Inc.,NASDAQ,common,Electronic Technology,2369934268.091725,2956997000,45.113089685084155,452250000,-2211108000,,15230687000,76301200.08
ARR,"ARMOUR Residential REIT, Inc.",NYSE,common,Finance,2355442588.7942405,1305270000,444.0846679060616,322687000,319490000,,19441457000,78251746.56
KMT,Kennametal Inc.,NYSE,common,Producer Manufacturing,2345746806.7500005,2356698000,19.821236548889214,342389000,-80913000,,717450000,51844446.9
BKE,"Buckle, Inc. (The)",NYSE,common,Retail Trade,2334799563.959948,1297835000,6.581811940487267,209744000,220861000,,410869000,18530215
FIVN,"Five9, Inc.",NASDAQ,common,Technology Services,2331374325.418327,1149088000,10.283721296276733,39416000,209124000,,805036000,69800796
GSHD,"Goosehead Insurance, Inc.",NASDAQ,common,Finance,2328060926.8672485,365304000,16.15204845709925,27831000,66549000.00000001,,372837000,11645023.049999999
HRMY,"Harmony Biosciences Holdings, Inc.",NASDAQ,common,Health Technology,2316061375.412196,868453000,21.507162105062864,158687000,354899000,,220966000,27580335.92
PLUS,ePlus inc.,NASDAQ,common,Technology Services,2315263673.5777984,2442549000,22.11719215585891,128821000,54766000,,0,24464641.86
ALGT,Allegiant Travel Company,NASDAQ,common,Transportation,2308399954.1068597,2606579000,3.7407630137678707,-44697000,-166433000,,2852159000,52006258.24
UNIT,Uniti Group Inc.,NASDAQ,common,Industrial Services,2308316228.307443,2234500000,91.48584273052212,1274100000,-891497000,,11093100000,19603419.48
NWBI,"Northwest Bancshares, Inc.",NASDAQ,common,Finance,2302337410.049904,878775000,16.234083162376546,125948000,140101000,,857098000,9790148.76
TRN,"Trinity Industries, Inc.",NYSE,common,Producer Manufacturing,2300854766.0904665,2156900000,-29.952585087035594,253100000,-351300000,,5226500000,20517767.12
RAMP,"LiveRamp Holdings, Inc.",NYSE,common,Technology Services,2298658057.82018,812940000,9.034577107755036,144776000,200025000,,33118000.000000004,39252262.45
DJT,Trump Media & Technology Group Corp.,NASDAQ,common,Commercial Services,2298574381.144781,3682600,1.76301536420913,-712061400,-25911500,,973259700,54391996.75
ALMR,"Alamar Biosciences, Inc.",NASDAQ,common,Health Technology,2295586519.245283,74211000,195.1674488903031,-29819000,,,340545000,18487120.32
IOSP,Innospec Inc.,NASDAQ,common,Process Industries,2293643060.380973,1778000000,-3.652324699252195,116600000,70000000,,47900000,19640870.400000002
CC,Chemours Company (The),NYSE,common,Process Industries,2293604681.74054,5808000000,0.4496713939813214,-386000000,218000000,,4120000000,59664325.68
VCEL,Vericel Corporation,NASDAQ,common,Health Technology,2290471659.752875,276259000,16.454911813307255,16518000,61664000,,94567000,13005963.18
RAPP,"Rapport Therapeutics, Inc.",NASDAQ,common,Health Technology,2290003611.780418,0,,-111483000,-97149000,,10105000,15125541.54
PLPC,Preformed Line Products Company,NASDAQ,common,Producer Manufacturing,2288058659.1618447,669338000,12.737445975671788,35283000,34418000,,51469000,82349878.5
STGW,Stagwell Inc.,NASDAQ,common,Commercial Services,2285845378.911638,2901030000.0030904,2.156785274350571,29101000.000031002,245801510,,1705654000,7433614.649999999
HCI,"HCI Group, Inc.",NYSE,common,Finance,2283776025.2253613,900946000,20.11796531169214,299005000,411911000,,67465000,27009212.4
PBI,Pitney Bowes Inc.,NYSE,common,Technology Services,2275697864.9697704,1892629000,-6.610536475413477,144697000,412917000,,2157654000,20561905.400000002
XRAY,DENTSPLY SIRONA Inc.,NASDAQ,common,Health Technology,2274627724.806202,3680000000,-2.9791721592407066,-598000000,143000000,,2312000000,86795048.48
WERN,"Werner Enterprises, Inc.",NASDAQ,common,Transportation,2270135433.479275,2974396000,-1.843473394014635,-14399000,53369000,,944925000,32018791.150000002
ETOR,eToro Group Ltd.,NASDAQ,common,Technology Services,2264136249.6791677,925726000.0020479,10.535239655482949,215696000.000477,279930100,,35005000,101048514.06
NUVB,Nuvation Bio Inc.,NYSE,common,Health Technology,2260631096.185243,62902000,698.9584656420678,-204627000,-120925000,,416263000,16640036.52
AMC,"AMC Entertainment Holdings, Inc.",NYSE,common,Consumer Services,2258289763.4458327,4848900000,4.565254895195377,-632400000,-86800000,,7715200000,38822619.769999996
HTH,Hilltop Holdings Inc.,NYSE,common,Finance,2254793412.962698,1633667000,2.0217411804085823,165591000,-246019000,,1502167000,6504987.84
ESTA,Establishment Labs Holdings Inc.,NASDAQ,common,Health Technology,2252426909.081583,211076000.000002,27.135070019575036,-51064000.000000395,-42774890,,263673999.99999997,42667177.4
MTX,Minerals Technologies Inc.,NYSE,common,Process Industries,2251543359.907761,2072600000,-2.1666273306584847,-18400000,120300000,,964900000,11897344.709999999
SEPN,"Septerna, Inc.",NASDAQ,common,Health Technology,2249361887.5288944,45951000,4174.511627906977,-48879000,105097000,,22545000,60777950.849999994
HAPN,"Happen, Inc.",NASDAQ,common,Finance,2249291401.683827,1469665000,11.711730201043338,135677000,-2956802000,,53624000,24276997.369999997
OCUL,"Ocular Therapeutix, Inc.",NASDAQ,common,Health Technology,2246670456.802254,51951000,-18.47370651099289,-265939000.00000003,-255100000,,79383000,40984510.38
LIND,Lindblad Expeditions Holdings Inc.,NASDAQ,common,Consumer Services,2245505800.552984,771019000,19.58844596239959,-29721000,108910000,,665564000,22030425.36
TILE,"Interface, Inc.",NASDAQ,common,Producer Manufacturing,2236905073.0812144,1386854000,5.4114367107561385,116098000,124029000,,290401000,21096407.96
OFG,OFG Bancorp,NYSE,common,Finance,2234999228.353255,902886000,3.718722501878201,205103000,202661000,,576461000,7488178.16
PVLA,"Palvella Therapeutics, Inc.",NASDAQ,common,Health Technology,2234311750.773752,0,,-41715000,-36513000,,22642000,25847067.599999998
UA,"Under Armour, Inc.",NYSE,common,Consumer Non-Durables,2230052655.261538,4990621000,-3.388586636684074,-495643000,-75352000,,1376077000,14608025.6
ANDE,"The Andersons, Inc.",NASDAQ,common,Commercial Services,2229137139.5115447,11008928000,-2.2084738168560327,95713000,56913000,,900765000,18447498.09
WU,Western Union Company (The),NYSE,common,Finance,2226815886.8170214,4041100000,-3.8634471273938384,499600000,565400000,,2697200000,61934801.879999995
TIC,"TIC Solutions, Inc.",NYSE,common,Commercial Services,2223665381.001898,1530296000.00178,39.44831067787076,-86520000.00010039,23629860,,1703016000.00522,24924148.98
INTR,Inter & Co. Inc.,NASDAQ,common,Finance,2222026437.7211537,2655120891.49606,40.11264672003429,234911532.30797598,1058504349.9999999,,6307388981.73282,28406174.25
MCRI,"Monarch Casino & Resort, Inc.",NASDAQ,common,Consumer Services,2219883501.8276086,545125000,4.392879165661266,101392000,154299000,,12791000,14857254.72
MH,"McGraw Hill, Inc.",NYSE,common,Commercial Services,2218803557.8782606,2102781000,0.0705278020881369,35320000,246311000,,2655597000,8352034.8
XIFR,"XPLR Infrastructure, LP",NYSE,common,Utilities,2216267088.7336245,1188000000,-1.9801980198019802,-28000000,-409000000,,6030000000,6569521.84
ATRC,"AtriCure, Inc.",NASDAQ,common,Health Technology,2215735843.415134,534528000,14.876414926059569,-11448000,53114000,,74221000,20614770
ADUS,Addus HomeCare Corporation,NASDAQ,common,Health Services,2204687982.2311573,1422530000,23.205545821536308,95910000,154776000,,108820000,26662080.1
BTDR,Bitdeer Technologies Group,NASDAQ,common,Technology Services,2194689006.227848,620253000.0000881,77.32559136833227,65597000.0000094,-2090057150,,1952280000,132125284.72
ADMA,ADMA Biologics Inc,NASDAQ,common,Health Technology,2190570112.7370014,510173000,19.631425663729267,146930000,116469000,,203839000,18762206.279999997
SLS,"SELLAS Life Sciences Group, Inc.",NASDAQ,common,Health Technology,2189603475.1212673,0,,-26863000,-28423000,,737000,91616138.13
KEEL,Keel Infrastructure Corp.,NASDAQ,common,Technology Services,2186209035.465046,229276000.000245,72.0335549319246,-289769000.000309,-344917430,,1038355000,155246009.7
PDFS,"PDF Solutions, Inc.",NASDAQ,common,Technology Services,2186102979.2718215,219024000,22.04273813835567,-640000,-2138000,,71555000,32056035.770000003
KSS,Kohl's Corporation,NYSE,common,Retail Trade,2185217855.13629,15527000000,-4.278404537328155,272000000,1052000000,,6533000000,71903962.38
FCF,First,NYSE,common,Finance,2184829158.220984,729984000,4.466692998574643,152302000,178314000,,303612000,12142375.74
JBLU,JetBlue Airways Corporation,NASDAQ,common,Transportation,2180864464.2685027,9062000000,-2.338614074792542,-602000000,-1129000000,,9386000000,121751838.96000001
MNR,Mach Natural Resources LP,NYSE,common,Energy Minerals,2180341987.368821,1094101000,10.68496947845282,142984000,347589000,,1191376000,5862359.74
BHVN,Biohaven Ltd.,NYSE,common,Health Technology,2173519923.491373,0,,-738822000,-511870000,,297035000,30780526.580000002
PRLB,"Proto Labs, Inc.",NYSE,common,Process Industries,2172108081.3090105,533126999.99999994,6.435944019645019,21241000,56664000,,2241000,16563736
ALKT,"Alkami Technology, Inc.",NASDAQ,common,Technology Services,2161297376.6641455,443639000,32.88612516437072,-47652000,63201000,,358158000,15358104.46
VERA,"Vera Therapeutics, Inc.",NASDAQ,common,Health Technology,2161179608.5800595,0,,-299615000,-338911000,,75228000,50279644.529999994
MD,"Pediatrix Medical Group, Inc.",NYSE,common,Health Services,2153211684.6021423,1913849000,-4.921708225715988,165388000,228612000,,619956000,16721341
GRC,Gorman-Rupp Company (The),NYSE,common,Producer Manufacturing,2152434753.3397756,682389000,3.444465161968084,53017000,100541000,,274998000,17276125.5
LIFE,Ethos Technologies Inc.,NASDAQ,common,Technology Services,2141658334.0086696,387608000,52.04726077371472,71151000,69846000,,20002000,52445175.470000006
OLN,Olin Corporation,NYSE,common,Process Industries,2133752214.5660377,6780800000,3.680371859757496,-100500000,100600000,,3407500000,40290775.199999996
SRCE,1st Source Corporation,NASDAQ,common,Finance,2131482398.0770893,598626000,5.123724863859626,156864000,208720000,,294280000,12746413.610000001
STOK,"Stoke Therapeutics, Inc.",NASDAQ,common,Health Technology,2127430242.4332523,184420000,404.5000683900971,-6885000,-180680000,,2682000,32243901.689999998
FLOC,Flowco Holdings Inc.,NYSE,common,Industrial Services,2126731102.598452,759719000,41.929800963237795,41398000,208070000,,342141000,20479682.3
INVX,"Innovex International, Inc.",NYSE,common,Industrial Services,2125349804.9343066,978251000,48.03973347578628,83298000,124233000,,74554000,20423842.62
FLYW,Flywire Corporation - Voting,NASDAQ,common,Commercial Services,2124317455.336005,623025000,26.594045645177022,13497000,158454000,,1473000,27086937.66
NWN,Northwest Natural Holding Company,NYSE,common,Utilities,2118988813.6179104,1289363000,11.827381582211183,113319000,-265976999.99999997,,2701865000,9406784.100000001
INOD,Innodata Inc.,NASDAQ,common,Technology Services,2113501604.7952476,251663000,47.63670282351975,32180999.999999996,183736000,,3832000,96887969.01
NEO,"NeoGenomics, Inc.",NASDAQ,common,Health Services,2109566702.7477314,727332000,10.107392751064996,-108025000,-7355000,,448368000,17195730.060000002
NTST,NetSTREIT Corp.,NYSE,common,Finance,2093516688.8778281,195855000,19.756762706060755,6901000,100473000,,1418828000,26394209.73
HMN,Horace Mann Educators Corporation,NYSE,common,Finance,2087424196.8840415,1701400000,6.657472417251756,162100000,566100000,,594200000,18395811.419999998
LTC,"LTC Properties, Inc.",NYSE,common,Finance,2085606279.2411442,265303999.99999997,25.744836150265883,117276000,121818000,,779502000,14737407.899999999
NCNO,"nCino, Inc.",NASDAQ,common,Technology Services,2081506140.240083,594781000,10.010783176764566,5180000,110753000,,326712000,27534515
BRSL,"Brightstar Lottery PLC Trading under the Legal Name to begin at the market open on July 21, 2025.",NYSE,common,Consumer Services,2080943357.306667,2504000000.02738,-0.3184713366686325,70000000.0007654,-2203043010,,4425000000.02947,19355379.810000002
PLGO,Pelagos Insurance Capital Limited,NYSE,common,Finance,2079281123.3581057,2482300000,2.4135654756993152,225500000,297500000,,843500000,7805504
GHRS,GH Research PLC,NASDAQ,common,Health Technology,2073168957.4415407,0,,-48258000.0005277,-52460410,,360000.00000239804,34275013.92
ASAN,"Asana, Inc.",NYSE,common,Technology Services,2072283312.9005406,790806000,9.246058717238864,-189024000,107337000,,248240000,27948849.18
XPRO,Expro Ltd,NYSE,common,Industrial Services,2068347906.951807,1607095000,-6.171583171901948,51686000,111977000,,171305000,14394392.39
ECPG,Encore Capital Group Inc,NASDAQ,common,Finance,2067913123.1147716,1762518000,35.07737842968499,256834000,125139000,,4179515000.0000005,37029330
CHCO,City Holding Company,NASDAQ,common,Finance,2067728523.814802,399312000,5.264378845474532,129328000,138458000,,527551000.00000006,13517593.18
HE,"Hawaiian Electric Industries, Inc.",NYSE,common,Utilities,2060645068.1890295,3086896000,-4.129198565150551,126281000,-565511000,,2800655000,20770010.7
DV,"DoubleVerify Holdings, Inc.",NYSE,common,Technology Services,2059775195.8777356,748291000,13.921312204174779,50650000,160548000,,111830000,62470748.06999999
AUPH,Aurinia Pharmaceuticals Inc,NASDAQ,common,Health Technology,2055640684.1574495,283055000.000302,20.380805756728048,287202000.000306,174155200,,64135999.99999999,13201190.7
DRVN,Driven Brands Holdings Inc.,NASDAQ,common,Consumer Services,2053998692.6134522,1862438000,6.274665102403684,103408000,131836999.99999999,,2220443000,9002296.2
TSHA,"Taysha Gene Therapies, Inc.",NASDAQ,common,Health Technology,2048709798.9655688,9773000,17.280691227649108,-108995000,-132572000,,56881000,25067754.495
NVCR,NovoCure Limited,NASDAQ,common,Health Technology,2048282422.813137,655353000,8.28343412312878,-136227000,-25434000,,233420000,13450263.86
BXDC,Blackstone Digital Infrastructure Trust Inc.,NYSE,common,Finance,2047219090.7790525,,,,,,0,10196279.28
GENI,Genius Sports Limited,NYSE,common,Technology Services,2046667112.988432,669489000,31.042642896569543,-111581000,28738000,,30550000,30217232.25
AGIO,"Agios Pharmaceuticals, Inc.",NASDAQ,common,Health Technology,2042401276.9167943,54028000,48.030029042687275,-412781000,-365252000,,31171000,41841772.06
VIA,"Via Transportation, Inc.",NYSE,common,Technology Services,2041715692.1259048,434337000,28.642893107839946,-96361000,-50443000,,18025000,19763898.900000002
PEB,Pebblebrook Hotel Trust,NYSE,common,Finance,2040196483.4985948,1475544000,1.529956808909874,-65845000,206902000,,2461483000,26801972.799999997
BLBD,Blue Bird Corporation,NASDAQ,common,Consumer Durables,2037719582.0462375,1480099000,9.868582211090937,127720000,153143000,,115751000,33526994.759999998
GTY,Getty Realty Corporation,NYSE,common,Finance,2036347164.8024771,218890000,7.620297849954029,79192000,138530000,,1079767000,8889535.440000001
UTZ,Utz Brands Inc,NYSE,common,Consumer Non-Durables,2034186014.1814318,1438800000,2.1004825432869714,800000,51100000,,1030500000,34096297.59
SPB,"Spectrum Brands Holdings, Inc.",NYSE,common,Consumer Durables,2033270677.416221,2808900000,-5.220002699419625,99700000,291600000,,748200000,49796021.92
BLKB,"Blackbaud, Inc.",NASDAQ,common,Technology Services,2027575737.5148516,1127665000,-2.294339099506561,114970000,329161000,,1150007000,21659857.62
KARD,"Kardigan, Inc.",NASDAQ,common,Health Technology,2027480961.3291025,0,,-191941000,,,13347000,5304562.5600000005
CNXN,"PC Connection, Inc.",NASDAQ,common,Technology Services,2025609932.822874,2872746000,2.5205219765905644,83722000,34052000,,7546000,9825027.9
AMR,"Alpha Metallurgical Resources, Inc.",NYSE,common,Energy Minerals,2022561254.2512355,2129481000.0000002,-27.992026470225216,-61687000,-1453000,,11401000,50951166.56
QUBT,Quantum Computing Inc.,NASDAQ,common,Technology Services,2019013973.2603354,682000,82.84182305630027,-18674000,-51478000,,23389000,69871929.92
DHC,Diversified Healthcare Trust,NASDAQ,common,Finance,2016934387.2708335,1537853000,2.8370492173807214,-285886000,-106613000,,2417933000,15977731.35
ALG,"Alamo Group, Inc.",NYSE,common,Producer Manufacturing,2010886934.5397668,1603715000,-1.5227388421216164,103801000,135314000,,278858000,29977021.14
SHO,"Sunstone Hotel Investors, Inc.",NYSE,common,Finance,2008194608.2330828,960126000,5.996518029739161,24321000,98069000,,974898000,29685657.6
PRKS,United Parks & Resorts Inc.,NYSE,common,Consumer Services,2006806290.9569552,1662559000,-3.6365828339518727,168353000,164768000,,2406659000,23618021.2
SGRY,"Surgery Partners, Inc.",NASDAQ,common,Health Services,2005667722.7733335,3308700000,6.242173201040362,-77900000,187600000,,4058100000,59269127.44
CCS,"Century Communities, Inc.",NYSE,common,Consumer Durables,2003097724.4573045,4062116000,-6.372395811724921,147597000,40492000,,1695137000,25810555.150000002
STC,Stewart Information Services Corporation,NYSE,common,Finance,2002256398.142944,2921636000,17.315038152214544,115535000,149971000,,770978000,12191431.999999998
SMA,"SmartStop Self Storage REIT, Inc.",NYSE,common,Finance,2000430988.487805,281141000,18.621891428908974,-2175000,121754000,,1119645000,13691282.790000001
ATEN,"A10 Networks, Inc.",NYSE,common,Technology Services,1996022076.7615016,290557000,11.02844521887991,42137000,60935000,,226084000,30122964.709999997
VERX,"Vertex, Inc.",NASDAQ,common,Technology Services,1995285410.8258379,748444000,12.248191296627354,7211000,72445000,,349922000,41606914.800000004
KRP,Kimbell Royalty Partners,NYSE,common,Miscellaneous,1987474624.6194224,321739000,3.568722609522221,90889000,237444000,,483268000,19723200.8
LOB,"Live Oak Bancshares, Inc.",NYSE,common,Finance,1979087651.5717623,1013594000,8.63943733527405,105871000,-52227000,,99766000,7174785.92
ZBIO,"Zenas BioPharma, Inc.",NASDAQ,common,Health Technology,1975443285.4235516,10000000,100,-377737000,-210480000,,351729000,14442400.139999999
PLAB,"Photronics, Inc.",NASDAQ,common,Electronic Technology,1974694391.1670203,849294000,-2.0361129758946923,136405000,96339000,,3864000,27747067.82
BLX,"Bladex, Inc. Class E",NYSE,common,Finance,1971076983.5790596,839772000,1.1116877112333077,226882000,198494000,,4599304000,7843843.05
AVAH,Aveanna Healthcare Holdings Inc.,NASDAQ,common,Health Services,1970684547.8659225,2433199000,20.187295073464835,225034000,125564000,,1502297000,33488918.650000002
SEDG,"SolarEdge Technologies, Inc.",NASDAQ,common,Producer Manufacturing,1970054448.191534,1184444000,31.392325304840167,-405448000,89996000,,407353000,75425191.30000001
PRDO,Perdoceo Education Corporation,NASDAQ,common,Consumer Services,1961164829.262484,846096000,24.19520801804883,159914000,217980000,,56595000,26309303.2
DEI,"Douglas Emmett, Inc.",NYSE,common,Finance,1952878092.6318538,1003982000,1.7743933468359154,14799000,179074000,,5745053000,20397432.66
PGNY,"Progyny, Inc.",NASDAQ,common,Commercial Services,1950395208.164095,1288661000,10.404199376125,58520000,178384000,,26970000,37606983.5
ALNT,Allient Inc.,NASDAQ,common,Producer Manufacturing,1943047089.7699397,554478000,4.624807535549328,22034000,27497000,,197628000,27541822.84
SRPT,"Sarepta Therapeutics, Inc.",NASDAQ,common,Health Technology,1941424586.8452249,2198237000,15.57630236716599,-713410000,64787000.00000001,,1045848999.9999999,43547623.72
KARO,Karooooo Ltd.,NASDAQ,common,Technology Services,1939524030.9501598,313312111.121016,25.433696403578782,56835253.37744021,,,66268686.2097554,5721001.2700000005
WS,"Worthington Steel, Inc.",NYSE,common,Non-Energy Minerals,1938067273.4046612,3443800000,11.330941066175281,8500000,80000000,,354300000,6606558.96
GENB,"Generate Biomedicines, Inc.",NASDAQ,common,Health Technology,1936838264.8234057,31893000,55.88738452514785,-203154000,,,62628000,11320985.79
TMC,TMC the metals company Inc.,NASDAQ,common,Non-Energy Minerals,1936498534.1142857,0,,-319844000,-34084000,,145000000,18759825.63
NEXA,Nexa Resources S.A.,NYSE,common,Non-Energy Minerals,1929630578.4532876,2994139000.00292,9.461270093804032,132626000.00012901,173248390,,1855220000,6439808.87
NSP,"Insperity, Inc.",NYSE,common,Commercial Services,1924659630.1497335,6812000000,3.5101048472876464,-7000000,194000000,,478000000,32747654.76
NBHC,National Bank Holdings Corporation,NYSE,common,Finance,1918318226.534846,586730000,-1.2940301671203287,108694000,145208000,,347242000,13061192.85
LIME,"Neutron Holdings, Inc.",NASDAQ,common,Consumer Durables,1913880070.2,886719000,29.14073081572317,-59309000,,,270295000,11602857.7
DMRA,"Damora Therapeutics, Inc.",NASDAQ,common,Health Technology,1913801140.2173913,0,,-209839000,-44515000,,0,9744819
LPG,Dorian LPG Ltd.,NYSE,common,Transportation,1913669339.5873604,481511242,36.27362613949119,193665933,146279050,,646238026,17106496.47
GABC,"German American Bancorp, Inc.",NASDAQ,common,Finance,1912009812.0596066,487094000,37.96664514009267,112635000,174844000,,174116000,6558432
ADIG,ADI Global Distribution Inc.,NYSE,common,Distribution Services,1911959853.1704872,4784000000,13.986180605194187,-261000000,,,1277000000,30799539.08
EPAC,Enerpac Tool Group Corp.,NYSE,common,Producer Manufacturing,1908456852.6054752,616899000,4.646061983681363,92749000,112296000,,184793000,7997937.24
FSUN,FirstSun Capital Bancorp,NASDAQ,common,Finance,1904288511.846343,580079000,4.002847138428659,97936000,1156850000,,275897000,7149332.56
GNL,"Global Net Lease, Inc.",NYSE,common,Finance,1896261682.3509932,497886000,-13.138157653704774,-227359000,190479000,,2455669000,42538926.95
SAM,"Boston Beer Company, Inc. (The)",NYSE,common,Consumer Non-Durables,1891405111.9581017,1964994000,-2.3812102382303175,108469000,206042000,,31550000,26982579.6
WKC,World Kinect Corporation,NYSE,common,Distribution Services,1889540953.299131,36944700000,-12.656360451178658,-614400000,-4500000,,745300000,37233118.9
ZD,"Ziff Davis, Inc.",NASDAQ,common,Technology Services,1883739200.3719974,1451268000,3.537163762549155,47354000,316725000,,867640000,54395654.48
LMAT,"LeMaitre Vascular, Inc.",NASDAQ,common,Health Technology,1878251992.266055,249602000,13.526150375461082,57734000,73825000,,190254000,28738026.169999998
SNDA,"Sonida Senior Living, Inc.",NYSE,common,Health Services,1876273878.2631035,381141000,25.241024427751817,-70779000,-52707000,,1571552000,18678825.549999997
MBC,"MasterBrand, Inc.",NYSE,common,Consumer Durables,1874147361.1561825,2734700000,1.2701821952303363,26700000,73400000,,1689800000,13711313.820000002
VSTS,Vestis Corporation,NYSE,common,Consumer Non-Durables,1870607835.4755042,2734839000,-2.5297773912795547,-40223000,136411000,,1338841000,30901339.68
TGLS,Tecnoglass Holdings Inc.,NYSE,common,Producer Manufacturing,1864644846.5253682,983610000,10.495505970134165,159566000,-6617000,,225394000,8505695.16
SONO,"Sonos, Inc.",NASDAQ,common,Consumer Durables,1863130081.9508958,1443276000,-4.926036984142877,-61144000,124369000,,56823000,32378361.75
OCFC,OceanFirst Financial Corp.,NASDAQ,common,Finance,1850755915.2253668,686615000,-0.21262124352181005,70978000,95277000,,2357985000,15167872.399999999
BRVE,"Braveheart Bio, Inc.",NASDAQ,common,Health Technology,1847571766,0,,-66052000.00000001,,,667000,16578760.049999999
GCT,GigaCloud Technology Inc,NASDAQ,common,Distribution Services,1844790879.2771735,1289897000.00091,11.098220391645244,137372000.00009698,160189910,,506256000,22253061.599999998
STDN,"Standard Nuclear, Inc.",NYSE,common,Process Industries,1844532216.2399998,3140065,,-15540945,,,0,9113271.72
TCBK,TriCo Bancshares,NASDAQ,common,Finance,1841277907.5630255,538656000,1.4433362461204802,121558000,133128999.99999999,,77057000,12238272
PRCH,"Porch Group, Inc.",NASDAQ,common,Finance,1834480583.2284265,482414000,10.178418081160585,-3361000,95586000,,405283000,29143606.56
TFIN,"Triumph Financial, Inc.",NYSE,common,Finance,1830321444.3149066,503989000,3.297390249251385,25359000,97176000,,113300000,10081632.399999999
HOPE,"Hope Bancorp, Inc.",NASDAQ,common,Finance,1826708233.0688202,967443000,-4.251958373127607,61588000,188350000,,639716000,11667741.8
EVTC,"Evertec, Inc.",NYSE,common,Commercial Services,1817074889.379532,931818000,10.210931937370932,141590000,208382000,,1324318000,17899751.74
CTS,CTS Corporation,NYSE,common,Electronic Technology,1816745186.1078887,542162000,5.37156672963749,65316999.99999999,91407000,,89888000,10872212.66
STBA,"S&T Bancorp, Inc.",NASDAQ,common,Finance,1815114879.58218,568213000,0.6041065791314109,134230000,144206000,,275281000,11135637.44
AIN,Albany International Corporation,NYSE,common,Process Industries,1813055988.8568707,1182813000,-3.884399263782743,-57342000,58477000,,450669000,17369842.560000002
DCOM,"Dime Commercial Bancshares, Inc.",NYSE,common,Finance,1806446280.4563124,728237000,12.85526992765976,108791000,197625000,,655812000,13695727.069999998
CNOB,"ConnectOne Bancorp, Inc.",NASDAQ,common,Finance,1805864293.091517,679933000,27.181327941311274,80267000,127697000,,950581000,13564026.68
NEXT,NextDecade Corporation,NASDAQ,common,Energy Minerals,1799413471.247407,0,,-306434000,-5727258000,,10537172000,13737482.719999999
PAX,Patria Investments Limited,NASDAQ,common,Finance,1793085616.9580357,389403000.004611,3.9816604894097813,85651000.0010141,,,595500000,13749313.819999998
TSLX,"Sixth Street Specialty Lending, Inc.",NYSE,common,Miscellaneous,1792451047.6332622,385307000,-15.335006240441576,170517000,168158000,,1924967000,5743437.600000001
AMPX,"Amprius Technologies, Inc.",NYSE,common,Producer Manufacturing,1788026868.2384107,73011000,202.11031571978316,-44024000,-58439000,,6377000,62778090.96
PRGS,Progress Software Corporation,NASDAQ,common,Technology Services,1787344131.2329085,977831000,29.787539039220395,73133000,299010000,,1326758000,13914048.08
CASH,"Pathward Financial, Inc.",NASDAQ,common,Finance,1783393127.9355278,836448000,2.174691105424207,185181000,479138000,,223773000,11602885.049999999
ZYME,Zymeworks Inc.,NASDAQ,common,Health Technology,1782725425.1607726,105965000.000113,38.87214300690362,-81130000.0000865,-120397900,,268638000,14051520.27
HUN,Huntsman Corporation,NYSE,common,Process Industries,1780092884.3055558,5683000000,-5.848243870112658,-275000000,-9000000,,2501000000,22424922.8
STRA,"Strategic Education, Inc.",NASDAQ,common,Consumer Services,1777048840.344586,1268220000,3.9584238439910484,126614000,168585000,,106713000,23704404.619999997
EZPW,"EZCORP, Inc.",NASDAQ,common,Finance,1776327971.517983,1274280000,9.700224345343758,109613000,142254000,,811856000,42688130.17
WMK,"Weis Markets, Inc.",NYSE,common,Retail Trade,1775177397.1256151,4957709000,3.46386378197436,93691000,39101000,,170388000,10690981.76
ASTH,Astrana Health Inc.,NASDAQ,common,Health Services,1774590571.075406,3181769000,56.38763553432226,22487000,94380000,,979411000,23105272.41
BY,"Byline Bancorp, Inc.",NYSE,common,Finance,1772663218.5636923,629239000,1.1179818795979959,130050999.99999999,163349000,,615737000,5905998.039999999
SNDX,"Syndax Pharmaceuticals, Inc.",NASDAQ,common,Health Technology,1768082434.5983243,172352000,627.8378378378378,-285422000,-220867000,,589382000,21175209
CPRI,Capri Holdings Limited,NYSE,common,Retail Trade,1767282639.6660244,3474000000.00102,-4.059652029894282,92000000.0000269,82983700,,1392000000,63612670.85
CBL,"CBL & Associates Properties, Inc.",NYSE,common,Finance,1766831509.1108773,578373000,12.18323340981958,135967000,305339000,,2034011000,9554600.1
RXRX,"Recursion Pharmaceuticals, Inc.",NASDAQ,common,Health Technology,1764331803.1134326,74681000,26.924318904128214,-644759000,-352270000,,66638000.00000001,33825901.410000004
PRGO,Perrigo Company plc,NYSE,common,Health Technology,1760981918.2879379,4253200000,-2.755104373871093,-1425400000,119300000,,3458700000,29973653.099999998
CYD,China Yuchai International Limited,NYSE,common,Producer Manufacturing,1760734787.5083406,3430750530.30018,29.04272037908362,74757443.5234424,,,210847112.921911,5893516.33
EFC,Ellington Financial Inc.,NYSE,common,Finance,1755446302.875,543905000,46.249549612532334,146869000,950307000,,18489560000,13386430.62
USAS,Americas Gold and Silver Corporation,AMEX,common,Non-Energy Minerals,1754057933.5516758,119460237.18208386,27.3509389696994,-88976788.89846739,-59340922.0992,,59046556.09951799,22020879.360000003
AEVA,"Aeva Technologies, Inc.",NASDAQ,common,Electronic Technology,1753796811.1720698,18079000,99.43739658025372,-145428000,-116967000,,102371000,35436199.44
FTRE,Fortrea Holdings Inc.,NASDAQ,common,Commercial Services,1743183013.1465163,2723400000,1.0013351134846462,-986200000,196000000,,1117500000,30514317.599999998
BFC,Bank First Corporation,NASDAQ,common,Finance,1739886020.1401896,240179000,7.442449293645042,71149000,-128723000.00000001,,104846000,11528291.399999999
GT,The Goodyear Tire & Rubber Company,NASDAQ,common,Consumer Durables,1738908449.5041053,18280000000,-3.167708443691069,-1721000000,192000000,,8213000000,55372642.24
XHR,"Xenia Hotels & Resorts, Inc.",NYSE,common,Finance,1734221649.865952,1078500000,3.7970370926435475,63065000,115514000,,1387353000,12133595.200000001
HLMN,Hillman Solutions Corp.,NASDAQ,common,Distribution Services,1733395977.6892345,1552224000,5.407393071414748,40305000,61076000,,801019000,9025322.13
FCEL,"FuelCell Energy, Inc.",NASDAQ,common,Electronic Technology,1732607433.8661458,158162000,41.04983412406806,-187899000,-119723000,,146982000,272279497.71000004
TRIN,Trinity Capital Inc.,NYSE,common,Miscellaneous,1731945500.5755906,232254000,1.6722554435854557,135604000,126641000,,1507049000,21926765.31
QCRH,"QCR Holdings, Inc.",NASDAQ,common,Finance,1731884984.6694143,603322000,0.682708337853015,127194000,506608000,,660315000,8509766.88
ATEX,Anterix Inc.,NASDAQ,common,Communications,1731464377.9212396,6501000,7.793069142762395,90635000,10629000,,4088000,78266011.2
TPB,"Turning Point Brands, Inc.",NYSE,common,Consumer Non-Durables,1730422458.0551772,463062000,28.392946265180502,58165000,19598000,,310669000,17151264.27
GLP,Global Partners LP,NYSE,common,Distribution Services,1726996659.8200362,18561421000,8.144315697565425,79218000,196221000,,2008015000,6399123.6
XNCR,"Xencor, Inc.",NASDAQ,common,Health Technology,1723511869.6877828,125576000,13.65063850198655,-91923000,-208285000,,170107000,45607299.04
SFL,SFL Corporation Ltd,NYSE,common,Transportation,1711038634.8675323,733041000,-18.94761633075484,-26431000,164793000,,2501927000,11207002.98
BLFS,"BioLife Solutions, Inc.",NASDAQ,common,Health Technology,1710267422.529868,96214000,28.89198494246252,-14919000,8106999.999999999,,15738000,12184492.19
ANIP,"ANI Pharmaceuticals, Inc.",NASDAQ,common,Health Technology,1708526795.3070574,883366000,43.782634738336135,71374000,172991000,,610493000,35038218.015
DXC,DXC Technology Company,NYSE,common,Technology Services,1706436437.9500463,12644000000,-1.7636547276823868,18000000,1252000000,,4174000000,25606795.2
IE,Ivanhoe Electric Inc.,AMEX,common,Non-Energy Minerals,1701232271.106115,3244000,11.82350913478111,-105874000,-146025000,,36649000,15062878.48
RBCAA,"Republic Bancorp, Inc.",NASDAQ,common,Finance,1697578695.5123649,521427000,3.1736012726855405,131317000,132350000,,255692000,17611481.16
CDNL,Cardinal Infrastructure Group Inc.,NASDAQ,common,Industrial Services,1695285286.1931014,456045369,44.69017195201601,22686057,,,227619159,65795856.39
PGY,Pagaya Technologies Ltd.,NASDAQ,common,Technology Services,1694378974.2212265,1261341000,25.562789308645662,81389000,251779000,,937447000,58201453.05
NTLA,"Intellia Therapeutics, Inc.",NASDAQ,common,Health Technology,1694131791.93594,67671000,16.922093404979528,-412694000,-348686000,,73410000,24681384.39
BRUN,Boost Run Inc.,NASDAQ,common,Technology Services,1694000911.8167653,0,,3438450,-912540,,0,73240745.49000001
OMCL,"Omnicell, Inc.",NASDAQ,common,Technology Services,1693680649.729517,1184845000,6.528009292975065,2052000,140168000,,199996000,27558999.900000002
RVLV,"Revolve Group, Inc.",NYSE,common,Retail Trade,1690411406.7498949,1225682000,8.475977311487364,61709000,25420000,,30868000,18337947
ANAB,"AnaptysBio, Inc.",NASDAQ,common,Health Technology,1687091184.886124,234603000,157.0146801051709,-13232000,4409000,,277355000,21750918.419999998
INSP,"Inspire Medical Systems, Inc.",NYSE,common,Health Technology,1684896720.2976494,911981000,13.599458896567532,145422000,117091000,,29093000,33302823.84
FUN,Six Flags Entertainment Corporation,NYSE,common,Consumer Services,1682080197.2620995,3100289000,14.44716466968828,-1599098000,150144000,,5157264000,36855619.440000005
JJSF,J & J Snack Foods Corp.,NASDAQ,common,Consumer Non-Durables,1674058979.0709848,1583233000,0.5383694606462592,65595000,92000000,,191906000,25493059.29
GLOB,Globant S.A.,NYSE,common,Technology Services,1672775902.1626477,2454877000,1.622228689206268,102918000,303003000,,462670000,74859006.56
BAND,Bandwidth Inc.,NASDAQ,common,Technology Services,1672435478.30124,753817000,0.7121032162215243,-12912000,67371000,,554421000,43061146.69
RLJ,RLJ Lodging Trust,NYSE,common,Finance,1669300105.9095106,1349860000,-1.4297815165323051,28509000,173518000,,2814416000,28322047.7
OBK,"Origin Bancorp, Inc.",NYSE,common,Finance,1667425098.4139533,592744000,-3.653014053555,75197000,175383000,,153472000,13302840.049999999
AVLN,Avalyn Pharma Inc.,NASDAQ,common,Health Technology,1657171069.279188,0,,-85204000,,,,14138424.3
BL,"BlackLine, Inc.",NASDAQ,common,Technology Services,1651920246.7745378,700427000,7.207776702952233,24518000,176576000,,690740000,36651625.64
WEN,Wendy's Company (The),NASDAQ,common,Consumer Services,1651201697.6052983,2176891000,-3.0982082286516044,165075000,264176000,,4072525000,388933416.8
WOLF,"Wolfspeed, Inc.",NYSE,common,Electronic Technology,1648035356.2295952,757600000,-6.144697720515362,-1609200000,-775000000,,1823100000,100364464.83
SVV,"Savers Value Village, Inc.",NYSE,common,Retail Trade,1647157203.9762712,1678954000,9.191950921458334,22639000,81809000,,1437268000,108901336.32000001
NLST,"Netlist, Inc.",OTC,common,Electronic Technology,1646095812.2913754,188630000,28.229879744124865,-24824000,-15583000,,4081000.0000000005,34505740.48
ARCO,Arcos Dorados Holdings Inc.,NYSE,common,Consumer Services,1645996478.1542351,4678259000.00004,4.655245156663184,212116000.000002,56537510,,2186012000.00002,13600829.600000001
LZB,La-Z-Boy Incorporated,NYSE,common,Consumer Durables,1642860219.932595,2126635000.0000002,0.8262821050755322,101985000,127016000,,564288000,11639524.56
PRG,"PROG Holdings, Inc.",NYSE,common,Finance,1642258248.9375303,2409223000,0.422745209519812,146788000,318738000,,887064000,25876855.06
KMTS,"Kestra Medical Technologies, Ltd.",NASDAQ,common,Health Technology,1640887413.1899643,95126000,59.033687202206806,-131612000,-117123000,,46791000,11371780
MLKN,"MillerKnoll, Inc.",NASDAQ,common,Producer Manufacturing,1637001347.1466384,3841700000,4.681326466661217,91500000,77600000,,1801500000,10430822.25
MQ,"Marqeta, Inc.",NASDAQ,common,Commercial Services,1632268978.5587666,624884000,23.252497559147525,-13925000,167196000,,15442000,21498299.2
TNDM,"Tandem Diabetes Care, Inc.",NASDAQ,common,Health Technology,1630924878,1015350000,7.992635632943099,-204710000,-26618000,,739253000,39836701.92
IDT,IDT Corporation,NYSE,common,Communications,1628145116.7276757,1231495000,2.1328138347191605,76094000,55332000,,1378000,11648487.87
IMKTA,"Ingles Markets, Incorporated",NASDAQ,common,Retail Trade,1626888652.2974286,5334032609,-5.418404032693162,83592501,149201960,,526580304.99999994,9857891.19
PWP,Perella Weinberg Partners,NASDAQ,common,Finance,1622160370.0168917,750903000,-14.47953906375457,35477000,88098000,,179279000,15478856.25
BCAX,Bicara Therapeutics Inc.,NASDAQ,common,Health Technology,1618286212.1578283,0,,-137950000,-135248000,,1163000,19957639.74
DCH,Dauch Corporation,NYSE,common,Producer Manufacturing,1610959253.9303339,5836700000,-4.705382945027674,-19700000,-13300000,,5198800000,23131366.68
DSGR,"Distribution Solutions Group, Inc.",NASDAQ,common,Distribution Services,1610151144.8437054,1980023000,9.751045394278822,8345000.000000001,13259000,,845473000,7030053.550000001
TRAX,"First Tracks Biotherapeutics, Inc.",NASDAQ,common,Health Technology,1609585654.1852407,,,,,,,18765591.740000002
ABSI,Absci Corporation,NASDAQ,common,Health Technology,1609303105.4197664,2800000,-38.244375827084255,-115183000,-108974000,,3829000,38359442
TH,Target Hospitality Corp.,NASDAQ,common,Consumer Services,1607922091.6389892,320635000,-16.99243020462265,-37121000,10871000,,48280000,16746331.38
ICFI,"ICF International, Inc.",NASDAQ,common,Commercial Services,1606517502.0649152,1872851000,-7.274826503982846,91588000,198546000,,564750000,30735525.06
CSWC,Capital Southwest Corporation,NASDAQ,common,Miscellaneous,1600357367.942515,245935000,55.921511443606164,111779000,111738000,,1226072000,17002985.4
NOMD,Nomad Foods Limited,NYSE,common,Consumer Non-Durables,1593619302.0052772,3422412635.1986303,2.0694038551929306,154276605.84720603,145511840,,2651557860.0103498,44767720.2
IIPR,"Innovative Industrial Properties, Inc.",NYSE,common,Finance,1591418336.0097086,265954999.99999997,-13.795674144374551,115260000,185970000,,609033000,12368357.04
AMBQ,"Ambiq Micro, Inc.",NYSE,common,Electronic Technology,1583699251.275846,72514000,-4.670882248544047,-36461000,-31490000,,4583000,28358164.450000003
CXM,"Sprinklr, Inc.",NYSE,common,Technology Services,1578758476.8442502,857200000,7.635165508529698,22905000,127017000,,43826000,14291179.22
RCAT,"Red Cat Holdings, Inc.",NASDAQ,common,Technology Services,1576012125.883677,40729000,459.8137078967971,-72075000,-157702720,,14873000,103048646.88000001
FBRX,"Forte Biosciences, Inc.",NASDAQ,common,Health Technology,1573221652.6416025,0,,-69375000,-59390000,,0,147726025.26
FLNG,FLEX LNG Ltd.,NYSE,common,Transportation,1566814993.4305317,347637000.00040305,-2.4447942889232026,74815000.0000868,111519590,,1820955000.02394,9187745.5
AMSC,American Superconductor Corporation,NASDAQ,common,Producer Manufacturing,1563712534.184874,299155000,34.25979947760055,133809000,20524000,,3897000,17132932.8
BBAI,"BigBear.ai, Inc.",NYSE,common,Technology Services,1563152056.294294,127672000,-19.315452867868245,-293914000,-72702000,,22750000,51478461.13999999
EYE,"National Vision Holdings, Inc.",NASDAQ,common,Retail Trade,1563076019.265639,1987488000,9.003795274554111,29600000,49078000,,697010000,121466723.7
KMPR,Kemper Corporation,NYSE,common,Finance,1562052802.697479,4800500000,3.3610369477219875,143300000,371200000,,944500000,25026553.42
ENR,"Energizer Holdings, Inc.",NYSE,common,Consumer Non-Durables,1559372482.596515,2952700000,2.275718739175615,239000000,149100000,,3431000000,23203586.34
UROY,Uranium Royalty Corp.,NASDAQ,common,Non-Energy Minerals,1558565374.6978414,186952000.000711,1570.4904927071057,40249000.0001531,29512480,,114000,11311708.91
SBH,"Sally Beauty Holdings, Inc. (Name to be changed from Sally Holdings, Inc.)",NYSE,common,Retail Trade,1551321385.0522566,3701424000,-0.419878123157972,195878000,241209000,,1515408000,27748453.400000002
XERS,"Xeris Biopharma Holdings, Inc.",NASDAQ,common,Health Technology,1547899515.990465,291845000,43.71645245481853,554000,55670000,,289442000,14677562.94
LKFN,Lakeland Financial Corporation,NASDAQ,common,Finance,1547400529.5344326,421706000,-1.9292933521239435,103361000,111658000,,77889000,8433069.75
AMPL,"Amplitude, Inc.",NASDAQ,common,Technology Services,1546455413.8423958,343214000,14.682963992622097,-88541000,29444000,,9707000,29524901.060000002
EOSE,"Eos Energy Enterprises, Inc.",NASDAQ,common,Producer Manufacturing,1544071198,114203000,631.7890554914777,-1740308000,-420757000,,640825000,84933280.16000001
ULCC,"Frontier Group Holdings, Inc.",NASDAQ,common,Transportation,1542445579.0166304,3724000000,-1.3509933774834437,-137000000,-126000000,,5242000000,16192493
AI,"C3.ai, Inc.",NYSE,common,Technology Services,1531648757.1928504,250268000,-35.67301365356144,-470369000,-192136000,,58681000,36560049.12
POET,POET Technologies Inc.,NASDAQ,common,Producer Manufacturing,1530873294.8370197,1074865.00000115,2494.600140005024,-62963213.0000671,-35154290,,7020600,89986176.61
SLVM,Sylvamo Corporation,NYSE,common,Process Industries,1527986117.9456606,3351000000,-11.184733633713225,132000000,-11000000,,1030000000,16909661.16
MAZE,"Maze Therapeutics, Inc.",NASDAQ,common,Health Technology,1523654995.0984988,0,-100,-131120000,-106840000,,60423000,12158954.860000001
FLO,"Flowers Foods, Inc.",NYSE,common,Consumer Non-Durables,1519991501.3589385,5256479000,2.9977934694454986,83825000,304535000,,2049503000.0000002,34451333.76
SAFT,"Safety Insurance Group, Inc.",NASDAQ,common,Finance,1519723595.2724457,1252368000,13.21751535264758,99255000,175719000,,59773000,16050154.879999999
PSNL,"Personalis, Inc.",NASDAQ,common,Health Services,1517626249.5955777,69648000,-17.687380338951,-81270000,-100975000,,37996000,22022743.26
AMAL,Amalgamated Financial Corp.,NASDAQ,common,Finance,1516535378.284343,454902000,4.757715743755786,104447000,,,78848000,7182509.92
VIR,"Vir Biotechnology, Inc.",NASDAQ,common,Health Technology,1516175031.9014556,68556000,-7.6126945623610265,-437987000,-203593000,,93274000,8818539.520000001
TYRA,"Tyra Biosciences, Inc.",NASDAQ,common,Health Technology,1509826526.5369341,0,,-119947000,-109901000,,5582000,12102179.1
INVA,"Innoviva, Inc.",NASDAQ,common,Health Technology,1503428510.005301,425128000,14.124952014839831,271165000,189442000,,269657000,12400033.889999999
APPS,"Digital Turbine, Inc.",NASDAQ,common,Technology Services,1501811665.3550613,565251000,15.238345708309378,-37732000,30492000,,356090000,51679360.12
ARLO,"Arlo Technologies, Inc.",NYSE,common,Electronic Technology,1499053280.348269,529297000,3.603739386086133,14926000,66870999.99999999,,7729000,25889378.62
CNXC,Concentrix Corporation,NASDAQ,common,Technology Services,1495559851.5216036,9825771000,2.150672114275021,-1283027000,513532000.00000006,,5504261000,22474027.830000002
RYZ,Ryerson Holding Corporation,NYSE,common,Non-Energy Minerals,1495200180.3451262,4571300000,-0.5958205579837781,-56400000,-115500000,,1328800000,15157027.43
KOS,Kosmos Energy Ltd.,NYSE,common,Energy Minerals,1494673867.175781,1297846000,-22.756825345433423,-699786000,-15821000,,2756290000,18573467.88
MRVI,"Maravai LifeSciences Holdings, Inc.",NASDAQ,common,Health Technology,1492339048.5955253,185743000,-28.335744738314332,-130773000,-35108000,,176696000,10053298.5
BHRB,Burke & Herbert Financial Services Corp.,NASDAQ,common,Finance,1491216161.363896,491103000,22.065633178981276,117306000,86494000,,711014000,6907657.57
HLX,"Helix Energy Solutions Group, Inc.",NYSE,common,Industrial Services,1490036470.7811577,1291474000,-4.938022612177599,30805000,221570000,,610398000,14394021.51
GIC,Global Industrial Company,NYSE,common,Retail Trade,1487368500.2813215,1379100000,4.802796565088532,71300000,87300000,,98900000,6786458.34
ATEC,"Alphatec Holdings, Inc.",NASDAQ,common,Health Technology,1487363885.3948777,764155000,24.9513540736671,-143358000,2307000,,604024000,18759201.48
BJRI,"BJ's Restaurants, Inc.",NASDAQ,common,Consumer Services,1482781433.4532802,1399126000,3.0814070855270237,48808000,45987000,,434664000,31501054.400000002
CNMD,CONMED Corporation,NYSE,common,Health Technology,1481987814.07261,1374495000,5.508816101571315,47055000,134464000,,834249000,19608379.72
GSL,Global Ship Lease Inc New,NYSE,common,Transportation,1481268313.4693477,766451000,7.790677233125426,416455000,290820000,,671764000,13660585.040000001
WWW,"Wolverine World Wide, Inc.",NYSE,common,Consumer Non-Durables,1480731155.907692,1874300000,6.797720797720798,93100000,128100000,,785100000,21645867.18
PEBO,Peoples Bancorp Inc.,NASDAQ,common,Finance,1480104604.0214949,618401000,-0.27270147010443613,105800000,149044000,,743889000,10308424.68
ATLC,Atlanticus Holdings Corporation,NASDAQ,common,Finance,1477106621.929198,1968399000,50.09401850174312,122204000,936455000,,6294567000,14116507.860000001
SCL,Stepan Company,NYSE,common,Process Industries,1476251101.6777864,2332114000,6.964262289969058,46895000,36583000,,707349000,5636077.66
JBIO,"Jade Biosciences, Inc.",NASDAQ,common,Health Technology,1476095340.3794184,0,,-127410000,-123570000,,628000,16568945.91
HROW,"Harrow, Inc.",NASDAQ,common,Health Technology,1475521715.0928462,272303000,36.41478052641599,-5139000,5016000,,300744000,31685311.68
COUR,"Coursera, Inc.",NYSE,common,Commercial Services,1475351980.386643,757500000,9.04395443042348,-51000000,10600000,,0,22095756.54
AZTA,"Azenta, Inc.",NASDAQ,common,Health Services,1468895470.24109,593821000,3.5527196886204155,-55763000,9881000,,53967000,17649253.16
AESI,Atlas Energy Solutions Inc.,NYSE,common,Industrial Services,1467540518.6794658,1095310000,3.726761601087911,-50304000,-184122000,,1049262000,25746125.240000002
MLTX,MoonLake Immunotherapeutics,NASDAQ,common,Health Technology,1466388272.750452,0,,-227318000,-225181000,,101532000,50201310.77
AVBP,"ArriVent BioPharma, Inc.",NASDAQ,common,Health Technology,1465247214.9155781,0,,-166308000,-134472000,,419000,9257136.46
AMRC,"Ameresco, Inc.",NYSE,common,Industrial Services,1465158071.0038626,1932126000,9.164101590573177,44176000,-464734000,,2021320000,14016823.92
OMDA,"Omada Health, Inc.",NASDAQ,common,Technology Services,1459406177.6459806,260209999.99999997,53.24499411071848,-12778000,22725000,,0,37011194.72
ROCK,"Gibraltar Industries, Inc.",NASDAQ,common,Producer Manufacturing,1457478981.9328911,1135501000,10.958226780631234,-44388000,42678000,,1369278000,25303439.5
BW,"Babcock & Wilcox Enterprises, Inc.",NYSE,common,Electronic Technology,1455388544.3471165,587676000,1.1422641165222989,-75023000,-58169000,,322288000,97237693.36999999
WD,"Walker & Dunlop, Inc",NYSE,common,Finance,1452322229.4262488,1270510000,10.448300952516734,54892000,-131241999.99999999,,2379323000,18052619.25
YSS,York Space Systems Inc.,NYSE,common,Electronic Technology,1450634254.3245282,386203000,52.32969538241872,-84537000,,,178376000,44145427.199999996
AGL,"agilon health, inc.",NYSE,common,Health Services,1448409779.6923258,5932576000,-2.11126749640708,-405347000,-86563000,,33445999.999999996,31656729.92
CDRE,"Cadre Holdings, Inc.",NYSE,common,Electronic Technology,1443915254.1363103,610308000,7.5317014382595,44139000,78122000,,399831000,8683473.24
INBX,"Inhibrx Biosciences, Inc.",NASDAQ,common,Health Technology,1443057762.668976,1300000,550,-140055000,-131935000,,180898000,15595764.88
TMP,Tompkins Financial Corporation,AMEX,common,Finance,1442893007.8353176,392658000,-9.887915840493502,161071000,46783000,,728068000,11924135.52
PCT,"PureCycle Technologies, Inc.",NASDAQ,common,Industrial Services,1440487546.2784312,8355000,,-182565000,-212248000,,813202000,29535459.87
REX,REX American Resources Corporation,NYSE,common,Process Industries,1439707578.8629758,650741000,1.3509493557525927,82951000,46038000,,19541000,5955225.24
ADNT,Adient plc,NYSE,common,Producer Manufacturing,1435544817.9216301,14535000000,-1.0416666666666665,-281000000,295000000,,2649000000,13491344.440000001
CRI,"Carter's, Inc.",NYSE,common,Retail Trade,1433938964.829391,2898426000,1.9100580780858072,89490000,293014000,,1184760000,29958473.16
PFBC,Preferred Bank,NASDAQ,common,Finance,1428335470.8579993,499036000,-4.110278675011097,133632000,165094000,,382120000,5787895.5
HCSG,"Healthcare Services Group, Inc.",NASDAQ,common,Commercial Services,1427549742.1374047,1837173000,7.081207356608042,59059000,148536000,,17729000,18029128
ORIC,"Oric Pharmaceuticals, Inc.",NASDAQ,common,Health Technology,1425223980.061908,0,,-129467999.99999999,-114992000,,3325000,15772858.75
ENOV,Enovis Corporation,NYSE,common,Health Technology,1423859750.2536585,2248049000,6.662766538417923,-1182531000,63659000,,1369048000,28228817.700000003
PUMP,ProPetro Holding Corp.,NYSE,common,Industrial Services,1423529111.4283261,1269158000,-12.12557623628561,824000,-23893000,,857891000,18580299.88
CTBI,"Community Trust Bancorp, Inc.",NASDAQ,common,Finance,1422732371.5817645,407788000,8.910171836357518,98058000,130308000,,377542000,8359435.88
DMC,Del Monte Corporation,NYSE,common,Process Industries,1419572597.5821917,4335300000,1.3844390916956928,90700000,129600000,,595100000,10000885.95
UTI,Universal Technical Institute Inc,NYSE,common,Commercial Services,1412641687.442919,835616000,14.048154259595162,63018000,-22873000,,359471000,45771066.52
GIII,"G-III Apparel Group, LTD.",NASDAQ,common,Consumer Non-Durables,1411696652.9879801,2957012000,-7.0354716240840345,67353000,167774000,,293565000,16299804.780000001
TRS,TriMas Corporation,NASDAQ,common,Process Industries,1407690730.0153441,645720000,2.3652504755865564,120140000,-11390000,,437770000,15351119.64
GBX,"Greenbrier Companies, Inc. (The)",NYSE,common,Producer Manufacturing,1407136943.7502708,3233200000,-8.658925897674944,204100000,-118600000,,1879400000,18505721.04
SHLS,"Shoals Technologies Group, Inc.",NASDAQ,common,Electronic Technology,1403621570.1030927,475331000,19.068505641169516,33574000,-51586000,,233811000,37300358.1
WLTH,Wealthfront Corporation,NASDAQ,common,Technology Services,1399514699.7229164,364993000,18.174636322723316,-42066000,,,9386000,7130410.709999999
PICS,PicS N.V.,NASDAQ,common,Commercial Services,1398249520.5018282,1862123037.28795,77.41396311502703,195370951.976345,2589501390,,6373723034.4986105,10702514.68
CRSR,"Corsair Gaming, Inc.",NASDAQ,common,Technology Services,1397646363.6819954,1472480000,11.858362979050865,-12465000,89715000,,184869000,22954641
RES,"RPC, Inc.",NYSE,common,Industrial Services,1396439164.691943,1626566000,14.951742015365383,30927000,39074000,,51879000,8703443.7
AORT,"Artivion, Inc.",NYSE,common,Health Technology,1396378161.1778796,441330000,13.58763772819577,9757000,-9157000,,407967000,21735927.04
SDGR,"Schrodinger, Inc.",NASDAQ,common,Technology Services,1392047112.4938338,255869000,23.28718939572803,-103265000,-130270999.99999999,,107982000,27512113.32
UMH,"UMH Properties, Inc.",NYSE,common,Finance,1390931431.069436,261754000.00000003,8.813894708836354,26499000,90410000,,791886000,16636569.75
ALX,"Alexander's, Inc.",NYSE,common,Finance,1389591479.9498653,213183000,-5.827082615494712,28224000,27162000,,834572000,5585258.239999999
NSSC,"NAPCO Security Technologies, Inc.",NASDAQ,common,Commercial Services,1388721606.29437,181621000,-3.812625781167249,43406000,56366000,,5217000,8800051.389999999
AAT,"American Assets Trust, Inc.",NYSE,common,Finance,1385279024.903226,480680000,4.985432037286995,56500000,88654000,,1717107000,6366612.4799999995
AIP,"Arteris, Inc.",NASDAQ,common,Electronic Technology,1385106312.4837887,70579000,22.269766474949762,-34746000,6766000,,8686000,16413638.26
XZO,"Exzeo Group, Inc.",NYSE,common,Technology Services,1382818873.8719516,216980000,61.98823424015287,78998000,,,6622000,6029341.85
YSWY,"Yesway, Inc.",NASDAQ,common,Retail Trade,1382701103.0333493,0,,-79453,,,0,7247509.319999999
WABC,Westamerica Bancorporation,NASDAQ,common,Finance,1376269143.4185925,271770000,-12.661608322165769,116173000,108359000,,154010000,8311989
PAHC,Phibro Animal Health Corporation,NASDAQ,common,Health Technology,1371087464.988263,1296215000,27.369730533891335,48264000,12771000,,787444000,6105327.8
TE,T1 Energy Inc.,NYSE,common,Producer Manufacturing,1368429622.61426,755295000.008943,25572.84160435082,-367834000.004355,-189140000,,756108000,210455044.10000002
RMIX,"Suncrete, Inc.",NASDAQ,common,Non-Energy Minerals,1368307611.9891472,0,,-1469806,-686710,,0,6411519.66
ARHS,"Arhaus, Inc.",NASDAQ,common,Consumer Durables,1367904227.6473575,1379222000,8.505578208600848,67256000,40618000,,609236000,11209160.15
UFCS,"United Fire Group, Inc",NASDAQ,common,Finance,1367529310.9859157,1386412000,10.620391189382323,118191000,268441000,,146350000,6033944
NAT,Nordic American Tankers Limited,NYSE,common,Transportation,1363674241.841167,291690000,-16.5985211956242,12271000,-70527000,,415394000,15152759.72
VTOL,"Bristow Group, Inc.",NYSE,common,Transportation,1361457015.233918,1490512000,5.299998375122131,129074000.00000001,-34462000,,969747000,9337798.65
GLUE,"Monte Rosa Therapeutics, Inc.",NASDAQ,common,Health Technology,1360748754.28934,123672000,63.53971066620825,-38626000,-32078000.000000004,,37987000,12455801.6
REAL,"The RealReal, Inc.",NASDAQ,common,Retail Trade,1359066429.3322034,692845000,15.381092585314512,-41799000,21427000,,463308000,27763537.65
PURR,Hyperliquid Strategies Inc,NASDAQ,common,Finance,1353804944.178082,,,,,,0,36395527.5
XPEL,"XPEL, Inc.",NASDAQ,common,Consumer Durables,1352069399.8864775,476200000,13.273073263558516,51226000,-2893000,,63550000,10158292.72
IART,Integra LifeSciences Holdings Corporation,NASDAQ,common,Health Technology,1351686232.1047785,1635245000,1.5347771257482798,-516474000.00000006,25802000,,2048879000,8150924.539999999
LQDT,"Liquidity Services, Inc.",NASDAQ,common,Retail Trade,1350705984.8695548,476669000,31.198839584055843,28093000,89987000,,13843000,9762604.379999999
UMAC,"Unusual Machines, Inc.",AMEX,common,Electronic Technology,1350324289.7142856,11199217,101.23225640794355,-19193617,-61376080,,3156014,117749302.35000001
FTK,"Flotek Industries, Inc.",NYSE,common,Industrial Services,1346313315.5007727,237262000,26.86111482422136,30528000,-4112000,,56507000,13324106.88
SBET,"Sharplink, Inc.",NASDAQ,common,Commercial Services,1342441865.8555377,28055000.0000621,666.0384086827631,-734587000.0016251,-34719420,,202000,33818671.86
EFOR,"Everforth, Inc.",NYSE,common,Technology Services,1341520074.7487051,3980400000,-2.90996902212357,113500000,221100000,,1506600000,40583990.24
AGRO,Adecoagro S.A.,NYSE,common,Process Industries,1340625679.6854408,1374534000.00001,-5.2964468271132406,-8348000.00000006,16140390,,2205968000.00001,8937295.86
PNTG,"The Pennant Group, Inc.",NASDAQ,common,Health Services,1340577770.0471573,947705000,36.313359415453654,29578000,26070000,,495553000,11551497.260000002
TRUP,"Trupanion, Inc.",NASDAQ,common,Finance,1330217490.3808587,1439305000,11.948581455474285,19433000,82180000,,106909000,17425389.12
GHM,Graham Corporation,NYSE,common,Producer Manufacturing,1327575816.0667524,245293000,16.86406601364485,12500000,-6117000,,6792000,14735405.25
NBR,Nabors Industries Ltd.,NYSE,common,Industrial Services,1327563924.9472609,3184693000,8.687919905150837,248339000,39653000,,2128532000.0000002,19147900.2
AKTS,"Aktis Oncology, Inc.",NASDAQ,common,Health Technology,1326658735.5672185,6497000,336.9199731002018,-63731000,,,11577000,5131032
HBT,"HBT Financial, Inc.",NASDAQ,common,Finance,1325890163.8723404,293798000,2.289874347627785,77008000,73860000,,149328000,5900285.34
LGIH,"LGI Homes, Inc.",NASDAQ,common,Consumer Durables,1322826656.5207613,1705504000,-22.56853043542217,72552000,131007000,,1585511000,8858362.7
ORC,"Orchid Island Capital, Inc.",NYSE,common,Finance,1321374803.2298324,407680000,72.03502479164469,159030000,206449000,,11582951000,25437052.1
EPC,Edgewell Personal Care Company,NYSE,common,Consumer Non-Durables,1320908273.6973088,2223500000,-1.3400186360207658,25400000,52400000,,1279200000,15409192.3
ACVA,ACV Auctions Inc.,NYSE,common,Technology Services,1317709992.352617,759606000,19.21821343595603,-66141000.00000001,29114000,,205000000,68731111.52
SGML,Sigma Lithium Corporation,NASDAQ,common,Non-Energy Minerals,1316783206.560872,111937818.77156329,-22.83252577976696,-51063515.2078948,-8324532.8424,,137323148.743638,19338347.400000002
NVAX,"Novavax, Inc.",NASDAQ,common,Health Technology,1312967935.2050312,1123479000,64.6938703709676,440302000,-42852000,,297319000,20156964.72
CBRL,"Cracker Barrel Old Country Store, Inc.",NASDAQ,common,Consumer Services,1312924815.124755,3483684000,0.3723101728093139,46379000,59181000,,1094682000,46382807.46
OSBC,"Old Second Bancorp, Inc.",NASDAQ,common,Finance,1312593444.2121809,401744000,17.4302058091917,80310000,142162000,,468663000,8365727.4
DFH,"Dream Finders Homes, Inc.",NYSE,common,Consumer Durables,1305516656.4031117,4322848000,-2.8541173953650594,217197000,-161750000,,1817113000,8564899.22
BKSY,BlackSky Technology Inc.,NYSE,common,Technology Services,1304274835.6865175,106575000,4.390114895242573,-70260000,-112997000,,221331000,42359213.75
HLIT,Harmonic Inc.,NASDAQ,common,Electronic Technology,1301957223.4061139,360523000,-26.152601392871773,-43310000,45444000,,131056999.99999999,35706924
LBRX,LB Pharmaceuticals Inc,NASDAQ,common,Health Technology,1301346561.7035077,0,,-25205000,-82830000,,5217000,16154826.200000001
JCAP,"Jefferson Capital, Inc.",NASDAQ,common,Finance,1300046427.4952562,613289000,41.52572685252492,187965000,307368000,,1437212000,5715842.300000001
GOLD,"Gold.com, Inc.",NYSE,common,Finance,1295915369.0598528,10978614000,13.192801884805288,17320000,93979000,,1654208000,15819043.36
TTI,"Tetra Technologies, Inc.",NYSE,common,Process Industries,1294156090.6598642,630932000,5.311369679408323,3005000,-15089000,,223835000,14028678.88
WLDN,"Willdan Group, Inc.",NASDAQ,common,Commercial Services,1293661470.057885,681552000,20.45853820621494,52557000,62334000,,89191000,14553604.8
LEG,"Leggett & Platt, Incorporated",NYSE,common,Consumer Durables,1286668386.9192028,4058100000,-7.459180881145672,235400000,156900000,,1647100000,14034933.36
MSDL,Morgan Stanley Direct Lending Fund,NYSE,common,Finance,1283444245.525733,386993000,-2.5594347841413243,122094000,139009000,,1981897000,5613268.92
SECZ,Securitize Corp.,NYSE,common,Finance,1283268269.050068,0,,17516,96810,,604841,20471236.380000003
YELP,Yelp Inc.,NYSE,common,Technology Services,1282792063.710292,1464955000,3.745651755161239,145600000,296775000,,123303000,35092303.44
FMC,FMC Corporation,NYSE,common,Process Industries,1282322793.9903936,3467400000,-18.339181837450845,-2240000000,84800000,,4402700000,30094325.76
REPL,"Replimune Group, Inc.",NASDAQ,common,Health Technology,1280557266.0483515,0,,-313940000,-284567000,,111586000,126043014.36
SENEA,Seneca Foods Corp.,NASDAQ,common,Consumer Non-Durables,1276360446.9275568,1659675000,5.116768964466742,114558000,229660000,,240246000,27314780.22
SPTX,"Seaport Therapeutics, Inc.",NASDAQ,common,Health Technology,1274027168.4503427,0,,-74881000,,,5016000,5861535.4
THRM,Gentherm Inc,NASDAQ,common,Producer Manufacturing,1271502651,1498602000,2.917196612376418,18285000,41214000,,325080000,9752220.639999999
PRSU,"Pursuit Attractions and Hospitality, Inc.",NYSE,common,Consumer Services,1269964355.7967496,452417000,23.446606710178777,22668000,-5437000,,243312000,8959290.36
CRVS,"Corvus Pharmaceuticals, Inc.",NASDAQ,common,Health Technology,1266020239.772573,0,,-15283000,-45227000,,728000,15427709.850000001
FRNM,"Freenome, Inc.",NASDAQ,common,Health Technology,1265915406.525,0,,837468,-907040,,0,16257780.000000002
STAA,STAAR Surgical Company,NASDAQ,common,Health Technology,1265125759.5288692,239442000,-23.720536092589704,-80448000,-54986000,,37291000,34005974.31
BORR,Borr Drilling Limited,NYSE,common,Industrial Services,1264651383.0352113,1020800000.00038,1.0093014050515352,45000000.0000169,-146663370,,2485300000,56024240.220000006
NVGS,Navigator Holdings Ltd.,NYSE,common,Transportation,1263068928.244633,586961000.000681,3.5790985723714046,100122000.000116,149356720,,926056000.002838,11580143.9
BRBR,"BellRing Brands, Inc.",NYSE,common,Health Technology,1261618471.8787878,2316600000,16.05049594229035,216200000,225000000,,1135300000,34187829.199999996
CGEM,"Cullinan Therapeutics, Inc.",NASDAQ,common,Health Technology,1261352030.1375446,0,,-219879000,,,2071000.0000000002,13123199.600000001
AMN,AMN Healthcare Services Inc,NYSE,common,Commercial Services,1256400960.937481,2730429000,-8.490971689946413,-95702000,439126000,,775810000,30717435.999999996
TRIP,"TripAdvisor, Inc.",NASDAQ,common,Consumer Services,1255204918.6849318,1891000000,3.0517711171662123,40000000,142000000,,893900000,32713373.700000003
DRTS,Alpha Tau Medical Ltd.,NASDAQ,common,Health Technology,1252819917.110021,0,,-42627000,,,15152000,6942004.35
LADR,Ladder Capital Corp,NYSE,common,Finance,1250891897.7580643,392300000,-23.261700487854498,64182000,95421000,,4018183000,12258425.28
WINA,Winmark Corporation,NASDAQ,common,Retail Trade,1241417742.113718,86055700,5.863762792305487,41654100,43239300,,62725000,26450421.83
MNKD,MannKind Corporation,NASDAQ,common,Health Technology,1237931355.1171875,348966000,22.22805985205111,5863000,-18298000,,436354000,11765588.450000001
LWLG,"Lightwave Logic, Inc.",NASDAQ,common,Process Industries,1234177749.6309526,236855,147.74331886407614,-20313797,-15248930,,2552209,28939208.849999998
MYE,"Myers Industries, Inc.",NYSE,common,Producer Manufacturing,1233872606.9888475,825742000,-1.2602223415335276,34928000,91821000,,338909000,6648723.999999999
CCO,"Clear Channel Outdoor Holdings, Inc.",NYSE,common,Commercial Services,1226916202,1604140000,6.571088803704416,-104646000,84252000,,6469543000,5576985.82
DOLE,Dole plc,NYSE,common,Distribution Services,1226075244.030864,9172907000,8.230510552788235,66019000.00000001,79261000,,1448294000,15791987.200000001
BH,Biglari Holdings Inc.,NYSE,common,Consumer Services,1225195416.1861875,395261000,9.153747162495788,-37488000,49941000,,358448000,63122055.839999996
HLF,Herbalife Ltd.,NYSE,common,Consumer Non-Durables,1225151521.9582624,5037500000,0.8892271334441528,228300000,322300000,,2203800000,18093828.759999998
GDRX,"GoodRx Holdings, Inc.",NASDAQ,common,Health Services,1224711944.4315789,796853000,0.5716095940549573,30439000,197094000,,538950000,5746649.42
USPH,"U.S. Physical Therapy, Inc.",NYSE,common,Health Services,1222915075.3520267,780990000,16.332139213072267,21572000,65154000,,385789000,10447067.950000001
CERT,"Certara, Inc.",NASDAQ,common,Technology Services,1221835708.195572,418838000,8.747286757298493,-1595000,80387000,,301945000,26759503.62
MRTN,"Marten Transport, Ltd.",NASDAQ,common,Transportation,1221658670.114404,883652000,-8.307080567972871,17444000,1085000,,119000,9874467.68
TDOC,"Teladoc Health, Inc.",NYSE,common,Health Services,1219099771.0469897,2529977000,-1.5409947329790852,-200322000,249589000,,1036205999.9999999,27426782.79
HFWA,Heritage Financial Corporation,NASDAQ,common,Finance,1218874497.2935996,335968000,5.921780664281098,67532000,80427000,,188747000,8088193.529999999
OPY,"Oppenheimer Holdings, Inc.",NYSE,common,Finance,1217943562.0748565,1638243000,14.608771937188598,148403000,93698000,,1481382000,13198902.030000001
PRCT,PROCEPT BioRobotics Corporation,NASDAQ,common,Health Technology,1217065216.1424203,308054000,37.21903981327228,-95572000,-84925000,,77500000,24571141.25
VOR,Vor Biopharma Inc.,NASDAQ,common,Health Technology,1210512539.1233573,0,,-695981000,-140813000,,2877000,22116398.94
WLFC,Willis Lease Finance Corporation,NASDAQ,common,Finance,1206060127.7381818,675838000,28.937347374847388,113479000,-519578000,,2320904000,26021248.72
BLZE,"Backblaze, Inc.",NASDAQ,common,Electronic Technology,1197145971.0571885,145835000,14.26567837778544,-25612000,23817000,,82437000,41338128.28
QNST,"QuinStreet, Inc.",NASDAQ,common,Commercial Services,1194289214.4473686,1293712000,18.286457757122314,81235000,127529000,,74905000,24181784.55
ODC,Oil-Dri Corporation Of America,NYSE,common,Process Industries,1190287597.3911254,485572000,10.965819368491294,51416000,49406000,,54329000,12033649.62
NPKI,NPK International Inc.,NYSE,common,Producer Manufacturing,1189587580.6483755,277043000,27.382534289090483,35945000,28363000,,19196000,6657608.04
PDM,"Piedmont Realty Trust, Inc.",NYSE,common,Finance,1188761911.9251337,527741999.99999994,1.1635663788740704,-83620000,31687000,,2250937000,11966399.5
UVSP,Univest Financial Corporation,NASDAQ,common,Finance,1184042288.541325,517142000.00000006,3.446606602762098,90757000,97812000,,269683000,8609439.78
RXT,"Rackspace Technology, Inc.",NASDAQ,common,Technology Services,1182609991.4666667,2685700000,-1.877899967118483,-225800000,41000000,,3308400000,45960953.919999994
NUTX,Nutex Health Inc.,NASDAQ,common,Health Services,1180932982.339141,875257000,82.36472401828885,70789000,274169000,,347336000,30050964.549999997
TNC,Tennant Company,NYSE,common,Producer Manufacturing,1180664230.7034078,1202500000,-6.463907902924704,43800000,-3100000,,391300000,23012467.5
LNN,Lindsay Corporation,NYSE,common,Producer Manufacturing,1176641688.230368,676368000,11.414423941727039,74052000,44903000,,137832000,16958110.47
UVE,UNIVERSAL INSURANCE HOLDINGS INC,NYSE,common,Finance,1175554178.4162204,1603915000,5.4835268615803905,182951000,339684000,,97852000,6147060.48
MUX,McEwen Inc.,NYSE,common,Non-Energy Minerals,1175016506.6431556,197553000,13.225811998143023,34434000,6338000,,128398000,17979341.349999998
MCB,Metropolitan Bank Holding Corp.,NYSE,common,Finance,1172705846.7136247,527149000,7.0988281376978835,71098000,99669000,,36558000,7898359.59
DFIN,"Donnelley Financial Solutions, Inc.",NYSE,common,Technology Services,1171493458.8905387,767000000,-1.9056145287121116,32400000,152300000,,211700000,7526889.3
BVS,Bioventus Inc.,NASDAQ,common,Health Technology,1170138468.002888,568087000,-0.9058400781468045,22732000,93589000,,263749000.00000003,7466134.994999999
SVRA,"Savara, Inc.",NASDAQ,common,Health Technology,1168085164.8473966,0,,-118837000,-110660000,,30407000,6697899
EYPT,"EyePoint, Inc.",NASDAQ,common,Health Technology,1166450311.2229884,31371000,-27.504448501374988,-231962000,-271279000,,22367000,30575188.709999997
DEA,"Easterly Government Properties, Inc.",NYSE,common,Finance,1164111781.2749999,336099000,11.27190020261412,12320000,268812000,,1724470000,12010113.600000001
FSBC,Five Star Bancorp,NASDAQ,common,Finance,1158373476.6280904,255468000,19.710970740942063,61606000,80494000,,85376000,5911494.57
TEN,Tsakos Energy Navigation Ltd,NYSE,common,Transportation,1157657097.5158255,798689000,-0.6681085141550205,159302000,,,2136109000,7808302.54
HZO,"MarineMax, Inc. (FL)",NYSE,common,Retail Trade,1151382059.877621,2309288000,-5.006976529900354,-31631000,175278000,,1109810000,38718879.81
NBN,Northeast Bank,NASDAQ,common,Finance,1149070502.9509804,383420000,9.27569440881912,107476000,,,857744000,11985958.71
AMTB,Amerant Bancorp Inc.,NYSE,common,Finance,1148262794.1135972,654020000,13.10274222528893,52417000,104488000,,911976000,21148388.400000002
ESQ,"Esquire Financial Holdings, Inc.",NASDAQ,common,Finance,1148050772.9190867,164497000,18.969682066711023,50822000,66382999.99999999,,2171000,21376279.755
LAC,Lithium Americas Corp.,NYSE,common,Non-Energy Minerals,1144463645.420354,0,,-124224198.09065643,-990777800.7,,877774366.5029819,24647481.02
ETON,"Eton Pharmaceuticals, Inc.",NASDAQ,common,Health Technology,1138974178.49893,79950000,104.94219579093075,-4601000,15431000,,31262000,19233036.9
ANRO,"Alto Neuroscience, Inc.",NYSE,common,Health Technology,1134237616.0076442,0,,-63238000,-62860000,,23215000,8113849.16
SANA,"Sana Biotechnology, Inc.",NASDAQ,common,Health Technology,1128589549.5356197,0,,-244166000,-135062000,,73739000,6857392.49
LMRI,"Lumexa Imaging Holdings, Inc.",NASDAQ,common,Health Services,1127026998.3113208,1023081000,7.821100699885863,-47104000,,,967450000,8779893.27
UVV,Universal Corporation,NYSE,common,Distribution Services,1125695468.1088274,2924470000,-0.7740686001077602,32637000,164382000,,1217209000,23555766.3
AVO,"Mission Produce, Inc.",NASDAQ,common,Process Industries,1125194235.2108526,1391200000,12.675143759617722,37700000,34300000,,217700000,9496739.98
VYX,NCR Voyix Corporation,NYSE,common,Technology Services,1123888892.9714284,2687000000,-4.648687012065294,62000000,-94000000,,1312000000,15681514.64
GTM,ZoomInfo Technologies Inc.,NASDAQ,common,Technology Services,1123684757.995098,1249500000,2.898789426006753,124200000,358100000,,1518400000,27727588.18
OCSL,Oaktree Specialty Lending Corporation,NASDAQ,common,Miscellaneous,1122209632.0109289,299704000,22.174074330742044,33920000,112737000,,1438842000,5523834.68
CMP,Compass Minerals Intl Inc,NYSE,common,Process Industries,1117950631.6645663,1243900000,11.320923572579202,-79800000,77900000,,774600000,15193560.09
IRMD,iRadimed Corporation,NASDAQ,common,Health Technology,1117583054.1421185,83814000,14.43415190010677,22480000,25118860,,0,19213142
CFFN,"Capitol Federal Financial, Inc.",NASDAQ,common,Finance,1116200782.0385926,420244000,6.274656578122155,67943000,71530000,,1636246000,6063166.32
LAR,Lithium Argentina AG,NYSE,common,Non-Energy Minerals,1115478020.614054,0,,-76769775.01086856,-19304728.959999997,,248357612.79999998,19866710.849999998
UPBD,"Upbound Group, Inc.",NASDAQ,common,Finance,1110020749.453403,4695061000,8.667780410150156,73242000,384481000,,1708210000,15368783.36
VRTS,"Virtus Investment Partners, Inc.",NYSE,common,Finance,1109631671.5118163,830585000,-7.342456462104656,138396000,223816000,,512744000,25420183.35
APMD,"Apnimed, Inc.",NASDAQ,common,Health Technology,1109049780.4491353,38467000,380.11732401397904,-128191000,,,39347000,7296253.64
BOW,Bowhead Specialty Holdings Inc.,NYSE,common,Finance,1106555564.6955483,549547000,29.10468448996852,53786000,324826000,,146573000,8536932.090000002
RDVT,"Red Violet, Inc.",NASDAQ,common,Technology Services,1105155131.0203595,90252000,20.03351554083709,13154000,33604000,,2647000,30630001.37
WYFI,"WhiteFiber, Inc.",NASDAQ,common,Technology Services,1103594257.265896,617495.5977645509,78.83687613556975,-192528.29618924798,-2735090,,2021423.7335797201,78189621.28
GNK,Genco Shipping & Trading Limited,NYSE,common,Transportation,1100997613.075243,342054000,-19.139228776216502,-4366000,-156689000,,325201000,7028190.840000001
SVC,Service Properties Trust,NASDAQ,common,Finance,1098240498.4600246,1812980000,-4.534075865969208,-202321000,-70248000,,4579037000,13493978.08
NWPX,"NWPX Infrastructure, Inc.",NASDAQ,common,Non-Energy Minerals,1095460801.665623,526172000,6.87753522657334,35411000,79651000,,100583000,12629987.370000001
DLX,Deluxe Corporation,NYSE,common,Commercial Services,1089086868.970218,2133199999.9999998,0.5391276397294399,82100000,209086000,,1473300000,9057347.5
ECVT,Ecovyst Inc.,NYSE,common,Process Industries,1087021190.4130435,723515000,20.929474590294088,-22291000,82609000,,546346000,12553466.28
AOSL,Alpha and Omega Semiconductor Limited,NASDAQ,common,Electronic Technology,1085845122.6211252,696162000.000037,5.916558391145033,-96976000.0000051,-60233620,,29135000,33094543.44
GSBD,"Goldman Sachs BDC, Inc.",NYSE,common,Miscellaneous,1078411658.9958766,242452000,-12.06139873633508,119267000,98285000,,1852669000,6737863.08
ITRN,Ituran Location and Control Ltd.,NASDAQ,common,Communications,1075645840.0020888,359023000.000794,6.770416675375077,57967000.0001282,84250230,,4155999.9999999995,11947361.27
BV,"BrightView Holdings, Inc.",NYSE,common,Commercial Services,1072308000.0000002,2672800000,-3.407899967474974,56000000,-23200000,,963400000,21416793.12
RZLV,Rezolve AI PLC,NASDAQ,common,Technology Services,1068857973.7841728,46800099,2224.23847828257,-101410228,-63237470,,157277721,15730040.24
CSIQ,Canadian Solar Inc.,NASDAQ,common,Electronic Technology,1067336939.6977328,5595107000.00395,-6.6456669318226735,-104126000.000073,-1699241040,,7806378000,17675945.28
FUBO,FuboTV Inc.,NYSE,common,Technology Services,1059208863.9999999,,,,,,402740000,22495502.799999997
GPRE,"Green Plains, Inc.",NASDAQ,common,Process Industries,1059140453.9736502,2104211402,-14.084503855193036,-121278000,118252000,,548634000,14050683.229999999
CRAI,"CRA International,Inc.",NASDAQ,common,Commercial Services,1057650843.2910568,751583000,9.334840430948454,54681000,-27747000,,303651000,23960363
SCSC,"ScanSource, Inc.",NASDAQ,common,Distribution Services,1056469019.775892,3040810000,-6.718154345852778,71548000,123762000,,112653000,13545676.12
HBNC,"Horizon Bancorp, Inc.",NASDAQ,common,Finance,1054102963.7674192,106477000,-70.37804664309381,-150482000,99709000,,379092000,8041169.87
UPWK,Upwork Inc.,NASDAQ,common,Commercial Services,1049188232.4401915,787784000,2.399376076430637,115425000,174324000,,379407000,53645230.800000004
AVTX,"Avalo Therapeutics, Inc.",NASDAQ,common,Health Technology,1048466260.0179764,59000,-86.62131519274377,-78259000,-68290000,,2242000,6202217.95
TBLA,Taboola.com Ltd.,NASDAQ,common,Technology Services,1048202911.5048542,1912040000.00423,8.25604964277464,42284000.0000936,213184320,,157402000,10788716.36
BFST,"Business First Bancshares, Inc.",NASDAQ,common,Finance,1047455155.1038148,512496999.99999994,11.956597722844073,87861000,103244000,,616077000,5769906.18
LXRX,"Lexicon Pharmaceuticals, Inc.",NASDAQ,common,Health Technology,1045646470.4115226,49803000,60.23615713780123,-50341000,-64988000,,59241000,5993606.850000001
ASST,"Strive, Inc.",NASDAQ,common,Miscellaneous,1043206429.0625991,5734000,805.1459457070289,-420588000,,,3319000,36514990.260000005
OI,"O-I Glass, Inc.",NYSE,common,Process Industries,1037203287.4825174,6426000000,-1.607717041800643,-129000000,-39000000,,4986000000,20768238
KFRC,"Kforce, Inc.",NYSE,common,Commercial Services,1033528426.8467644,1329007000,-5.429485920524184,34825000,22559000,,122066000,12304810.78
WVE,"Wave Life Sciences, Inc.",NASDAQ,common,Health Technology,1032532437.1298316,42727000.000213206,-60.548281656657046,-204378000.00102,-192527340,,43590000,27273744.12
ENVX,Enovix Corporation,NASDAQ,common,Producer Manufacturing,1031865766.1076607,31821000,37.90846840599809,-156741000,-126627000,,540502000,42740932.74
EVLV,"Evolv Technologies Holdings, Inc.",NASDAQ,common,Electronic Technology,1028864437.4063017,145905000,40.47561738795552,-33137999.999999996,-6014000,,41568000,26318509.36
TK,Teekay Corporation Ltd.,NYSE,common,Transportation,1024999232.3026547,949520000,-22.19434370119324,98111000,,,,5793698.5
NNE,Nano Nuclear Energy Inc.,NASDAQ,common,Producer Manufacturing,1020801653.9556243,0,,-40067076,-36838880,,2602383,47388508.2
JANX,"Janux Therapeutics, Inc.",NASDAQ,common,Health Technology,1019150020.077482,10000000,-5.5534567434831885,-113625000,-41925000,,20990000,10883959.690000001
DEC,Diversified Energy Company,NYSE,common,Energy Minerals,1017677002.6375427,2123720850.3531,109.0981073604685,449552136.341503,,,3931412716.5,7291128.88
QDEL,QuidelOrtho Corporation,NASDAQ,common,Health Technology,1016973637.8184416,2727000000,-2.0966468011775685,-1131800000,-211200000,,3075400000,28963449.73
GERN,Geron Corporation,NASDAQ,common,Health Technology,1008683313.1288342,183881000,138.82510325479907,-83500000,-114762000,,251769000,16016623.47
TDAY,"USA TODAY Co., Inc.",NYSE,common,Consumer Services,1007171036.7076025,2302226000,-8.252810029828858,1749000,62554000,,1112006000,28170102.94
AEBI,Aebi Schmidt Holding AG,NASDAQ,common,Consumer Durables,1006804573.0862472,1838230335.31595,49.072969491580615,11726864.970534401,-1980290,,985658639.78595,7030824.51
GO,Grocery Outlet Holding Corp.,NASDAQ,common,Retail Trade,1006043530.0010171,4688759000,7.257415702295391,-224912000,25121000,,1841770000,44147553.03
RHLD,Resolute Holdings Management,NYSE,common,Commercial Services,1004505180.3476621,462055000,9.863732877445187,-5923000,81017000,,2244300000,18869617.86
NX,Quanex Building Products Corporation,NYSE,common,Producer Manufacturing,1003525969.5203289,1837641000,43.80590392389789,-250806000,89204000,,889346000,5123584.65
HTZ,"Hertz Global Holdings, Inc",NASDAQ,common,Finance,998063983.9999998,8504000000,-6.022764946402917,-747000000,-10185000000,,21040000000,220222032.79999998
NPK,"National Presto Industries, Inc.",NYSE,common,Electronic Technology,997943089.8586414,503524000,29.69801250811379,33084000.000000004,3749000,,9307000,7787279.9399999995
CPF,Central Pacific Financial Corp New,NYSE,common,Finance,996683010.5975705,365624000,6.050515715097864,77480000,98292000,,100610000,5789041.79
DAKT,"Daktronics, Inc.",NASDAQ,common,Producer Manufacturing,996549191.1584905,838706000,10.869993403632892,45376000,34300000,,18132000,6895866.319999999
ASTE,"Astec Industries, Inc.",NASDAQ,common,Producer Manufacturing,994005093.4101071,1410400000,8.068347253084054,38800000,32700000.000000004,,393400000,8036958.9
OMER,Omeros Corporation,NASDAQ,common,Health Technology,992266089.8316177,0,,-3350000,-101164000,,310632000,48500921.010000005
KODK,Eastman Kodak Company,NYSE,common,Producer Manufacturing,991727008.0396826,1069000000,2.4928092042186005,-128000000,464000000,,148000000,8991853.98
CIM,Chimera Investment Corporation,NYSE,common,Finance,991147946.810084,850569000,10.4313810008517,230499000,-386151000,,13450309000,7060428.8
ARDX,"Ardelyx, Inc.",NASDAQ,common,Health Technology,989274692.3984773,407320000,22.09283155733405,-61599000,-17919000,,256190000,19667487.19
JBSS,"John B. Sanfilippo & Son, Inc.",NASDAQ,common,Consumer Non-Durables,988938136.2313297,1107246000,3.7929925767471104,58934000,48880000,,103499000,17399259
TROX,Tronox Holdings plc,NYSE,common,Process Industries,985349148.6979655,2887000000,-5.991533702377075,-470000000,-158000000,,3469000000,24038227.45
PLOW,"Douglas Dynamics, Inc.",NYSE,common,Producer Manufacturing,981005251.2624884,656053000,15.399891645441368,45848000,48908000,,290201000,14486940.389999999
PSIX,"Power Solutions International, Inc.",NASDAQ,common,Producer Manufacturing,980973570.8422301,722405000,51.776278607550516,113987000,65936000.00000001,,134727000,21338406.78
HRTG,"Heritage Insurance Holdings, Inc.",NYSE,common,Finance,979980445.8222499,847330000,3.6188896919180618,195594000,297746000,,91834000,11984453.76
BLMN,"Bloomin' Brands, Inc.",NASDAQ,common,Consumer Services,975222162.6465828,3955996000,0.1397553458761288,5380000,154969000,,1922441000,17855430.990000002
ABR,Arbor Realty Trust,NYSE,common,Finance,973832974.6542056,1210974000,-15.628089551802052,148796000,328473000,,11086152000,12985063.2
SLDB,Solid Biosciences Inc.,NASDAQ,common,Health Technology,971996797.5271186,0,,-174325000,-187809000,,20155000,6751820.494999999
CRML,Critical Metals Corp.,NASDAQ,common,Non-Energy Minerals,970934622.3663222,0,,-51871823,-32300700,,2375617,24025889.19
THFF,First Financial Corporation,NASDAQ,common,Finance,969665176.1418736,347560000,13.022496536743041,79208000,91905000,,609235000,5275964.16
SMPL,The Simply Good Foods Company,NASDAQ,common,Consumer Non-Durables,967758368.6464089,1450920000,8.983483322204036,103614000,119424000,,448464000,26589451.2
TRST,TrustCo Bank Corp NY,NASDAQ,common,Finance,962918752.9540989,277642000,6.034173280069672,61137000,59754000,,144743000,7551404.25
KRT,Karat Packaging Inc.,NASDAQ,common,Process Industries,961904868.7059528,467743000,10.673563115043075,31478000,51168000,,72715000,7678069.4799999995
CSTL,"Castle Biosciences, Inc.",NASDAQ,common,Health Technology,960171059.9150124,344229000,3.6618895470519686,-24158000,-489000,,36650000,13703291.42
FMNB,Farmers National Banc Corp.,NASDAQ,common,Finance,956848224.1251556,279904000,3.858170133503521,54586000,61178000,,467061000,6482496.949999999
HAFC,Hanmi Financial Corporation,NASDAQ,common,Finance,956188477.4319676,444931000,3.595917920682116,75473000,213720000,,166914000,5467020
HTLD,"Heartland Express, Inc.",NASDAQ,common,Transportation,950417806.0627116,805709000,-23.08348074626424,-52453000,-85772000,,146403000,10378880.42
LINC,Lincoln Educational Services Corporation,NASDAQ,common,Commercial Services,945300060.4476631,518241000,17.764916012216407,19998000,23544000,,228099000,34301588
PCRX,"Pacira BioSciences, Inc.",NASDAQ,common,Health Technology,944726644.0730107,726411000,3.6299906129541233,7034000,179515000,,412117000,17984460.599999998
ACDC,ProFrac Holding Corp.,NASDAQ,common,Industrial Services,936111045.7001897,1941800000,-11.369756720982245,-369000000,-60700000,,1217500000,6875053.26
TSAT,Telesat Corporation,NASDAQ,common,Communications,934468567.8512098,304355559.2,-23.30106133798171,-113128782.8,-514999060.92,,2620328243.04,13154581.6
VPG,"Vishay Precision Group, Inc.",NYSE,common,Electronic Technology,934161717.0433422,307202000,0.22184378282798625,5293000,-7471000,,39253000,40435485.269999996
FET,"Forum Energy Technologies, Inc.",NYSE,common,Industrial Services,931867998.0642833,791474000,-3.056128854456931,-9660000,53216000,,227511000,14762751.9
KOPN,Kopin Corporation,NASDAQ,common,Electronic Technology,930212415.9461538,39323731,-21.876228204428127,2549382,-18423620,,1162596,35795807.779999994
LZ,"LegalZoom.com, Inc.",NASDAQ,common,Technology Services,929967961.8198528,756043000,10.876091282789812,15427000,148809000,,15136000,18793729.56
INDI,"indie Semiconductor, Inc.",NASDAQ,common,Electronic Technology,929693994.7952754,217394000,0.32859213040307916,-143066000,-83700000,,431296000,38525585.78
NBBK,"NB Bancorp, Inc.",NASDAQ,common,Finance,928052178.4989011,351948000,15.754091459243277,50302000,78033000,,181247000,6746348.25
MFA,"MFA Financial, Inc.",NYSE,common,Finance,924954648.8071896,715086000,-15.477565242881171,176002000,252214000,,11668266000,11003488.05
SWIM,"Latham Group, Inc.",NASDAQ,common,Producer Manufacturing,921168884.5968379,545912000,7.353103122787698,11124000,37024000,,313882000,12385791.540000001
DSGN,"Design Therapeutics, Inc.",NASDAQ,common,Health Technology,917447034.123119,0,,-69792000,-55138000,,2662000,6827249.96
WGO,"Winnebago Industries, Inc.",NYSE,common,Consumer Durables,915346757.8383656,2798200000,-5.895409450142929,25700000,180600000,,477000000,15277661.120000001
TRNS,"Transcat, Inc.",NASDAQ,common,Electronic Technology,915015380.2989833,331877000,19.199701171966197,5376000,25362000,,143249000,16701025.120000001
OLMA,"Olema Pharmaceuticals, Inc.",NASDAQ,common,Health Technology,913475096.1457334,0,,-162451000,-164958000,,3660000,13586052.24
ADAM,"Adamas Trust, Inc.",NASDAQ,common,Finance,913178637.8963832,671605000,31.889485446311795,149048000,153524000,,11321199000,9956546
FOXF,Fox Factory Holding Corp.,NASDAQ,common,Producer Manufacturing,912913320.0000001,1467321000,5.265721658544495,-544579000,12573000,,680161000,12703050.6
HPK,"HighPeak Energy, Inc.",NASDAQ,common,Energy Minerals,911724746.483051,863359000,-22.71944860921521,16869000,-1924000,,1189436000,5253285.31
LPTH,"LightPath Technologies, Inc.",NASDAQ,common,Electronic Technology,911133817.5645531,37202630,17.26156735103917,-14873182,-10292490,,11323480,46204209.730000004
CODI,D/B/A Compass Diversified Holdings Shares of Beneficial Interest,NYSE,common,Finance,908098130.0762987,1873584000,4.785815315660456,-230337000,10110000,,2033242000,12490458.450000001
ABUS,Arbutus Biopharma Corporation,NASDAQ,common,Health Technology,906698078.3832976,14083000.000015,128.21260735696546,-33501000.000035703,,,3625000,6422529.96
PLTK,Playtika Holding Corp.,NASDAQ,common,Technology Services,902054027.0561799,2755400000.0061,8.084572235550993,-206400000.000457,451637010,,2510100000,7112574.315
CCXI,Churchill Capital Corp. XI Class A,NASDAQ,common,Finance,901783071.208308,0,,382098,,,0,28928178.67
GRPN,"Groupon, Inc.",NASDAQ,common,Retail Trade,900736394.9999998,498422000,1.190725134349933,-83520000,29949000,,312305000,26119124.95
MTUS,Metallus Inc.,NYSE,common,Non-Energy Minerals,900278401.8185169,1158300000,6.854243542435425,-1200000,-98900000,,14700000,7643354.88
SMBK,"SmartFinancial, Inc.",NYSE,common,Finance,898182741.56315,314208000,10.859900927219611,50347000,65355999.99999999,,110410000,8221680.42
APC,ARKO Petroleum Corp.,NASDAQ,common,Distribution Services,893844494.4525628,5581264000,-12.3509302124349,32726999.999999996,,,783399000,6725993.239999999
MCS,Marcus Corporation (The),NYSE,common,Consumer Services,893765546.1366805,758458000,3.1130023383544514,12691000,66686000.00000001,,319981000,7016428.92
LYTS,LSI Industries Inc.,NASDAQ,common,Producer Manufacturing,889541536.3635628,573377000,22.08914099796013,24383000,37780000,,314158000,12161836.59
SATL,Satellogic Inc.,NASDAQ,common,Electronic Technology,886499689.9200002,17707000,37.583527583527584,-4783000,-42166000,,96486000,39772603.260000005
BZH,"Beazer Homes USA, Inc.",NYSE,common,Consumer Durables,885229830.2116369,2371555000,1.774871394993642,45588000,-153338000,,1435477000,35331855.72
ARI,"Apollo Commercial Real Estate Finance, Inc",NYSE,common,Finance,884663442.7678573,710486000,1.276782570642126,124185000,21405000,,371428000,64577341.5
WRLD,World Acceptance Corporation,NASDAQ,common,Finance,884372127.233548,585166700,3.7215068942319824,34586024,261457110,,648070295,14691806.200000001
MNTN,"MNTN, Inc.",NYSE,common,Technology Services,883392843.1375985,290093000,28.603854218849058,-6426000,72910000,,0,27476324.299999997
KURA,"Kura Oncology, Inc.",NASDAQ,common,Health Technology,882417247.7099698,67482000,25.23801570068482,-278666000,-84459000,,24273000,11278500.52
CBLL,"CeriBell, Inc.",NASDAQ,common,Health Technology,879242279.6006569,89063000,36.09039789743903,-53412000,-54872000,,21909000,12181499.01
GILT,Gilat Satellite Networks Ltd.,NASDAQ,common,Electronic Technology,878982452.813559,451657000.00099903,47.867067389587056,20723000.0000458,-3238020,,9615000,5883008.46
GSBC,"Great Southern Bancorp, Inc.",NASDAQ,common,Finance,877249287.2011954,344254000,-3.6019007776162995,70973000,39709000,,516139000,5334815.5
TBPH,"Theravance Biopharma, Inc.",NASDAQ,common,Health Technology,876934073,107464000,66.91881145058325,105895000,53734000,,71364000,8378953.200000001
EGBN,"Eagle Bancorp, Inc.",NASDAQ,common,Finance,876719031.5998592,631949000,-10.43832075305909,-138052000,52866000,,211674000,7501643.36
PD,"PagerDuty, Inc.",NYSE,common,Technology Services,876112343.6158382,492546000,5.357658519055656,173854000,114889000,,412750000,9408897.28
INMD,InMode Ltd.,NASDAQ,common,Health Technology,875432206.7708057,370495000.00082004,-6.160560055488861,93831000.00020759,88401820,,4451000,5458614.76
ANNX,"Annexon, Inc.",NASDAQ,common,Health Technology,873280705.6610487,0,,-206690000,,,24651000,21054118.28
TALK,"Talkspace, Inc.",NASDAQ,common,Health Services,868916709,228871000,22.00401933974082,7793000,4610000,,0,7555912.32
EVER,"EverQuote, Inc.",NASDAQ,common,Technology Services,866897905.3965724,692521000,38.45158839640936,99311000,95135000,,1943000,14388023.4
QMCO,Quantum Corporation,NASDAQ,common,Electronic Technology,864257258.0608246,279581000,2.015266841325559,-101046000,-20927000,,8856000,110791184.41
EIG,Employers Holdings Inc,NYSE,common,Finance,864079964.491134,858700000,-2.498012944248893,10800000,19700000,,128600000,9303559.91
AVR,Anteris Technologies Global Corp.,NASDAQ,common,Health Technology,863425332.3784077,1913000,-29.2267850536441,-94144000,-88210000,,3322000,7388027.01
ALOY,REalloys Inc.,NASDAQ,common,Non-Energy Minerals,862527302.8705882,2431233,-5.2869440962139445,-4426116,-13068400,,1411000,24633626.16
ACRS,"Aclaris Therapeutics, Inc.",NASDAQ,common,Health Technology,859641488.2027026,7826000,-58.19444444444445,-64923000,-62177000,,1850000,5470917.84
CVLG,"Covenant Logistics Group, Inc.",NYSE,common,Transportation,858078995.6715615,1164472000,2.916190886947668,7239000,-37856000,,324434000,5013036.7700000005
FEIM,"Frequency Electronics, Inc.",NASDAQ,common,Electronic Technology,858045358.7465087,63227000,-9.431178467576743,-903000,-1577000,,7650000,19918383.43
KOP,Koppers Holdings Inc.,NYSE,common,Process Industries,857450448.1051946,1879300000,-10.1715979159696,56000000,138700000,,1001600000,15622395.740000002
CEVA,"CEVA, Inc.",NASDAQ,common,Electronic Technology,857009944.0181643,109598000,2.486464245972003,-10638000,-1063000,,17424000,28982015.32
SMBC,"Southern Missouri Bancorp, Inc.",NASDAQ,common,Finance,852940370.4026481,316543000,3.701289128405052,71527000,,,166190000,8003551.950000001
SIBN,"SI-BONE, Inc.",NASDAQ,common,Health Technology,851552852.2340424,200925000,20.18626852815562,-18904000,-4387000,,42795000,6256339
BFS,"Saul Centers, Inc.",NYSE,common,Finance,850268268.9075631,291565000,8.104350276411068,37511000,102878000,,1604742000,6096918.399999999
AMPH,"Amphastar Pharmaceuticals, Inc.",NASDAQ,common,Health Technology,849908140.2193928,719887000,-1.6503476249612343,98094000,152892000,,688322000,6869963.16
RSKD,Riskified Ltd.,NYSE,common,Technology Services,845640471.7115749,346082000.00076604,5.838710663969249,-27565000.000061,40806980,,23874000,40116288.480000004
MAMA,"Mama's Creations, Inc.",NASDAQ,common,Consumer Non-Durables,841065145.352809,171714000,39.23358847950182,5286000,9134000,,13697000,6015749.18
SOC,Sable Offshore Corp.,NYSE,common,Energy Minerals,840388791.483871,0,,-410162000,-589447000,,968836000,37911133.8
DC,Dakota Gold Corp.,AMEX,common,Non-Energy Minerals,839729215.8619046,0,,-29538699.0000315,-30915500,,168253,8698182.899999999
MITK,"Mitek Systems, Inc.",NASDAQ,common,Technology Services,837922533.8309937,179691000,4.4211223653701985,8796000,48613000,,51675000,13139574.9
COLL,"Collegium Pharmaceutical, Inc.",NASDAQ,common,Health Technology,836679277.1093147,780567000,23.61520882921661,62870000,328279000,,1217882000,28899727.099999998
ABX,"Abacus Global Management, Inc.",NYSE,common,Finance,834167913.5381165,235237636,105.87051213263724,36525269,89473940,,344307506,8309849.2299999995
GSM,Ferroglobe PLC,NASDAQ,common,Non-Energy Minerals,831529342.822757,1335121000,-18.785246897847184,-170700000,-18561000,,223815000,5708344.3
SABR,Sabre Corporation,NASDAQ,common,Technology Services,831381440.6532663,2770983000,0.9522577777615858,524616999.99999994,-16231000.000000002,,4316632000,6389265.100000001
HTB,"HomeTrust Bancshares, Inc.",NYSE,common,Finance,831320368.0040202,290928000,-1.4050712702576302,63703000,93889000,,183357000,8846073.6
IBTA,"Ibotta, Inc.",NYSE,common,Technology Services,830860477.7203482,342389000,-6.77051849673523,3575000,74460000,,25134000,11801318.1
DSP,Viant Technology Inc.,NASDAQ,common,Technology Services,830385931.6694465,344201000,19.003924144726607,8352000,66034000.00000001,,22138000,6077185.92
EVC,Entravision Communications Corporation,NYSE,common,Consumer Services,830193396.3683639,447594000,22.645966000635706,-78398000,54005000,,206270000,23912714.54
HSTM,"HealthStream, Inc.",NASDAQ,common,Technology Services,829245167,304064000,4.257901702749224,18342000,41348000,,13429000,6744093.08
NAVI,Navient Corporation,NASDAQ,common,Finance,829049042.501171,3200000000,-24.794359576968272,-80000000,340000000,,44337000000,9415095.04
PSTL,"Postal Realty Trust, Inc.",NYSE,common,Finance,828254486.3317031,96223000,25.99251034410517,11493000,41370000,,405599000,15830589.6
PKE,Park Aerospace Corp.,NYSE,common,Electronic Technology,828068636.1257006,73301000,18.177860897043175,11272000,10959000,,307000,12631854.42
KDK,"Kodiak AI, Inc.",NASDAQ,common,Producer Manufacturing,827550017.4836602,3797000,-74.57309314940066,-585525000,-187480870,,47803000,5974740.75
RPD,"Rapid7, Inc.",NASDAQ,common,Technology Services,827005889.2982061,859794000,1.870482116854481,23381000,144405000,,961647000,37716924.78
PMT,PennyMac Mortgage Investment Trust,NYSE,common,Finance,826678375.8095239,1744979000,28.708737104999564,127724000,-10082664000,,22920235000,8947783.32
CLYM,"Climb Bio, Inc.",NASDAQ,common,Health Technology,826507697.2418773,0,,-59851000,-53068000,,1314000,18975143.26
APEI,"American Public Education, Inc.",NASDAQ,common,Consumer Services,825948624.7714349,648862000,3.891225648817806,31557000,70069000,,153467000,18131789.84
ATTO,"Attovia Therapeutics, Inc.",NASDAQ,common,Health Technology,823156972.4075067,1350000,,-60898000,,,4804000,10905964.44
PGC,Peapack-Gladstone Financial Corporation,NASDAQ,common,Finance,819740478.67693,443317000,9.1658355803445,37326000,102009000,,117450000,6445994.720000001
CTO,"CTO Realty Growth, Inc.",NYSE,common,Finance,819057170.1228558,149545000,20.098137633614147,10092000,-18007000,,690449000,6360469.45
ESRT,"Empire State Realty Trust, Inc.",NYSE,common,Finance,817190773.4600432,768270000,0.04518682211627989,47601000,103838000,,2263864000,7463665.199999999
IMMX,"Immix Biopharma, Inc.",NASDAQ,common,Health Technology,813401987.454308,0,,-29438613,-39089190,,1001752,17607775.29
IVR,INVESCO MORTGAGE CAPITAL INC,NYSE,common,Finance,801921044,187938000,-58.2826307482969,101293000,165841000,,6210403000,13039831.85
AURA,"Aura Biosciences, Inc.",NASDAQ,common,Health Technology,801632225.3109454,0,,-106191000,-103351000,,16594000.000000002,6990329.5
SXC,"SunCoke Energy, Inc.",NYSE,common,Non-Energy Minerals,801218651.2829374,1837300000,-5.0687196445179294,-44200000,29100000,,660700000,21449596.32
ARRY,"Array Technologies, Inc.",NASDAQ,common,Producer Manufacturing,799299898.9738319,1284141000,40.219609590230256,-52235000,134728000,,752886000,28790056.23
REPX,"Riley Exploration Permian, Inc.",AMEX,common,Energy Minerals,795542454.5520262,391980000,-4.43730938293095,160840000,52600000,,267495000,6534399.06
HPP,"Hudson Pacific Properties, Inc.",NYSE,common,Finance,793888136.9393259,834693000,-0.7096813333349195,-551693000,116885000,,3754191000,15751560.780000001
PZZA,"Papa John's International, Inc.",NASDAQ,common,Consumer Services,793083455.837171,2053808000,-0.27090585693705155,30531000,24644000,,935520000,31951361.97
SCHL,Scholastic Corporation,NASDAQ,common,Consumer Services,792228199.0321801,1581900000,-2.682251614887727,56700000,2500000,,419500000,14638050
AHCO,AdaptHealth Corp.,NASDAQ,common,Health Services,786706092.2106194,3244857000,-0.49426935195762006,-70794000,97680000,,2065088000.0000002,24705310.909999996
MAX,"MediaAlpha, Inc.",NYSE,common,Technology Services,786629467.1578947,1113600000,28.783953815409667,25623000,56282000,,176710000,5434170.4799999995
PUBM,"PubMatic, Inc.",NASDAQ,common,Technology Services,782766308.0192635,282926000,-2.8600269179004036,-14462000,54006000,,40912000,13843042.7
CADL,"Candel Therapeutics, Inc.",NASDAQ,common,Health Technology,782526143.1436619,0,,-38182000,-48991000,,49271000,14667057.6
RIGL,"Rigel Pharmaceuticals, Inc.",NASDAQ,common,Health Technology,782125871.5223703,294282000,64.1484175414719,367024000,79389000,,39950000,14049269.149999999
FWRG,"First Watch Restaurant Group, Inc.",NASDAQ,common,Consumer Services,780662258.3998302,1222501000,20.3355612209743,19432000,-20834000,,1075822000,17325503.25
BBNX,"Beta Bionics, Inc.",NASDAQ,common,Health Technology,779671345.6004539,100251000,53.93864013267,-73200000,-61411000,,6512000,11054858.989999998
WOOF,"Petco Health and Wellness Company, Inc.",NASDAQ,common,Retail Trade,779593749.2408757,5961467000,-2.534062992625475,9066000,132145000.00000001,,2784901000,5171657.4
VREX,Varex Imaging Corporation,NASDAQ,common,Health Technology,776744968.2238966,844600000,4.143033292231813,-70300000,-20200000,,379300000,41488884
SMWB,Similarweb Ltd.,NYSE,common,Technology Services,770008747.8124137,282600000.000625,13.079351614398318,-32936000.0000729,15855150,,45722000,47917955.42999999
MNPR,Monopar Therapeutics Inc.,NASDAQ,common,Health Technology,769722203.2011184,0,,-13716894,-10011880,,131565,40697235.300000004
DJCO,Daily Journal Corp. (S.C.),NASDAQ,common,Consumer Services,767421618.87667,87700000,25.409332055883656,112137000,13832000,,20872000,42969979.44
GDOT,Green Dot Corporation,NYSE,common,Finance,766450661.170768,2080491000,20.686812740591552,-98866000,83035000,,65510999.99999999,7758323.149999999
HOV,"Hovnanian Enterprises, Inc.",NYSE,common,Consumer Durables,762043143.1158998,2979267000,-0.8700295965781764,61921000,271504000,,975423000,23087460.2
CTMX,"CytomX Therapeutics, Inc.",NASDAQ,common,Health Technology,760468486.1884059,76201000,-44.82306684141547,-17368000,-82482000,,5704000,8792252.3
NB,NioCorp Developments Ltd.,NASDAQ,common,Non-Energy Minerals,759964427.2947761,0,,-16303000.000050701,-36338330,,379000,20106536.939999998
FTH,"Faeth Therapeutics, Inc.",NASDAQ,common,Health Technology,759191701.1899999,0,,-21085000,-24114000,,1038999.9999999999,8350559.88
KRNT,Kornit Digital Ltd.,NASDAQ,common,Process Industries,757929650.0068262,208200000.00046098,3.813474809559383,-13518000.000029901,6067170,,18308000,9672153.120000001
PHR,"Phreesia, Inc.",NYSE,common,Technology Services,757813795.0806847,480591000,14.477398270182201,2306000,70568000,,92557000,5524159.84
BBSI,"Barrett Business Services, Inc.",NASDAQ,common,Commercial Services,755652894.3217584,1240298000,8.367357459081493,54448000,15524000,,24497000,7144990.54
CCB,Coastal Financial Corporation,NASDAQ,common,Finance,753921674.0593907,661639000,-6.144505677667369,46993000,262369000.00000003,,52634000,11012613.48
CYRX,"CryoPort, Inc.",NASDAQ,common,Transportation,749606688.9096991,176177000,12.379998596661329,-38652000,-20031000,,232018000,6297148.4
ROOT,"Root, Inc.",NASDAQ,common,Finance,747558242.2597404,1517100000,28.950276243093924,40300000,194500000,,197800000,18420749.130000003
HNRG,Hallador Energy Company,NASDAQ,common,Utilities,743450745.4558822,459392000,15.143054076069928,41871000,-50462000,,47709000,11988070.14
PFLT,PennantPark Floating Rate Capital Ltd.,NYSE,common,Miscellaneous,742149836.0747664,255381000,36.910020800720524,66364999.99999999,85030000,,1574517000,6608333.16
PHAT,"Phathom Pharmaceuticals, Inc.",NASDAQ,common,Health Technology,741861638.7649825,175110000,216.9297039021212,-221247000,-36912000,,552024000,19111334.55
PAR,PAR Technology Corporation,NYSE,common,Electronic Technology,740806063.8640275,455547000,30.16297981039025,-84658000,-15687000,,431536000,14996150.46
PRAA,"PRA Group, Inc.",NASDAQ,common,Commercial Services,737147957.0202775,1247488000,9.78373935373497,-305142000,-37848000,,3890494000,6447008.699999999
NGNE,Neurogene Inc.,NASDAQ,common,Health Technology,736896778.5273741,0,-100,-90351000.00009641,-86911160,,8345000.000000001,12670790.219999999
UAMY,United States Antimony Corporation,NYSE,common,Non-Energy Minerals,736482538.4999999,39257708,162.8049796886617,-4339526,-71281940,,364081,134150085.92999999
GROY,Gold Royalty Corp.,AMEX,common,Non-Energy Minerals,734427878.5016181,15610000.0000166,54.50856181330509,-4130000.0000044,8028309.999999999,,54000,7948112.47
INN,"Summit Hotel Properties, Inc.",NYSE,common,Finance,732973510.8427153,729472000,-0.3158040020060592,-5018000,93255000,,1395441000,9769191.540000001
OFRM,"Once Upon a Farm, PBC",NYSE,common,Consumer Non-Durables,732736945.9461079,240681000,53.4945567949184,-17249000,-36249000,,166000,10389520.6
BWMN,Bowman Consulting Group Ltd.,NASDAQ,common,Industrial Services,731905305.2405005,490017000,14.875376262413143,12228000,11939000,,284581000,33579592.56
MTW,"Manitowoc Company, Inc. (The)",NYSE,common,Producer Manufacturing,727009275.6258993,2240900000,2.8879706152433426,7200000,69400000,,518400000,9371597.76
MATW,Matthews International Corporation,NASDAQ,common,Producer Manufacturing,725706269.7765957,1497689000,-16.597530707447696,-24471000,-81967000,,628153000,27770753.25
PAYS,"Paysign, Inc.",NASDAQ,common,Commercial Services,722715582.3277911,82028176,40.49636965613781,7551613,68035410,,5710297,6662860.800000001
RGNX,REGENXBIO Inc.,NASDAQ,common,Health Technology,720203974.0967134,170441000,104.54229070660521,-193878000,-249668000,,250462000,9571244.81
TECX,"Tectonic Therapeutic, Inc.",NASDAQ,common,Commercial Services,720003168.9403827,0,,-74151000,-72419000,,4399000,24514784.599999998
CARE,"Carter Bankshares, Inc.",NASDAQ,common,Finance,716781487.8144331,254626000,4.742551327247971,31001000,58756000,,0,9848888.280000001
PKOH,Park-Ohio Holdings Corp.,NASDAQ,common,Producer Manufacturing,715516639.0253721,1599100000,-3.447651249849052,24800000,19600000,,704000000,11084822.4
ALLO,"Allogene Therapeutics, Inc.",NASDAQ,common,Health Technology,714469924.3584906,0,-100,-190886000,-109526000,,81051000,9454466.25
VRRM,Verra Mobility Corporation,NASDAQ,common,Transportation,714319207.1966528,979079000,11.359327211908003,136633000,93844000,,1087692000,14561361.4
IRWD,"Ironwood Pharmaceuticals, Inc.",NASDAQ,common,Health Technology,713836657.339535,296151000,-15.724936683645884,24017000,185554000,,396866000,11754469.440000001
LXU,"LSB Industries, Inc.",NYSE,common,Process Industries,710615359.5795795,615208000,17.765696784073505,24613000,97320000,,489649000,7869765.539999999
NRGV,"Energy Vault Holdings, Inc.",NYSE,common,Producer Manufacturing,710457935.5530727,203671000,340.8558626810104,-104468000,-144744000,,244968000,42585680.48
BXC,Bluelinx Holdings Inc.,NYSE,common,Distribution Services,701288505.1909213,2954007000,0.04995712154855561,219000,54654000,,671426000,16880959.32
CWBC,Community West Bancshares,NASDAQ,common,Finance,700795744.0706714,196238000,17.630345389807346,38168000,47944000,,250291000,5016366.81
HELE,Helen of Troy Limited,NASDAQ,common,Consumer Durables,695966794.8442622,1793127000,-5.933038299801073,-898982000,80492000,,771345000,9324024.12
CCSI,"Consensus Cloud Solutions, Inc.",NASDAQ,common,Technology Services,695247576.720433,349696000,-0.19578631322385281,84527000,113998000,,565936000,7604959.18
GMRS,GMR Solutions Inc.,NYSE,common,Health Services,694590583.0352939,5739776000,-3.956060358107278,206227000,,,5370299000,40147428.239999995
HYLN,Hyliion Holdings Corp.,AMEX,common,Producer Manufacturing,693692976.6989796,3475000,130.28495692511598,-57188000,-56617000,,3046000,46538656.85
SG,"Sweetgreen, Inc.",NYSE,common,Consumer Services,691576980.7680892,679474000,0.39123792525700846,-134065000,-116317000,,355395000,44786483.04
JBGS,JBG SMITH Properties,NYSE,common,Finance,691192952.3090429,498598000,-8.900590522407695,-140852000,-35387000,,2571476000,9968781.600000001
MATV,"Mativ Holdings, Inc.",NYSE,common,Process Industries,689876232.421875,1987000000,0.2978143455655949,-338100000,127700000,,1034900000.0000001,7298237.5
ANGX,"Angel Studios, Inc.",NYSE,common,Consumer Services,687263267.5926893,321558306,233.1642871739186,-170478642,-64669030.00000001,,77076009,7707863.04
ACHV,"Achieve Life Sciences, Inc.",NASDAQ,common,Health Technology,686789093.4150665,0,,-54648000,-47036000,,14948000,9417660.18
VTS,Vitesse Energy Inc.,NYSE,common,Energy Minerals,685037216.9548781,257089000,6.236001950429342,25277000,34686000,,158500000,7329586.1899999995
HIFS,Hingham Institution for Savings,NASDAQ,common,Finance,683399340.3622793,236715000,8.932647351176232,54551000,35354000,,1406440000,19121076.9
ASC,Ardmore Shipping Corporation,NYSE,common,Transportation,681000658.8112277,310197000.00339204,-23.55612838287174,38796000.0004242,15127270,,34980000.000232995,7551009.9
ZVRA,"Zevra Therapeutics, Inc.",NASDAQ,common,Health Technology,679350469.2275132,106470000,350.9147890902931,77585000,32624000.000000004,,1496000,8105491.68
STTK,"Shattuck Labs, Inc.",NASDAQ,common,Health Technology,676889190.4596101,1000000,-82.52053836741828,-48809000,-41240000,,2674000,9638184.43
RRBI,"Red River Bancshares, Inc.",NASDAQ,common,Finance,673751559.6443012,169850000,7.724312016794464,42764000,49517000,,1383000,5002197.39
FBRT,"Franklin BSP Realty Trust, Inc.",NYSE,common,Finance,668515597.5849057,555966000,0.5205329360480359,80205000,158145000,,4175033999.9999995,24893184.05
ADTN,"ADTRAN Holdings, Inc.",NASDAQ,common,Electronic Technology,664888301.814433,1083807000,17.457842032252472,-41571000,56918000,,242664000,16970294.88
JBI,"Janus International Group, Inc.",NYSE,common,Producer Manufacturing,664231253.6363636,884200000,-8.258974891056235,53800000,81400000,,622400000,13842327.290000001
CWH,"Camping World Holdings, Inc.",NYSE,common,Retail Trade,659015444.2712934,6369149000,4.412723726363424,-89799000,101838000,,3737194000,9091448.959999999
FWRD,Forward Air Corporation,NASDAQ,common,Transportation,658389067.2327956,2495118000,0.842918009491315,-107796000,48216000,,2109981000.0000002,12307779.079999998
NTGR,"NETGEAR, Inc.",NASDAQ,common,Technology Services,657732338.7924528,700802000,3.87545652895698,-17923000,-17258000,,45812000,6317555.2
CNNE,"Cannae Holdings, Inc.",NYSE,common,Consumer Services,651480875.69407,423600000,-6.386740331491712,-415300000,-34600000,,199700000,9969269.66
ANGO,"AngioDynamics, Inc.",NASDAQ,common,Health Technology,650985140,320174000,9.461945038940438,-36742000,-2860000,,10956000,12402605.25
KIDS,OrthoPediatrics Corp.,NASDAQ,common,Health Technology,649089298.789604,236348000,15.445446863383921,-39648000,-2124000,,106056000,6153720.1
CARS,Cars.com Inc.,NYSE,common,Technology Services,647745831.1973019,723239000,0.5683082296927492,20052000,128204000.00000001,,447125000,6453474.5
MLR,"Miller Industries, Inc.",NYSE,common,Consumer Durables,642533578.5675032,790271000,-37.15538767395626,23014000,112729000,,5713000,8932046
METC,"Ramaco Resources, Inc.",NASDAQ,common,Energy Minerals,641819584.6846229,536618000.00000006,-19.46240028816064,-51446000,-135242000,,468418000,22733516.12
TLRY,"Tilray Brands, Inc.",NASDAQ,common,Process Industries,637432795.129707,915454000.0021039,11.462799019611854,-121397000.000279,-102543740,,398401000,13890806.28
KRUS,"Kura Sushi USA, Inc.",NASDAQ,common,Consumer Services,637013299.7208501,282763000,18.877911376439922,-1904000,-24954000,,208411000,8216515.02
SWBI,"Smith & Wesson Brands, Inc.",NASDAQ,common,Electronic Technology,636275067.5822785,523845000,10.361921455522994,18481000,90447000,,53142000,6748139.64
NRDS,"NerdWallet, Inc.",NASDAQ,common,Technology Services,634958253.2464215,836600000,21.669575334496802,48700000,147200000,,12200000,5907450.15
NXRT,"NexPoint Residential Trust, Inc.",NYSE,common,Finance,633876898.3991085,251281000,-3.2421900570271305,-32027000,83143000,,1589496000,5578875.54
CTGO,Contango Silver & Gold Inc.,AMEX,common,Non-Energy Minerals,633850404.8971401,0,,-36086645,-52594940,,32974904.000000004,6358671.2
GDYN,"Grid Dynamics Holdings, Inc.",NASDAQ,common,Technology Services,631978428.6859717,411827000,17.473207994956798,9668000,16001000.000000002,,16707999.999999998,20347799.39
STLN,"Starling Oncology, Inc.",NASDAQ,common,Health Services,631892153.9693301,502729000,27.78690024706923,-50305000,-3286000,,104476000,8099945.840000001
MLAB,"Mesa Laboratories, Inc.",NASDAQ,common,Health Technology,631214049.6988223,249130000,3.382881424860361,6712000,52874000,,161351000,21898315.2
VSTM,"Verastem, Inc.",NASDAQ,common,Health Technology,629415913.9148936,30914000,209.14000000000001,-209471000,-162195000,,84330000,8782033.9
FDMT,"4D Molecular Therapeutics, Inc.",NASDAQ,common,Health Technology,620519134.586748,85209000,230194.5945945946,-140109000,-129354000.00000001,,20535000,5105037.7299999995
KRNY,Kearny Financial,NASDAQ,common,Finance,616964092.0000001,347138000,1.0508604829882864,36264000,,,1150000000,5126415.72
CTRN,"Citi Trends, Inc.",NASDAQ,common,Retail Trade,616575302.6707796,819962000,8.881272748277405,5207000,28739000,,226462000,9264491.24
IMSR,Terrestrial Energy Inc.,NASDAQ,common,Industrial Services,615483851.1728395,0,-100,-28016641,-31939210,,3879000,6834157.75
HY,"Hyster-Yale, Inc.",NYSE,common,Producer Manufacturing,614123109.5479571,3769300000,-12.508704331275242,-60100000,14800000,,500000000,5122327.25
LAES,SEALSQ Corp,NASDAQ,common,Electronic Technology,612526173.7411766,21977486.3376315,76.25771272387314,-41173469.6377915,-40012160,,10095298.2013253,18785595.64
NABL,"N-able, Inc.",NYSE,common,Technology Services,612055626.1714286,508840000,9.298209437399045,-18815000,70765000,,436516000,12001407.120000001
TRTX,"TPG RE Finance Trust, Inc.",NYSE,common,Finance,610313588.75625,332575000,-5.230927929057481,58071000,82892000,,3505120000,12010963.35
OSPN,OneSpan Inc.,NASDAQ,common,Technology Services,609166388.3539878,243180000,0.00041121971880795624,72904000,38994000,,12418000,9850607.190000001
KE,"Kimball Electronics, Inc.",NASDAQ,common,Electronic Technology,605792420.0011891,1486727000,-13.285603466879751,16965000,55102000,,179609000,5605178.04
DDD,3D Systems Corporation,NYSE,common,Technology Services,603113723.3779527,386902000,-12.091901999677361,29883000,-52395000,,152188000,8377480.9799999995
MEI,"Methode Electronics, Inc.",NYSE,common,Electronic Technology,601994211.7635821,1019200000,-2.7573704799160272,-35700000,15600000,,349100000,10811423.360000001
EGY,"VAALCO Energy, Inc.",NYSE,common,Energy Minerals,601696978.4386873,359272000,-24.99352802157883,-41866000,-130939000,,261779999.99999997,7557246.84
SPRY,"ARS Pharmaceuticals, Inc.",NASDAQ,common,Health Technology,600784754.5210083,84278000,-5.463886302706705,-171298000,-175318000,,96522000,7949288.6
NEXN,Nexxen International Ltd.,NASDAQ,common,Technology Services,598441104.028626,364780000.000807,-0.19070967526867086,25043000.0000554,62630260,,29750000,9064280.76
MEC,"Mayville Engineering Company, Inc.",NYSE,common,Producer Manufacturing,596197714.360889,546487000,-6.037957097956685,-8109999.999999999,-5788000,,166923000,13453670.299999999
ODD,ODDITY Tech Ltd.,NASDAQ,common,Technology Services,595006709.4711539,809844000,25.16135014836795,110745000,-24781000,,609019000,10806355.8
DCTH,"Delcath Systems, Inc.",NASDAQ,common,Health Technology,593696364.6643438,85231000,129.08480043004974,2700000,17507000,,2463000,13254518.15
SPIR,"Spire Global, Inc.",NYSE,common,Technology Services,592826255.7921727,71553000,-35.2174267322161,51194000,-109458000,,11766000,9258754.120000001
RWT,"Redwood Trust, Inc.",NYSE,common,Finance,591634508.6666666,1107001000,10.834098424995819,-75668000,-14283747000,,27489619000,5917417.92
NVEC,NVE Corporation,NASDAQ,common,Electronic Technology,591198421.8061093,26331218,1.764364826884523,15199195,15586210,,905825,16395201.9
OPFI,OppFi Inc.,NYSE,common,Finance,585797704.8892262,597050000,13.515589499641623,26329000,387898000,,293587000,12199398.68
NVRI,Enviri Corporation,NYSE,common,Non-Energy Minerals,582590724.1191659,,,,,,420264000,11975119.83
BTGO,"BitGo Holdings, Inc.",NYSE,common,Technology Services,578637454.2903227,16152121000,424.25491736847556,-14782000,,,503234000,8787005.77
MOV,Movado Group Inc.,NYSE,common,Consumer Durables,578031594.5594594,673010000,3.011944922336576,26552000,67958000,,73516000,7574565.449999999
ONT,"Onterris, Inc.",NYSE,common,Industrial Services,575925748.7629495,830538000,19.262487525039667,-843000,52073000,,418629000,10024450.799999999
ETD,Ethan Allen Interiors Inc.,NYSE,common,Consumer Durables,575087298.5128856,579487000,-5.720663337937587,39883000,,,120373000,15697146.4
SGMT,Sagimet Biosciences Inc. - Series A,NASDAQ,common,Health Technology,574520707.197479,0,,-51038000,-41723000,,1940000,10295083.32
DNUT,"Krispy Kreme, Inc.",NASDAQ,common,Distribution Services,572549983.9805825,1522616000,-8.573391209423338,-520057000,37342000,,1263212000,16458522.299999999
SPT,"Sprout Social, Inc",NASDAQ,common,Technology Services,572288874.5078244,457547000,12.721848300600136,-43327000,50842000,,45882000,11646664.3
CLB,Core Laboratories Inc.,NYSE,common,Energy Minerals,571262591.9107,526520000.005757,0.5100716247484298,29669000.0003244,14587330,,165115000.001099,9182684.25
ALT,"Altimmune, Inc.",NASDAQ,common,Health Technology,569809264.3833333,41000,105,-88093000,,,34742000,17679417.830000002
XMAX,"XMAX, Inc.",NASDAQ,common,Consumer Durables,566696728.6284797,16722703,72.6308057985078,-3418578,-780980,,6114631,5968354.59
CTNM,"Contineum Therapeutics, Inc.",NASDAQ,common,Health Technology,563564567.225371,0,,-59978000,-53410000,,6574000,14990710.700000001
RYAM,Rayonier Advanced Materials Inc.,NYSE,common,Process Industries,561446966.6055045,1466397000,-10.053989798246711,-420674000,-36560000,,774773000,8247784.700000001
NUAI,"New Era Energy & Digital, Inc.",NASDAQ,common,Industrial Services,560138854.6367112,885400,66.18491685123315,-29585804,-17564570,,57536436,28667868.39
CRMD,CorMedix Inc.,NASDAQ,common,Health Technology,557008426.7808219,311709000,617.0311488936485,163055000,194577670,,144885000,9603900.2
CMCO,Columbus McKinnon Corporation,NASDAQ,common,Producer Manufacturing,556502611.3023018,1193451000,23.92705500468834,-229535000,-122759000,,2469662000,7296573.840000001
MG,Mistras Group Inc,NYSE,common,Industrial Services,555780614.1984937,724024000,-0.7696946439339949,16837000,28916000,,210605000,5597960
WTI,"W&T Offshore, Inc.",NYSE,common,Energy Minerals,555470038.1312337,501462000,-4.530890357365185,-150062000,38652000,,353394000,15236977.440000001
TCMD,"Tactile Systems Technology, Inc.",NASDAQ,common,Health Technology,555207487.3354038,329522000,12.470988176828769,19086000,26818000,,14362000,13417435.770000001
OOMA,"Ooma, Inc.",NYSE,common,Communications,553850018.1959106,273602000,6.521265164374827,6459000,24548000,,67901000,11317733.42
ZURA,Zura Bio Limited,NASDAQ,common,Health Technology,549086765.2553958,0,,-99353000.0011764,-77632000,,0,7046056.98
IDR,"Idaho Strategic Resources, Inc.",AMEX,common,Non-Energy Minerals,548918326.1925071,42406253,64.58621809977289,16715674,7324710,,2023499.9999999998,5803239.68
CERS,Cerus Corporation,NASDAQ,common,Health Technology,546132456.2846004,206133000,14.34681311366284,-15627000,-2004000,,76799000,7370392.42
HNST,"The Honest Company, Inc.",NASDAQ,common,Retail Trade,543931838.9078695,371317000,-1.8562668499233492,-15686000,52708000,,9508000,15378410.190000001
ASPI,ASP Isotopes Inc.,NASDAQ,common,Health Technology,541384824.0509257,23849000,475.47537224079963,-175092000,-65801660,,261837000,9699763.7
OXM,"Oxford Industries, Inc.",NYSE,common,Consumer Non-Durables,537812161.1140498,1477834000,-2.5561766080861084,-27889000,23807000,,592429000,8967142.98
EOLS,"Evolus, Inc. Common Stock",NASDAQ,common,Health Technology,536329565.4004796,297176000,11.60533886147352,-51641000,-18280000,,164804000,7786324.839999999
SLDP,"Solid Power, Inc.",NASDAQ,common,Producer Manufacturing,536225870.7053942,21747000,7.984507671681812,-93410000,-72930000,,7705000,6223321.7
LMB,"Limbach Holdings, Inc.",NASDAQ,common,Miscellaneous,536028475.84375,646804000,24.67765781707504,39064000,50733000,,59586000,15442572.500000002
CSV,"Carriage Services, Inc.",NYSE,common,Consumer Services,535074529.76664674,418328000,2.5849279157991796,50820000,37424000,,549273000,14910082.229999999
FIP,FTAI Infrastructure Inc.,NASDAQ,common,Consumer Services,532999598.0686498,502520000,51.59111545504182,-107174000,-318872000,,2892676000,6972099.199999999
AQST,"Aquestive Therapeutics, Inc.",NASDAQ,common,Health Technology,530725339.02040815,44545000,-22.612532791299664,-83784000,-45949000,,149085000,38552943.330000006
ITIC,Investors Title Company,NASDAQ,common,Finance,530319157.22483766,272755000,5.5970235929043195,35180000,26317000,,8717000,17766292.5
XRN,Chiron Real Estate Inc.,NYSE,common,Finance,525721301.6666667,161027000,3.238980605866325,-5836000,-187641000,,650326000,6785028.9
CCOI,"Cogent Communications Holdings, Inc.",NASDAQ,common,Communications,524961244.24676526,975766000,-5.823546670990557,-182174000,-142918000,,2635861000,15476864.5
AMSF,"AMERISAFE, Inc.",NASDAQ,common,Finance,516599957.18843675,317252000,2.6562646621991113,47145000,19307000,,0,8333325.09
EVMN,"Evommune, Inc.",NYSE,common,Health Technology,512444654.7079521,13000000,85.71428571428571,-68870000,-74654000,,8629000,9807173.08
REAX,"The Real Brokerage, Inc.",NASDAQ,common,Commercial Services,510767517.8086957,1968416000.0021,55.6504267225481,-8105000.000008641,83094670,,0,11001512.07
ASPN,"Aspen Aerogels, Inc.",NYSE,common,Process Industries,510381015.8306189,271103000,-40.11407138076294,-389552000,34380000,,125113000,6424812.75
BTBT,"Bit Digital, Inc.",NASDAQ,common,Commercial Services,509817991.5703704,113560320,5.099086799236507,-80316584,-697556780,,363872730,39857618.94
TATT,TAT Technologies Ltd.,NASDAQ,common,Electronic Technology,508097179.0794913,178015000.000394,17.025822398733943,16822000.0000372,7333340,,16672999.999999998,8512121.13
WNC,Wabash National Corporation,NYSE,common,Producer Manufacturing,507177795.33898306,1542754000,-20.75192372890062,211451000,-16021000,,545110000,12866888.25
ABTC,American Bitcoin Corp.,NASDAQ,common,Technology Services,504640681.23121387,185164000,158.83668591078742,-153171000,-139192000,,205140000,6055136.01
RLMD,"Relmada Therapeutics, Inc.",NASDAQ,common,Health Technology,503481647.12304246,0,,-57385163,-45992000,,0,7849478
ARKO,ARKO Corp.,NASDAQ,common,Retail Trade,500348303.9183674,7643471000,-12.465594788433574,22744000,39978000,,2334202000,8562722.78
BLSM,"BlossomHill Therapeutics, Inc.",NASDAQ,common,Health Technology,497653038.4,0,,-60555000,,,279845000,6889933.68
GEMI,"Gemini Space Station, Inc.",NASDAQ,common,Finance,497439035.3851852,146167000,-22.13396833514458,-582813000,,,494087000,5695886.399999999
VITL,"Vital Farms, Inc.",NASDAQ,common,Process Industries,494571156.0415224,759444000,25.25733662979316,66282000,-126126000,,108248000,13738625.28
IPI,"Intrepid Potash, Inc",NYSE,common,Non-Energy Minerals,490361201.429501,298328000,17.131930866058877,11185000,31028000,,3243000,6158651.52
CPS,Cooper-Standard Holdings Inc.,NYSE,common,Producer Manufacturing,489897038.0557987,2740915000,0.36698618364029645,-4165000,-4893000,,1239600000,6367732.62
KYTX,"Kyverna Therapeutics, Inc.",NASDAQ,common,Health Technology,489401482.4563592,0,,-161307000,-160228000,,32997999.999999996,8303438.15
DNA,"Ginkgo Bioworks Holdings, Inc.",NYSE,common,Health Services,485523413.2316912,170155000,-25.0560466519558,-312763000,-174800000,,404113000,7676162.55
MPLT,"MapLight Therapeutics, Inc.",NASDAQ,common,Health Technology,484994688.53756267,0,,-161152000,-164262000,,5591000,5445568.98
AMCX,AMC Global Media Inc.,NASDAQ,common,Consumer Services,484687146.2044107,2311801000,-4.522874769649868,89400000,185360000,,1749626000,6017692
BIOA,"BioAge Labs, Inc.",NASDAQ,common,Health Technology,480999636.73851925,8995000,,-80605000,-88089000,,2835000,6440693.600000001
SFIX,"Stitch Fix, Inc.",NASDAQ,common,Retail Trade,473661768.4491978,1267171000,-5.255976217748761,-28739000,18221000,,74531000,6304508.899999999
NGS,"Natural Gas Services Group, Inc.",NYSE,common,Producer Manufacturing,473625005.9314845,172315000,9.935435301323194,19928000,-31205000,,329282000,6274787.04
EVH,"Evolent Health, Inc",NYSE,common,Commercial Services,471457411.1853659,1876229000,-26.558934937044498,-534510000,24338000,,970434000,15258451.17
IBEX,IBEX Limited,NASDAQ,common,Commercial Services,470359637.38184804,558273000,9.77330509724344,36864000,32311999.999999996,,61025000,7629006.45
CABA,"Cabaletta Bio, Inc.",NASDAQ,common,Health Technology,464706157.52688175,0,,-167856000,-143283000,,26450000,7998593.4
BBW,"Build-A-Bear Workshop, Inc.",NYSE,common,Retail Trade,463634650.04994565,529832000,6.734031152045511,52203000,28966000,,125690000,9865339.5
CLPT,ClearPoint Neuro Inc.,NASDAQ,common,Health Technology,463054149.2536913,36971000,17.779547626632684,-25540000,-31290000,,63946000,8151280.5
IHRT,"iHeartMedia, Inc.",NASDAQ,common,Consumer Services,462123227.18228275,3864991000,0.27134292827248546,-472866000,36262000,,5764538000,5074891.59
IIIV,"i3 Verticals, Inc.",NASDAQ,common,Technology Services,461987235.4123894,213158000,11.465654283801873,-8087000,49927000,,118872000,14481216.58
DIN,"Dine Brands Global, Inc. Common Stock",NYSE,common,Consumer Services,461679206.6054687,879300000,8.247384606293688,16000000,6258000,,1689300000,9062247.95
AIRJ,AirJoule Technologies Corporation,NASDAQ,common,Producer Manufacturing,457571728.8,0,,-9040198,-8088150.000000001,,115735,8893699.92
CAL,"Caleres, Inc.",NYSE,common,Retail Trade,455140975.0848057,2757853000,1.2917405368160746,-6692000,23740000,,949284000,6470707.65
LRMR,"Larimar Therapeutics, Inc.",NASDAQ,common,Health Technology,453968417.9907193,0,,-165673000,-156077000,,4956000,5159929.94
RZLT,"Rezolute, Inc.",NASDAQ,common,Health Technology,452573930.04329,0,,-74412000,,,1111000,11239044.200000001
VELO,"Velo3D, Inc.",NASDAQ,common,Producer Manufacturing,449995124.2658875,45973000,12.121064312367388,-71362000,-58669000,,30815000,71948117.6
AII,"American Integrity Insurance Group, Inc.",NYSE,common,Finance,448825618.34373444,276485000,35.297082513677246,99621000,163641000,,33476999.999999996,11366063.38
AVBC,"Avidia Bancorp, Inc.",NYSE,common,Finance,444488192.0307693,147606000,4.869557803796749,-3289000,,,187877000,7431600.96
TREE,"LendingTree, Inc.",NASDAQ,common,Finance,444211695.2639594,1117324000,24.116909329840848,151308000,74377000,,436062000,17933172.32
SPCE,"Virgin Galactic Holdings, Inc.",NYSE,common,Electronic Technology,442282071.70212764,1544000,-78.05571347356452,-278907000,-409530000,,368426000,54045103.199999996
CCCC,"C4 Therapeutics, Inc.",NASDAQ,common,Health Technology,431212125.3488372,35947000,1.020121402877698,-104994000,-85393000,,56858000,7631757.899999999
SWMR,"Swarmer, Inc",NASDAQ,common,Technology Services,430608958.435774,309920,-5.916638839136638,-8529263,,,129690,8106622.9799999995
STRZ,Starz Entertainment Corp.,NASDAQ,common,Consumer Services,428275561.1432151,1369600000.00795,-1.6374604992875237,-211200000.001225,,,787200000,5900209.140000001
ASIX,AdvanSix Inc.,NYSE,common,Process Industries,427158762.86021507,1522233000,0.30812681171119105,49286000,-25752000,,423941000,7678505.94
CMPX,"Compass Therapeutics, Inc.",NASDAQ,common,Health Technology,426808382.24999994,0,-100,-66489000.00000001,-56375000,,9633000,19641258.87
ABEO,Abeona Therapeutics Inc.,NASDAQ,common,Health Technology,425183778.67567563,5820000,,71183000,-85237000,,23173000,16508778.58
BNTC,Benitec Biopharma Inc.,NASDAQ,common,Health Technology,423932489.5059347,0,,-37917000.000164,-20567620,,876000.0000057,15654931.22
ISTR,Investar Holding Corporation,NASDAQ,common,Finance,423643564.4484808,153226000,-1.8461577881979143,22904000,25596000,,196984000,6505224
AIOT,"PowerFleet, Inc.",NASDAQ,common,Technology Services,421469381.28169024,443777000,22.41617588237728,-20552000,15806000,,295614000,15284665.92
SHOE,"Shoe Station Group, Inc.",NASDAQ,common,Retail Trade,420030741.552665,1135324000,-5.616580138583489,52269000,62211000,,361201000,5190277.82
SENS,"Senseonics Holdings, Inc.",NASDAQ,common,Electronic Technology,419291242.19440913,35257000,56.89302242791029,-69113000,-97243000,,62818000,8219016.779999999
SERV,Serve Robotics Inc.,NASDAQ,common,Producer Manufacturing,418797253.5857143,2651000,46.26344081572075,-101361000,-169806000,,9697000,29474674.11
RMAX,"RE/MAX Holdings, Inc.",NYSE,common,Finance,417707620.1197359,291601000,-5.227424151323594,8153000.000000001,25844000,,453906000,8825703.03
MRAM,"Everspin Technologies, Inc.",NASDAQ,common,Electronic Technology,415411182.63746953,55202000,9.523431609856752,-586000,-4818000,,4009000.0000000005,20777988.16
ARQQ,Arqit Quantum Inc.,NASDAQ,common,Technology Services,412785167.24231243,530000.000004177,80.88737201382918,-35343000.0002785,-41703000,,2172000.00002856,6661595.96
XRX,Xerox Holdings Corporation,NASDAQ,common,Electronic Technology,412327577.7826086,7022000000,12.875743449606173,-1029000000,118000000,,4223000000,5425888.600000001
PESI,"Perma-Fix Environmental Services, Inc.",NASDAQ,common,Industrial Services,411985038.2974213,61674000,4.325320973662398,-13784000,-17476000,,4109000,37171513.57
BRCB,"Black Rock Coffee Bar, Inc.",NASDAQ,common,Consumer Services,411959284.02315485,200321000,24.487157975850906,-60000,,,191042000,6556133.220000001
MASS,908 Devices Inc.,NASDAQ,common,Health Technology,411092579.034965,56197000,17.69991203451598,-36639000,494000,,4298000,8601308.28
GRRR,Gorilla Technology Group Inc.,NASDAQ,common,Technology Services,406369432.95428574,101360657.000019,35.7374940123276,-11276598.000002202,-11899790,,15210731,18455681.76
FSTR,L.B. Foster Company,NASDAQ,common,Producer Manufacturing,405431651.57511866,540009000,1.7416370710201314,7545000,47078000,,70322000,5640444.62
TDUP,ThredUp Inc.,NASDAQ,common,Retail Trade,404509186.9044586,310813000,19.52920997881022,-20214000,1613000,,50609000,11731495.16
BBBY,"Bed Bath & Beyond, Inc.",NYSE,common,Retail Trade,403247519.6838408,1044616000,-25.115200105522433,-84621000,-80711000,,153088000,12415523.760000002
WEAV,"Weave Communications, Inc.",NYSE,common,Technology Services,400795582.63419473,239024000,16.98855682919428,-28052000,11022000,,51381000,9210514.26
ERII,"Energy Recovery, Inc.",NASDAQ,common,Producer Manufacturing,397129125.48445606,134987000,-6.872119656704473,22962000,38596000,,8233000.000000001,5562007.58
RR,Richtech Robotics Inc.,NASDAQ,common,Consumer Durables,391292938.6494253,5045000,18.985849056603772,-49074000,-8205999.999999999,,813000,8574524
CRNC,Cerence Inc.,NASDAQ,common,Technology Services,390789451.72953737,251781000,-24.048880254838554,-18714000,78639000,,187052000,6956349.12
GCO,Genesco Inc.,NYSE,common,Retail Trade,390521156.489951,2436096000,4.7755285665500535,13269000,85452000,,575723000,7682811.6
BBCQ,Bleichroeder Acquisition Corp. II,NASDAQ,common,Finance,389850008.65815324,0,,-62576.00000000001,,,0,28878732
GOGO,Gogo Inc.,NASDAQ,common,Communications,383487253.20069206,910491000,104.73860434576319,12923000,-8358000.000000001,,880694000,5581051.49
LXEO,"Lexeo Therapeutics, Inc.",NASDAQ,common,Health Technology,382400351.95606697,0,,-99961000,-88698000,,6811000,7939429.51
KEYY,Keystone Acquisition Corp.,NASDAQ,common,Finance,378349996.7099999,0,,-26606,,,181475,5151004.949999999
ALIT,"Alight, Inc.",NYSE,common,Technology Services,376877927.1931902,2262000000,-3.0017152658662094,-3088000000,249000000,,2108000000,5976038.35
MPTI,"M-tron Industries, Inc.",AMEX,common,Electronic Technology,369396965.9500117,54417000,11.027911531869746,8447000,8681000,,128000,22236254.32
CION,CION Investment Corporation,NYSE,common,Miscellaneous,365576061.99464524,201252000,-10.203061766293798,-20631000,8573000,,1159941000,5354199.17
PTLO,Portillo's Inc.,NASDAQ,common,Consumer Services,361489758.65188473,732066000,3.027496854567,19345000,-7898000,,691388000,9266225.36
PLAY,"Dave & Buster's Entertainment, Inc.",NASDAQ,common,Consumer Services,360758770.40677965,2102800000.0000002,-1.4019787124302305,-48700000,-33299999.999999996,,3564900000,11925095.569999998
ISSC,"Innovative Solutions and Support, Inc.",NASDAQ,common,Electronic Technology,360180975.97349995,84296889,78.60259604110512,15627660,13195400,,54920908,5109839.46
MNRO,"Monro, Inc.",NASDAQ,common,Retail Trade,358911415.1012007,1157176000,-3.192245849277273,2173000,10201000,,527842999.99999994,17865049.72
JACK,Jack In The Box Inc.,NASDAQ,common,Consumer Services,358011785.1836506,1465314000,-6.745471601330358,-80719000,21888000,,2610131000,29622738.919999998
LAND,Gladstone Land Corporation,NASDAQ,common,Finance,353288540.5213154,88339000,3.6648047315058205,13529000,24807000,,492059000,7906683.329999999
STRO,"Sutro Biopharma, Inc.",NASDAQ,common,Health Technology,352950391.0543131,102484000,65.18221233660526,-191086000,,,249847000,30545115.900000002
ALMU,"Aeluma, Inc.",NASDAQ,common,Commercial Services,347745401.7482133,4665000,407.86344624268145,-3022000,-2223150,,1089000,8050390.25
PACB,"Pacific Biosciences of California, Inc.",NASDAQ,common,Health Technology,345022127.63157904,160005000,3.889906112431337,-546376000,-123423000,,706127000,14741742.39
BMBL,Bumble Inc.,NASDAQ,common,Technology Services,344437323.08633095,965658000,-9.889954023868023,-655511000,255040000,,459817000,17820800.73
ABAT,American Battery Technology Company,NASDAQ,common,Non-Energy Minerals,343764332.5263158,4290224.00000061,1148.97350800588,-46762625.0000067,-36869860,,220589,6226841.88
IMXI,"International Money Express, Inc.",NASDAQ,common,Commercial Services,342901958.6328461,520616000,-8.61656471331654,32671000,8842000,,135425000,8889671.85
STRT,STRATTEC SECURITY CORPORATION,NASDAQ,common,Producer Manufacturing,341303387.25799686,565066000,5.076557461795651,18685000,57819000,,1000000,8727953.85
TSSI,"TSS, Inc.",NASDAQ,common,Technology Services,339975589.7385965,245719000,65.86496921913813,15125000,-19106000,,40192000,9170358.049999999
BKKT,"Bakkt, Inc.",NYSE,common,Commercial Services,338922318.5888738,2335243000,-32.13586178196461,-107211000,-90035000,,63000,8320045.279999999
OSS,"One Stop Systems, Inc.",NASDAQ,common,Electronic Technology,332950745.365566,32215500,31.176963834036087,5087694,-5639150,,1367134,9954200.549999999
FNKO,"Funko, Inc.",NASDAQ,common,Consumer Durables,332033643.3591906,908209000,-13.491546411392093,-67360000,27244000,,261360000,6756105.28
BLND,"Blend Labs, Inc.",NYSE,common,Technology Services,331118132.9166666,123585000,6.757830721653047,-25887000,7554000,,2041999.9999999998,5510090.6
GTE,Gran Tierra Energy Inc.,AMEX,common,Energy Minerals,330806995.08919203,596713000.0006361,-4.042138847220442,-193119000.000206,206891840,,597529000,6797861.399999999
PNRG,PrimeEnergy Resources Corporation,NASDAQ,common,Energy Minerals,323438207.18105304,185909000,-20.51570369483612,26312000,31808000,,806000,18707841.400000002
NHP,"National Healthcare Properties, Inc.",NASDAQ,common,Finance,320031706.75492615,339806000,-3.9059097670367455,-57621000,23778000,,860955000,7567545.66
ORBS,Eightco Holdings Inc.,NASDAQ,common,Finance,316788916.1195652,32981126.000000004,-16.759042970654743,-262013060,-21011900,,8475000,6237466.9812
SMTI,Sanara MedTech Inc.,NASDAQ,common,Health Technology,315597789.94153565,103117982,18.9743819905812,-37562606,4503870,,48529769,11065657.559999999
ALTO,"Alto Ingredients, Inc.",NASDAQ,common,Process Industries,314928086.63309354,917927000,-4.903455863613666,13338000,49944000,,82938000,7602094.219999999
VNDA,Vanda Pharmaceuticals Inc.,NASDAQ,common,Health Technology,313801342.4665315,216105000,8.720041052059646,-220474000,-143005000,,22832000,5586121.5600000005
PDYN,Palladyne AI Corp.,NASDAQ,common,Producer Manufacturing,313299550.2369668,5246000,-32.622656049319296,10039000,-36705000,,10557000,7910302.949999999
FOSL,"Fossil Group, Inc.",NASDAQ,common,Consumer Durables,311465401.82824427,1004406000,-12.278185835684155,-78299000,-22533000,,346165000,6046155.06
FVRR,Fiverr International Ltd.,NYSE,common,Technology Services,311333283.69600004,430909000.00095296,10.071497722785905,20983000.0000464,92519420,,2678000,10415182.82
AGEN,Agenus Inc.,NASDAQ,common,Health Technology,310640789.2972182,114196000,10.373756801948522,115000,-98504000,,290173000,7959156.9
MVST,"Microvast Holdings, Inc.",NASDAQ,common,Producer Manufacturing,306504793.28936714,427516000,12.563158074886585,-29218000,1451000,,193042000,5825005.760000001
NNBR,"NN, Inc.",NASDAQ,common,Producer Manufacturing,302245969.66027397,422207000,-9.06394710202675,-34004000,7696000,,214800000,7126726.38
HVMC,Highview Merger Corp.,NASDAQ,common,Finance,300276102.99853164,0,,3148918,-785880,,0,13012399.96
AREC,American Resources Corporation,NASDAQ,common,Energy Minerals,299519581.1034483,0,-100,55411737,,,20245094,5843840.8
RXST,"RxSight, Inc.",NASDAQ,common,Electronic Technology,293648399.153409,134479000,-3.893458732053142,-38944000,-27165000,,10580000,5727481.4799999995
BGS,"B&G Foods, Inc.",NYSE,common,Consumer Non-Durables,290577866.29912025,1828687000,-5.369700908792654,-43257000,,,2575214000,19692652.78
SRZN,"Surrozen, Inc.",NASDAQ,common,Health Technology,284318540.11217564,3477000,-67.36743312998593,-242026000,-34984000,,6316000,6567439.86
SION,"Sionna Therapeutics, Inc.",NASDAQ,common,Health Technology,282577485.2941176,0,,-75268000,-76207000,,8069000.000000001,58700425
BETR,Better Home & Finance Holding Company,NASDAQ,common,Finance,279933827.8444945,204619000.00023702,57.969134801412615,-165872000.00019202,-262476620.00000003,,657714999.999999,8787972.135
DUOT,"Duos Technologies Group, Inc.",NASDAQ,common,Technology Services,276757642.29874575,27023651,271.1588769771807,-9835031,-74723920,,5229259,5264868
NATR,"Nature's Sunshine Products, Inc.",NASDAQ,common,Health Technology,272906511.5140713,480144000,5.673865006910759,19521000,18085000,,21428000,5143813.95
CEPO,"Cantor Equity Partners I, Inc.",NASDAQ,common,Finance,272085007.9925094,0,,-6656942,0,,769533,6042260.95
EMBC,Embecta Corp.,NASDAQ,common,Health Technology,269133102.920082,1080400000,-3.801976671712225,95400000,164600000,,1501700000,7843052.75
SMJF,SMJ International Holdings Inc.,AMEX,common,Producer Manufacturing,265968011.60439563,10492184.259538502,11.770815217098631,-556876.1355887351,,,5467409.21598264,5231001.6
SILC,Silicom Ltd,NASDAQ,common,Electronic Technology,265849152.51230675,61926000.000137,6.559520941632156,-11479000.000025399,,,6440000,12489940.38
FF,FutureFuel Corp.,NYSE,common,Process Industries,256600391.32653058,95742000,-60.65488885875261,-49397000,-50937000,,324000,5444284.949999999
USAU,U.S. Gold Corp.,NASDAQ,common,Non-Energy Minerals,252189216.2191601,0,,-17208080,-20140630,,96223,5191055.24
CEPL,"Capstone Energy Plus, Inc.",NASDAQ,common,Producer Manufacturing,251903014.58,106004000,23.888551259875648,2825000,-3364000,,37825000,5576805.08
SIDU,"Sidus Space, Inc.",NASDAQ,common,Electronic Technology,249363718.6153846,3383878,-27.581117850571175,-29474304,-29474950,,722714,19175910.56
CAPR,"Capricor Therapeutics, Inc.",NASDAQ,common,Health Technology,242650847.1399491,0,-100,-105043946,-113963520,,21124592,11528265.440000001
ESOA,Energy Services of America Corporation,NASDAQ,common,Industrial Services,239397291.6190476,411001373,16.802614366848065,379708,5397610,,48710780,7652325.2
QUIK,QuickLogic Corporation,NASDAQ,common,Electronic Technology,238380452.93886155,13774000,-29.906874968195,-14816000,,,7876000,10467806.28
EBS,Emergent BioSolutions Inc.,NYSE,common,Health Technology,233293662.23595503,742900000,-28.813721732464536,52600000,85900000,,588200000,7727578.949999999
DYOR,Insight Digital Partners II,NASDAQ,common,Finance,232070005.99702817,0,,893385,,,0,6548823.6899999995
SUJA,"Suja Life, Inc.",NASDAQ,common,Consumer Non-Durables,226728825.8707483,326624000,,-21263000,,,191585000,12642665.120000001
STIM,"Neuronetics, Inc.",NASDAQ,common,Health Technology,223376985.92163008,149157000,99.16811323274135,-38998000,-11305000,,86523000,13940413.68
PDEX,"Pro-Dex, Inc.",NASDAQ,common,Health Technology,215223890.77742803,66593000,23.67766139216997,8978000,6969000,,20172000,7724040.029999999
GSHR,Gesher Acquisition Corp. II,NASDAQ,common,Finance,214972682,0,,3473428,-1093050,,0,13049037.33
BYND,"Beyond Meat, Inc.",NASDAQ,common,Consumer Non-Durables,213600638.5787835,275496000,-15.609032874664575,178012000,-118632000,,411656000,45749244.5776
SLNH,"Soluna Holdings, Inc.",NASDAQ,common,Electronic Technology,212958932.5984252,29717000,-21.840561794797612,-53411000,-49679000,,27992000,12583503.9
EGHA,EGH Acquisition Corp.,NASDAQ,common,Finance,212197558.00085023,0,,3373817,-1033220,,0,17191955.6702
PLX,"Protalix BioTherapeutics, Inc. (DE)",AMEX,common,Health Technology,211097703.05349794,52744000,-1.226614730612933,-6604000,7668000,,9207000,5269634.82
SES,SES AI Corporation,NYSE,common,Producer Manufacturing,210897728.35056344,21000000.0001048,929.4117647108784,-73040000.0003645,-60266730,,7145000,5853133.0836000005
SSTK,"Shutterstock, Inc.",NYSE,common,Technology Services,208384939.3863216,989925000,5.844672401957954,45496000,90148000,,286787000,5835612.12
NCMI,"National CineMedia, Inc.",NASDAQ,common,Commercial Services,208192239.055409,243200000,0.9966777408637874,-10600000,21200000,,21900000,23433611.82
EVI,"EVI Industries, Inc.",AMEX,common,Distribution Services,206034504.32005498,389830000,10.25757785741155,6425000,10220000,,73005000,7966511.960000001
OTLK,"Outlook Therapeutics, Inc.",NASDAQ,common,Health Technology,205696692.21238938,1413535,,-62424863,,,27187961,8764570.100000001
TNXP,Tonix Pharmaceuticals Holding Corp.,NASDAQ,common,Health Technology,205297758.09481367,13107000.000155,29.849415494791348,-124021000.001466,-160395440,,1272000,5608328.04
VLN,Valens Semiconductor Ltd.,NYSE,common,Electronic Technology,202469581.67857143,70625000,22.06398313140566,-31583000,-11389000,,7977000,5087290.12
PYXS,"Pyxis Oncology, Inc.",NASDAQ,common,Health Technology,201470421.45583043,13858000,-14.170692431561996,-79621000,-66976000,,18257000,6147083.100000001
GCTS,"GCT Semiconductor Holding, Inc.",NYSE,common,Electronic Technology,199574303.25,2866000,-68.60210341805434,-43372000,-40659000,,55612000,6231389.359999999
CABO,"Cable One, Inc.",NYSE,common,Consumer Services,190700613.05163765,1501423000,-4.945674125790894,-356459000,252956000,,3070345000,6418837.8
NEOV,NeoVolta Inc.,NASDAQ,common,Producer Manufacturing,189065451.2530864,8426835,218.58622373984525,-5034596,-10366460,,1451612,8748602.28
CRBP,"Corbus Pharmaceuticals Holdings, Inc.",NASDAQ,common,Health Technology,188771027.44900104,0,,-78537000,-86687000,,4264000,5385431.36
HUMA,"Humacyte, Inc.",NASDAQ,common,Health Technology,179309366.471831,2037999.9999999998,,-40833000,,,64662000.00000001,7411480.86
ZENA,"ZenaTech, Inc.",NASDAQ,common,Technology Services,169231472.69230768,9241270.783434419,544.7419899375324,-32361299.6655063,-42584320,,11691912.865895199,11848306.9
CURI,CuriosityStream Inc.,NASDAQ,common,Consumer Services,166005281,71658000,40.137677474869946,-6427000,12320000,,3783000,6532526
AMPG,"Amplitech Group, Inc.",NASDAQ,common,Electronic Technology,162421699.74235103,25195930,164.98679269174576,-7007155,-10470250,,4055193,12223998.200000001
LENZ,"LENZ Therapeutics, Inc.",NASDAQ,common,Health Technology,158026151.81573898,19088000,,-82127000,-114419000,,569000,10775903.040000001
PAL,"Proficient Auto Logistics, Inc.",NASDAQ,common,Transportation,148014496.09215686,430425174,78.70752913022889,-36019566,,,82398575,14320057.700000001
UNCY,"Unicycive Therapeutics, Inc.",NASDAQ,common,Health Technology,143913147.686,0,,-26555000,-27848000,,738000,8142549.029999999
MIST,Milestone Pharmaceuticals Inc.,NASDAQ,common,Health Technology,140060223.42519683,1546000.00000165,,-63058000.000067204,-51586720,,137328000,6507711
CUE,"Cue Biopharma, Inc.",NASDAQ,common,Health Technology,127774422.9433428,27466000,195.74674275869495,-26602000,-24605000,,3440000,5497958.7
BWEN,"Broadwind, Inc.",NASDAQ,common,Producer Manufacturing,127318392.6292135,158052000,10.420858484238765,5242000,8699000,,21838000,5819396.48
SIF,"SIFCO Industries, Inc.",AMEX,common,Electronic Technology,123706653.92709832,84815000,6.507352479499705,-718000,3243000,,19518000,5633462.680000001
BRKH,Burtech Acquisition Corp II,NASDAQ,common,Finance,122257575.72,0,,-55180,,,118198,7027198.32
MVIS,"MicroVision, Inc.",NASDAQ,common,Electronic Technology,110616181.3598901,1208000,-74.27597955706985,-94981000,-68301000,,45451000,8548648.350000001
GRWG,GrowGeneration Corp.,NASDAQ,common,Distribution Services,106961817.53020135,161741000,-14.362034458293182,-24046000,-7337000,,26067000,6298417.86
EVTL,Vertical Aerospace Ltd.,NYSE,common,Electronic Technology,105198404.03699526,0,,306973542.687228,-129528490,,118738385.4,13149011.831400001
GPRO,"GoPro, Inc.",NASDAQ,common,Consumer Durables,101007931.526129,651542000,-18.706930863547495,-93487000,-25561000,,86048000,8821981.6659
WATT,Energous Corporation,NASDAQ,common,Electronic Technology,93408694.37942122,5630000,633.0729166666667,-9593000,-13423000,,996000,7142535.12
MNTS,Momentus Inc.,NASDAQ,common,Electronic Technology,91542052.66528067,1110000,-47.49290444654683,-30468000,-31322000,,7853000,5591964.600000001
PLAG,Planet Green Holdings Corp.,AMEX,common,Consumer Non-Durables,82692066,3040616,-35.20490706345053,-26975710,3124340,,5664370,28291518
NBRG,Newbridge Acquisition Limited,NASDAQ,common,Finance,75387032.49498999,0,,-28349.5213207761,,,281625.467830478,11341497.15
USIO,"Usio, Inc.",NASDAQ,common,Finance,65678468.26008969,85393626,2.9684449301981,-2512339,-535930,,4873153,6418000.819999999
TENX,"Tenax Therapeutics, Inc.",NASDAQ,common,Health Technology,64369141.975308634,0,,-52599000,-46029000,,0,21399863.32
XHLD,"TEN Holdings, Inc.",NASDAQ,common,Commercial Services,64079322.28291317,3104000,-11.415525114155251,-19509000,-5184000,,525000,116407798.44999999
LGCL,Lucas GC Limited,NASDAQ,common,Commercial Services,60762369.02158274,144992909.597211,-1.873360206474461,1360794.418435,,,13574551.2045391,12258277.799999999
ZTG,Zenta Group Company Limited,NASDAQ,common,Technology Services,54520418.66019418,,,,,,,41370044.94
GLND,Greenland Energy Company,NASDAQ,common,Finance,48759166.343283586,0,,1249047,-4037670.0000000005,,1081250,15612845.48
DGNX,Diginex Limited,NASDAQ,common,Technology Services,47143524,1673293.6399994101,57.02518895176658,-4274560.77999848,,,,9304596.360000001
TJGC,TJGC Group Limited,NASDAQ,common,Electronic Technology,37875000.981675394,3679798.3090765798,-5.8904639141573245,-3011754.95988311,-3803820,,2057003.6480049198,10264680
DFNS,T3 Defense Inc.,NASDAQ,common,Commercial Services,37216530.749316566,0,-100,78549000,-9968490,,18604000,15553824.62
ZONE,CleanCore Solutions Inc.,AMEX,common,Distribution Services,32360210.51964512,2072833.9999999998,29.150708454285507,-6742275,-14973240,,310936,5634642.58
NCI,Neo-Concept International Group Holdings Limited,NASDAQ,common,Retail Trade,28986096.696610168,17604750.921647,-41.71065084262358,42544.5486841231,2226710,,5966348.81508368,15011487.28
DOGZ,Dogness (International) Corporation,NASDAQ,common,Consumer Non-Durables,18573642.413162705,20707707.000004303,39.46554200039833,-5101237.0000010505,-6346150,,15323337,50883449.6
SCNX,"Scienture Holdings, Inc.",NASDAQ,common,Commercial Services,18283867.39183574,431609,215.86616218906204,-41512264,,,10004,14818755.6
CHOW,ChowChow Cloud International Holdings Limited,AMEX,common,Technology Services,17745001.412429377,32223622.700390402,38.28273844697921,-3020888.3274042998,-7260190,,605779.2767037649,119616430.5
PMA,Ming Shing Group Holdings Limited,NASDAQ,common,Industrial Services,15440250,4343697.62167292,23.270406270359867,-735358.4632478431,,,,5675086.2
SCKT,"Socket Mobile, Inc.",NASDAQ,common,Electronic Technology,13432761.985611511,15078332,-19.635891127631044,-14378538,,,7848000,40316058.14
BANL,CBL International Limited,NASDAQ,common,Transportation,12882844.91172914,125752461.569026,-2.896838098310633,-693677.221740727,953000,,514754.80532281904,17647973.49
LESL,"Leslie's, Inc.",NASDAQ,common,Retail Trade,12354472.511278195,1241915000,-6.6314267649334155,-236970000,2768000,,1089004000,7715480.5200000005
BIVI,BioVie Inc.,NASDAQ,common,Health Technology,11766046.960629921,0,,-17542120,-20510670,,295717,196111361.16
BQ,Boqii Holding Limited,AMEX,common,Retail Trade,9691924.46096654,59196021.779488,-8.871274990887205,-714913.176530477,,,4536348.10804552,147854939.64
GXAI,Gaxos.ai Inc.,NASDAQ,common,Technology Services,9353203.496894414,1933030,47901.73826669978,-3900583,-5112760,,0,26698953.1625
FGI,FGI Industries Ltd.,NASDAQ,common,Producer Manufacturing,9134911.77802198,130528652,-0.9781822557821794,-6139526,1383600,,24449043,5363276.050000001
HXHX,Haoxin Holdings Limited,NASDAQ,common,Transportation,7452500.000000001,4596264.9677597,29.35525668761076,551980.339256666,-1968640,,1669786.99655846,19041945.622
CYCU,"Cycurion, Inc.",NASDAQ,common,Technology Services,7113004.557048122,15133647,-14.84309274098366,-23665708,-12745080,,6512635,26117674.84
ZBAO,Zhibao Technology Inc.,NASDAQ,common,Finance,6879968.7507692315,38378319.8954959,51.01215703512353,-8594793.570964301,-14905140,,8320943.5974396905,10966109.748000002
RMCF,"Rocky Mountain Chocolate Factory, Inc.",NASDAQ,common,Consumer Non-Durables,6348122,27497000,-7.038777511072045,-4560000,-3350000,,8268000.000000001,308281713.84000003
DRMA,"Dermata Therapeutics, Inc.",NASDAQ,common,Health Technology,5550556.777777777,0,,-7558557,-8144920.000000001,,0,23118191.939999998
CPOP,"Pop Culture Group Co., Ltd",NASDAQ,common,Commercial Services,4826217.755555556,107632769.000022,127.16000859217537,-6887895.000001419,-1475630,,7741782,6367194.072000001
IVDA,"Iveda Solutions, Inc.",NASDAQ,common,Electronic Technology,4266601.879194631,5280312,-12.296485472721418,-3198112,,,502418.99999999994,32405858.096
ALP,Alpha Compute Corp,NASDAQ,common,Technology Services,4224757.382198952,97000.0000004309,,-38626000.0001716,,,138000,9962354.34
FEED,"ENvue Medical, Inc.",NASDAQ,common,Health Technology,3788392.007785032,2553000,-0.1954652071931196,-14280000,-12413000,,1210000,9187552.4575
IZM,ICZOOM Group Inc.,NASDAQ,common,Retail Trade,3564571.504942965,187048691.000039,5.12257726726025,1194497.0000002498,,,,7874838.259
WCT,Wellchange Holdings Company Limited,NASDAQ,common,Technology Services,3187911.7620137297,172919.073453253,-41.569794607455925,-939298.037569502,,,67183.786214428,33762071.2
FXHO,UTime Limited,NASDAQ,common,Electronic Technology,2747637.687861271,34772113.0086582,44.753427242026454,-92831152.92068319,,,,14575632
SBEV,"Splash Beverage Group, Inc. (NV)",AMEX,common,Health Services,2580480,73066,-90.88126019471517,-25234834,,,6350062,20098312.601600002
BOXL,Boxlight Corporation,NASDAQ,common,Electronic Technology,1954477,109246000,-19.608809872473195,-23810000,-3721000,,41132000,517150394.31
OFAL,OFA Group,NASDAQ,common,Industrial Services,1880745,,,,,,,206397545.36
IMTE,Integrated Media Technology Limited,NASDAQ,common,Electronic Technology,1685306.617740906,71580.0000001108,18.37078930368965,-268377.00000041496,-9990,,255840.000001076,6071051.871
BBLG,Bone Biologics Corp,NASDAQ,common,Health Technology,1191229.7909330986,0,,-3108991,-2569310,,0,10020188.5
BAOS,Baosheng Media Group Holdings Limited,NASDAQ,common,Commercial Services,1166209.8423577792,568993.0000004009,-8.82793584871847,-12021649.0000085,-2263640,,730720,51583373.6
VBIO,"Valion Bio, Inc.",NASDAQ,common,Health Technology,938184.3225806453,0,,-8761000,,,17034000,30904457.914
FGL,Founder Group Limited,NASDAQ,common,Industrial Services,897624.6719367588,28186273.3318697,42.74260194168656,-1812902.27078839,,,31596821.5869887,8322391.845
